# role	lemma
given	ааво
given	аамир
given	аба
given	абабакар
given	абабакир
given	абад
given	абазер
given	абай
given	абакар
given	абакум
given	абас
given	абасали
given	абаси
given	абат
given	аббас
given	аббасали
given	аббос
given	аббяс
given	абгар
given	абдал
given	абдала
given	абдалах
given	абдалла
given	абдаллах
given	абдарахман
given	абдел
given	абделазиз
given	абделали
given	абделилах
given	абделкадер
given	абделкрим
given	абделлатиф
given	абделлах
given	абделрахман
given	абдель
given	абдель-насир
given	абдельазиз
given	абдельбасет
given	абделькабир
given	абделькадер
given	абделькарим
given	абделькрим
given	абдельмажид
given	абдельмалек
given	абдельрахим
given	абдельрахман
given	абдельсалам
given	абдельтиф
given	абдельхади
given	абдельхак
given	абдельхаким
given	абдельхалим
given	абдельхамид
given	абденби
given	абденур
given	абдерразак
given	абдерраззак
given	абдеррахим
given	абдеррахман
given	абдеррезак
given	абдеслам
given	абдессамад
given	абджалил
given	абди
given	абдибек
given	абдивали
given	абдигани
given	абдижалил
given	абдикадир
given	абдикарим
given	абдилазиз
given	абдиламит
given	абдилла
given	абдильдин
given	абдимажит
given	абдималик
given	абдин
given	абдиразак
given	абдираим
given	абдирайим
given	абдирахман
given	абдирашид
given	абдирашит
given	абдисамат
given	абдисаттор
given	абдиш
given	абдо
given	абдраим
given	абдраким
given	абдраман
given	абдрауф
given	абдрахим
given	абдрахман
given	абдрашит
given	абдрефий
given	абдрешит
given	абдряхим
given	абду
given	абдуалим
given	абдубасир
given	абдубасит
given	абдуваит
given	абдувайт
given	абдувакил
given	абдували
given	абдувахаб
given	абдувахид
given	абдувахит
given	абдугамид
given	абдугани
given	абдугапар
given	абдугаппар
given	абдугафар
given	абдугафор
given	абдугаффар
given	абдуджабор
given	абдуджалил
given	абдужабар
given	абдужаббар
given	абдужаббор
given	абдужабор
given	абдужалил
given	абдужалия
given	абдужамил
given	абдужелил
given	абдукадир
given	абдукадыр
given	абдукаим
given	абдукарим
given	абдукахор
given	абдукаюм
given	абдукерим
given	абдукибор
given	абдукодир
given	абдукодыр
given	абдул
given	абдул-азиз
given	абдул-азим
given	абдул-басир
given	абдул-гани
given	абдул-джафар
given	абдул-кадир
given	абдул-кадыр
given	абдул-камал
given	абдул-каюм
given	абдул-мажид
given	абдул-салам
given	абдул-фатах
given	абдул-хак
given	абдул-шейх
given	абдула
given	абдулабек
given	абдуладжан
given	абдулажан
given	абдулажон
given	абдулазиз
given	абдулазис
given	абдулазян
given	абдулаим
given	абдулай
given	абдулали
given	абдулалим
given	абдуламид
given	абдуламит
given	абдулан
given	абдуласир
given	абдулатив
given	абдулатиф
given	абдулах
given	абдулахад
given	абдулахай
given	абдулахан
given	абдулахат
given	абдулбаги
given	абдулбаки
given	абдулбари
given	абдулбарий
given	абдулбасир
given	абдулбасит
given	абдулбаш
given	абдулбашир
given	абдулвагаб
given	абдулвахап
given	абдулвахед
given	абдулвахоб
given	абдулвели
given	абдулгади
given	абдулгадир
given	абдулгазиз
given	абдулгамид
given	абдулгапур
given	абдулгафар
given	абдулгафур
given	абдулгусейн
given	абдулджалил
given	абдулжамил
given	абдулзагир
given	абдулка
given	абдулкадер
given	абдулкадир
given	абдулкадыр
given	абдулкаир
given	абдулкайюм
given	абдулкарам
given	абдулкарим
given	абдулкасим
given	абдулкасир
given	абдулкафар
given	абдулкаюм
given	абдулкерим
given	абдулкирим
given	абдулкодир
given	абдулл
given	абдулла
given	абдуллагаджи
given	абдуллажан
given	абдуллазиз
given	абдуллатиф
given	абдуллах
given	абдулло
given	абдулложан
given	абдулложон
given	абдулль
given	абдулмаджид
given	абдулмажид
given	абдулмажит
given	абдулмалик
given	абдулманаф
given	абдулманон
given	абдулмеджи
given	абдулмеджид
given	абдулмеджит
given	абдулмежит
given	абдулмелик
given	абдулмумин
given	абдулмурод
given	абдулмуслим
given	абдулмуталим
given	абдулмуталин
given	абдулнасир
given	абдулнетиф
given	абдуло
given	абдулпатах
given	абдулрагим
given	абдулразак
given	абдулрахман
given	абдулрашид
given	абдулсалам
given	абдулсалим
given	абдулселим
given	абдулфаз
given	абдулха
given	абдулхадир
given	абдулхадыр
given	абдулхаер
given	абдулхаир
given	абдулхай
given	абдулхайл
given	абдулхак
given	абдулхаким
given	абдулхалик
given	абдулхалим
given	абдулхамед
given	абдулхамид
given	абдулхамит
given	абдулхан
given	абдулхат
given	абдулхах
given	абдуль
given	абдульбер
given	абдульвахид
given	абдульрахман
given	абдульфаз
given	абдульхади
given	абдуляр
given	абдумаджит
given	абдумажид
given	абдумажит
given	абдумалик
given	абдуманноб
given	абдуманон
given	абдумутал
given	абдумуталип
given	абдунаби
given	абдуназар
given	абдунасир
given	абдуносир
given	абдуолим
given	абдур
given	абдурагим
given	абдуразак
given	абдураззак
given	абдуразок
given	абдураим
given	абдуракиб
given	абдураман
given	абдурасул
given	абдурауф
given	абдурафи
given	абдурахиб
given	абдурахим
given	абдурахин
given	абдурахман
given	абдурахмон
given	абдурашид
given	абдурашит
given	абдурефи
given	абдурешит
given	абдурман
given	абдурохмон
given	абдуррауф
given	абдусала
given	абдусалам
given	абдусалом
given	абдусаль
given	абдусамат
given	абдусами
given	абдусатар
given	абдусаттар
given	абдусаттор
given	абдуселим
given	абдуссатар
given	абдуссатор
given	абдухабиб
given	абдухаким
given	абдухалик
given	абдухалил
given	абдухалим
given	абдухалык
given	абдухамид
given	абдуханон
given	абдухолик
given	абды
given	абдыкаюм
given	абдылбар
given	абдылдабек
given	абдылхак
given	абед
given	абедин
given	абез
given	абел
given	абели
given	абелий
given	абель
given	абен
given	абесалом
given	абесаломи
given	абет
given	абжалол
given	абзал
given	абзалбек
given	абзалдин
given	абзалтдин
given	абзалутдин
given	абзар
given	аби
given	абиб
given	абиба
given	абибе
given	абибула
given	абибулах
given	абибулла
given	абигейль
given	абид
given	абида
given	абидат
given	абидин
given	абидула
given	абидулла
given	абидя
given	абик
given	абил
given	абилжон
given	абилий
given	абилкасим
given	абилфаз
given	абилфат
given	абилхаир
given	абиль
given	абильван
given	абильвап
given	абильда
given	абильфас
given	абильфат
given	абисал
given	абисалом
given	абит
given	абиш
given	абкадер
given	абкар
given	абкерим
given	абла
given	аблазиз
given	аблай
given	аблакул
given	аблемит
given	аблес
given	аблокул
given	абляз
given	аблязиз
given	аблязис
given	абляй
given	абляким
given	аблямид
given	аблямит
given	абляс
given	або
given	абов
given	аболфазл
given	абонид
given	абраам
given	абрагам
given	абрай
given	абрам
given	абрар
given	абрат
given	абрахам
given	абрахим
given	абрахман
given	абраш
given	абраша
given	абрашит
given	абрик
given	абрина
given	аброр
given	аброрбек
given	абросим
given	абсаид
given	абсалудин
given	абсалям
given	абсаттар
given	абселим
given	абу
given	абу-супьян
given	абу-хасан
given	абубакар
given	абубакер
given	абубакир
given	абубакр
given	абубекер
given	абубекир
given	абуд
given	абудар
given	абудин
given	абуезит
given	абузагир
given	абузар
given	абузарь
given	абузед
given	абузер
given	абузяр
given	абукар
given	абул
given	абула
given	абулгани
given	абулла
given	абулфаз
given	абулфас
given	абулфат
given	абулхасим
given	абульдер
given	абульфаз
given	абульфарз
given	абульфат
given	абумеслим
given	абумислим
given	абумуслим
given	абумуслин
given	абурашид
given	абусалам
given	абусат
given	абусупьян
given	абутали
given	абуталиб
given	абуталип
given	абуш
given	абуязит
given	абхай
given	абхиджит
given	абхинав
given	абхишек
given	абылкасым
given	абыль
given	абыт
given	абыш
given	абяс
given	ава
given	аваг
given	авагим
given	авад
given	авадий
given	аваз
given	авазбек
given	авазхан
given	авак
given	авакум
given	авамиль
given	аван
given	аванес
given	аванир
given	аванта
given	авасхон
given	ават
given	авах
given	аваханум
given	авва
given	аввакум
given	авгаил
given	авган
given	авгения
given	авгий
given	авгон
given	август
given	августа
given	августин
given	августина
given	авдал
given	авдат
given	авдей
given	авди
given	авдий
given	авдил
given	авдиш
given	авдия
given	авдо
given	авдокия
given	авдотия
given	авдотья
given	авдыш
given	авегик
given	аведик
given	аведис
given	авез
given	авел
given	авели
given	авелий
given	авелина
given	авелия
given	авель
given	авенариус
given	авенер
given	авенир
given	авентина
given	авер
given	авера
given	аверий
given	аверкий
given	аверьян
given	аверян
given	авесалом
given	авет
given	авета
given	аветик
given	аветин
given	аветис
given	авзал
given	авзаль
given	авиа
given	авиата
given	авиатта
given	авив
given	авигдор
given	авигея
given	авиета
given	авизар
given	авий
given	авик
given	авил
given	авила
given	авиль
given	авим
given	авинер
given	авинир
given	авиона
given	авис
given	авиталь
given	авиэзер
given	авиэта
given	авия
given	авксентий
given	авлевтина
given	авлександр
given	авлентин
given	авлентина
given	авлерий
given	авлина
given	авмандил
given	авни
given	аво
given	авраам
given	авралия
given	аврам
given	аврамий
given	аврел
given	аврелий
given	аврелия
given	аврик
given	аврор
given	аврора
given	авросим
given	аврум
given	авсей
given	авсентий
given	авсий
given	австафий
given	автаидил
given	автандий
given	автандил
given	автандин
given	автандия
given	автар
given	автелина
given	автендил
given	автолина
given	автондил
given	автондия
given	автоном
given	авхадий
given	авхат
given	ага-али
given	ага-мамед
given	агабаба
given	агабала
given	агабба
given	агабек
given	агавард
given	агаверди
given	агавни
given	агавник
given	агагулу
given	агагусейн
given	агагюль
given	агададаш
given	агадар
given	агадаш
given	агаддин
given	агаджан
given	агаджафар
given	агаджума
given	агадия
given	агажан
given	агаирза
given	агаисмаил
given	агай
given	агакерим
given	агакиши
given	агакши
given	агалар
given	агали
given	агалина
given	агалы
given	агалям
given	агам
given	агамалы
given	агамамед
given	агамед
given	агамерза
given	агамир
given	агамирза
given	агаммед
given	агамоглан
given	агамурад
given	агамурат
given	агамырат
given	аганез
given	аганес
given	аганета
given	аганик
given	агания
given	агап
given	агапея
given	агапи
given	агапий
given	агапия
given	агапья
given	агарагим
given	агарвал
given	агарза
given	агариза
given	агарий
given	агария
given	агарон
given	агароп
given	агарья
given	агас
given	агасад
given	агасалим
given	агасаф
given	агаси
given	агасий
given	агасин
given	агасия
given	агастан
given	агасы
given	агата
given	агафангел
given	агафена
given	агафий
given	агафия
given	агафон
given	агафья
given	агафя
given	агахан
given	агаша
given	агаширин
given	агаяр
given	агван
given	агга
given	аггей
given	аггюль
given	агдас
given	агей
given	агек
given	агелина
given	аген
given	агений
given	агер
given	агзам
given	агзамутдин
given	агзан
given	агзям
given	аги
given	агив
given	агигат
given	агида
given	агидель
given	агий
given	агик
given	агил
given	агиль
given	агиля
given	агина
given	агир
given	агираф
given	агис
given	агит
given	агита
given	агиф
given	агишин
given	агия
given	агиян
given	аглаида
given	аглар
given	аглафира
given	аглая
given	аглея
given	аглина
given	аглиулла
given	аглия
given	агля
given	аглям
given	агляметдин
given	аглямутдин
given	агмад
given	агндрей
given	агне
given	агнежка
given	агнезия
given	агнес
given	агнеса
given	агнесия
given	агнесса
given	агнессия
given	агнета
given	агнетта
given	агнеш
given	агнеша
given	агнешка
given	агнея
given	агнисия
given	агния
given	аго
given	агоп
given	агоси
given	агостино
given	агота
given	агофон
given	агофья
given	аградина
given	агран
given	аграпина
given	аграппина
given	аграфена
given	аграфения
given	аграфина
given	аграфинья
given	аграфья
given	агренина
given	агрепена
given	агрепина
given	агреппина
given	агрес
given	агретина
given	агрефена
given	агрефина
given	агринина
given	агрипена
given	агрипина
given	агрипинна
given	агриппина
given	агрис
given	агрифена
given	агрифина
given	агропина
given	агрофена
given	агрофина
given	агубе
given	агубекир
given	агудас
given	агун
given	агунда
given	агуник
given	агурий
given	агустина
given	агфия
given	агха
given	агшин
given	ада
given	адаида
given	адаил
given	адаиль
given	адай
given	адалаида
given	адалар
given	адалат
given	адалет
given	адалий
given	адалина
given	адалия
given	адаль
given	адальберт
given	адальфина
given	адаля
given	адалят
given	адам
given	адамбай
given	адамур
given	адан
given	аданис
given	адапет
given	адар
given	адарья
given	адас
given	адась
given	адбуллах
given	адвард
given	адварт
given	адгам
given	адган
given	адгар
given	адгезал
given	адгем
given	адди
given	адеалина
given	адеина
given	адейля
given	адексей
given	адел
given	адела
given	аделаида
given	аделаина
given	аделайда
given	аделанда
given	адели
given	аделиада
given	аделида
given	аделий
given	аделин
given	аделина
given	аделия
given	аделка
given	аделла
given	аделоида
given	адель
given	адельвина
given	адельгейда
given	адельжан
given	адельзян
given	адельмина
given	адельмурзин
given	адельфина
given	адельхан
given	адельша
given	адельшан
given	аделья
given	адем
given	адемей
given	адемия
given	адена
given	адерми
given	адерша
given	адес
given	адехам
given	адеш
given	адея
given	аджай
given	аджам
given	аджар
given	аджат
given	аджей
given	аджер
given	аджи
given	аджимир
given	аджимурат
given	аджире
given	аджит
given	аджихалил
given	аджмал
given	ади
given	адиалида
given	адиан
given	адиб
given	адиба
given	адибек
given	адибя
given	адигам
given	адигар
given	адигезал
given	адигозал
given	адие
given	адиз
given	адий
given	адик
given	адил
given	адил-оглы
given	адила
given	адилага
given	адилаида
given	адилбек
given	адилджан
given	адиле
given	адилжан
given	адилжон
given	адилина
given	адилия
given	адилкан
given	адилхан
given	адилшах
given	адиль
given	адиль-гирей
given	адильбек
given	адильгирей
given	адильжан
given	адильхан
given	адилья
given	адилэ
given	адим
given	адимир
given	адин
given	адина
given	адине
given	адинжан
given	адиня
given	адип
given	адипхан
given	адир
given	адис
given	адиса
given	адисей
given	адислав
given	адит
given	адиф
given	адиширин
given	адия
given	адиятулла
given	адл
given	адлан
given	адли
given	адлифа
given	адлифе
given	адлифя
given	адлы
given	адман
given	адмила
given	адмия
given	аднан
given	адолаида
given	адолат
given	адолет
given	адолий
given	адолик
given	адолина
given	адолф
given	адоль
given	адольф
given	адольфас
given	адольфина
given	адоля
given	адолят
given	адомас
given	адон
given	адрей
given	адри
given	адриада
given	адриан
given	адриана
given	адрианна
given	адриано
given	адрианус
given	адриен
given	адрина
given	адрине
given	адринэ
given	адриян
given	адрияна
given	аду
given	адула
given	адулкадер
given	адурахман
given	адхам
given	адхамжан
given	адхамжон
given	ады
given	адыбек
given	адый
given	адыл
given	адылжан
given	адыль
given	адыля
given	адым
given	адып
given	адыр
given	адыхам
given	адыхан
given	адьгам
given	адья
given	адьяа
given	адьям
given	адьян
given	адэл
given	адэла
given	адэлина
given	адэлия
given	адэлла
given	адэль
given	адэля
given	аеатолий
given	аедрей
given	аежела
given	аежелика
given	аелита
given	аера
given	аета
given	ажа
given	ажай
given	ажар
given	ажаркуль
given	аждаак
given	аждар
given	ажейран
given	ажела
given	ажелика
given	ажелина
given	ажемак
given	ажим
given	ажиря
given	ажмамбет
given	аза
given	азад
given	азада
given	азадахан
given	азади
given	азадун
given	азазелло
given	азаида
given	азай
given	азал
given	азалий
given	азалина
given	азалхан
given	азалшо
given	азам
given	азамат
given	азаматжон
given	азамбай
given	азамджон
given	азамет
given	азамжан
given	азамжон
given	азар
given	азари
given	азарий
given	азарина
given	азария
given	азаря
given	азат
given	азатан
given	азатбай
given	азатуи
given	азатхан
given	азаухан
given	азаф
given	азгам
given	азгануш
given	азгар
given	азгат
given	азгуш
given	азе
given	азеддин
given	азелла
given	азель
given	азем
given	аземет
given	азер
given	азетта
given	азза
given	аззам
given	ази
given	азида
given	азиев
given	азиз
given	азиза
given	азизага
given	азизами
given	азизахан
given	азизахон
given	азизбек
given	азизгюль
given	азизе
given	азизжон
given	азизилла
given	азизкул
given	азизула
given	азизулла
given	азизулло
given	азизхон
given	азизя
given	азик
given	азилия
given	азиля
given	азим
given	азима
given	азимбай
given	азимджан
given	азимджон
given	азиме
given	азимжан
given	азимхан
given	азимшо
given	азина
given	азир
given	азис
given	азиса
given	азит
given	азман
given	азмат
given	азмет
given	азми
given	азнаур
given	азнаф
given	азнив
given	азниф
given	азныв
given	азо
given	азода
given	азольда
given	азомат
given	азор
given	азрет
given	азрет-али
given	азриель
given	азриль
given	азриэль
given	азулла
given	азучена
given	азхар
given	азым
given	азэр
given	азя
given	азяр
given	аиана
given	аиваз
given	аивар
given	аивир
given	аигуль
given	аида
given	аидер
given	аиди
given	аидын
given	аиза
given	аизор
given	аий
given	аик
given	аиказ
given	аиктор
given	аила
given	аилаз
given	аилина
given	аилита
given	аилия
given	аиман
given	аин
given	аина
given	аинарс
given	аини
given	аинна
given	аира
given	аис
given	аиса
given	аисер
given	аисия
given	аислу
given	аися
given	аит
given	аита
given	аитбай
given	аитонина
given	аиша
given	айар
given	айарпи
given	айасер
given	айастан
given	айбала
given	айбаниз
given	айбар
given	айбек
given	айбениз
given	айбика
given	айбулат
given	айваз
given	айвар
given	айварас
given	айварс
given	айвас
given	айвенго
given	айвиз
given	айвик
given	айвика
given	айво
given	айгаз
given	айгануш
given	айгар
given	айгарс
given	айгерим
given	айгин
given	айгозель
given	айгуб
given	айгул
given	айгуль
given	айгуля
given	айгун
given	айгуш
given	айгюль
given	айгюн
given	айгюнь
given	айдамир
given	айдан
given	айдана
given	айдар
given	айдарали
given	айдарбек
given	айдархан
given	айдас
given	айде
given	айдемир
given	айден
given	айдер
given	айджамал
given	айджан
given	айджемал
given	айдимир
given	айдин
given	айдина
given	айдинбек
given	айдир
given	айдоган
given	айдогды
given	айдос
given	айдук
given	айдум
given	айдун
given	айдык
given	айдым
given	айдын
given	айдынбек
given	айдып
given	айдыр
given	айед
given	айер
given	айжамал
given	айжан
given	айжанна
given	айза
given	айзада
given	айзан
given	айзанат
given	айзат
given	айзер
given	айзик
given	айзудин
given	айзык
given	айисат
given	айишат
given	айк
given	айка
given	айказ
given	айказун
given	айкай
given	айкандухт
given	айкануш
given	айкарам
given	айкаран
given	айкас
given	айкиз
given	айко
given	айкуи
given	айкун
given	айкут
given	айкуш
given	айкюн
given	айкюнь
given	айла
given	айлаз
given	айле
given	айлен
given	айли
given	айлин
given	айлинь
given	айлиса
given	айлита
given	айма
given	айман
given	аймани
given	аймара
given	айме
given	аймен
given	аймер
given	аймира
given	аймисей
given	айн
given	айна
given	айнагул
given	айнагуль
given	айнагюль
given	айнар
given	айнара
given	айнарс
given	айнас
given	айнаш
given	айнди
given	айне
given	айнель
given	айнер
given	айни
given	айниддин
given	айнидин
given	айнижан
given	айниса
given	айнитдин
given	айно
given	айнора
given	айнуддин
given	айнудин
given	айнул
given	айнула
given	айнулла
given	айнур
given	айнура
given	айнуре
given	айнутдин
given	айня
given	айо
given	айоделе
given	айпара
given	айразат
given	айранет
given	айрапет
given	айрат
given	айрес
given	айрик
given	айрис
given	айро
given	айса
given	айсана
given	айсар
given	айсара
given	айсарат
given	айседора
given	айсел
given	айселу
given	айсель
given	айсен
given	айсер
given	айсилу
given	айсла
given	айслу
given	айстан
given	айсу
given	айсула
given	айсулу
given	айсылу
given	айсын
given	айся
given	айсяу
given	айта
given	айтакин
given	айтан
given	айтач
given	айте
given	айтек
given	айтемир
given	айтень
given	айтжан
given	айткали
given	айтмамат
given	айтмухамед
given	айтпай
given	айтуган
given	айтэн
given	айтян
given	айфер
given	айхал
given	айхам
given	айхан
given	айхуа
given	айхун
given	айцемник
given	айчан
given	айчжун
given	айша
given	айшан
given	айшат
given	айшахан
given	айшахон
given	айше
given	айшет
given	айши
given	айще
given	айыг
given	айюб
given	айюба
given	айя
given	айяд
given	айян
given	айяр
given	айят
given	ак-бозат
given	акабир
given	акав
given	акад
given	акадий
given	акайим
given	акакий
given	акари
given	акатерина
given	акаш
given	акбал
given	акбала
given	акбар
given	акбарали
given	акбари
given	акбархан
given	акбаршо
given	акбек
given	акбер
given	акбир
given	акбулат
given	аквер
given	аквилина
given	акгуль
given	акдяс
given	акел
given	акелина
given	акендин
given	акерке
given	акзам
given	акзиба
given	аки
given	акив
given	акива
given	акий
given	акил
given	акиле
given	акилина
given	акиль
given	акиля
given	аким
given	акима
given	акимбек
given	акимджан
given	акиме
given	акимжан
given	акимжон
given	акина
given	акиндин
given	акинола
given	акинор
given	акинф
given	акинфий
given	акио
given	акип
given	акир
given	акиф
given	акифа
given	акйол
given	аккакий
given	аккали
given	акки
given	акку
given	аккулина
given	акли
given	аклилу
given	аклима
given	аклиме
given	аклимя
given	аклина
given	акм
given	акмал
given	акмалжан
given	акмалжон
given	акмаль
given	акмарал
given	акмурад
given	акмурат
given	ако
given	акоб
given	акобир
given	акон
given	акоп
given	акопик
given	акош
given	акпар
given	акпер
given	акрам
given	акрамбек
given	акрамджан
given	акрамжан
given	акрамжон
given	акрамзон
given	акрамутдин
given	акрамхон
given	акрамхужа
given	акрем
given	акром
given	акромжон
given	акрям
given	аксан
given	аксана
given	аксандр
given	аксания
given	аксел
given	аксель
given	аксена
given	аксений
given	аксения
given	аксентий
given	аксенья
given	аксеня
given	аксина
given	аксиния
given	аксинья
given	акслу
given	аксона
given	аксюта
given	аксён
given	актав
given	актавиан
given	актавий
given	актавия
given	актам
given	актар
given	актебрина
given	актем
given	актовиан
given	акулина
given	акушеван
given	акхил
given	акхилеш
given	акчура
given	акшин
given	акы
given	акылбек
given	акыр
given	ал-дра
given	ала
given	алаа
given	алаббас
given	алаберген
given	алаберды
given	алавдин
given	алави
given	алавсат
given	алагар
given	аладар
given	аладин
given	алаеддин
given	алаз
given	алаида
given	алаиза
given	алай
given	алайбек
given	алакбер
given	алаксандра
given	алам
given	аламан
given	аламгир
given	аламдар
given	аламзар
given	алан
given	алана
given	аланазар
given	аланбек
given	аландар
given	аландин
given	аланна
given	алантина
given	алар
given	аласкар
given	алауди
given	алаудин
given	алаутдин
given	алафия
given	алахверди
given	алахверды
given	алахмед
given	алачка
given	алашраф
given	алаяр
given	албала
given	албберт
given	алббина
given	албег
given	албек
given	алберт
given	албик
given	албин
given	албина
given	албир
given	албури
given	албфия
given	алван
given	алвар
given	алвара
given	алвард
given	алварда
given	алваро
given	алварт
given	алверт
given	алвиан
given	алвида
given	алвик
given	алвин
given	алвина
given	алвира
given	алвис
given	алвиян
given	алгам
given	алгасан
given	алгат
given	алгимантас
given	алгина
given	алгирдас
given	алгис
given	алда
given	алдаберген
given	алдам
given	алдар
given	алдина
given	алдис
given	алдияр
given	алдона
given	алдуз
given	але
given	алеан
given	алеана
given	алебарцум
given	алев
given	алева
given	алевтана
given	алевтин
given	алевтина
given	алег
given	алегр
given	алегтина
given	аледдин
given	аледи
given	аледин
given	аледия
given	алеександр
given	алезий
given	алезия
given	алеина
given	алей
given	алейза
given	алек
given	алекан
given	алекандр
given	алекандра
given	алекбар
given	алекбер
given	алекей
given	алеко
given	алекпер
given	алекс
given	алекса
given	алексагдр
given	алексаедра
given	алексай
given	алексан
given	алексана
given	александ
given	александара
given	александер
given	александо
given	александор
given	александр
given	александра
given	александрас
given	александрина
given	александрия
given	александрос
given	александэр
given	алексанедра
given	алексанжр
given	алексанлра
given	алексанр
given	алексанра
given	алексас
given	алексе
given	алексей
given	алексен
given	алексенд
given	алексендр
given	алексер
given	алексец
given	алекси
given	алексид
given	алексий
given	алексина
given	алексис
given	алексия
given	алексндр
given	алексса
given	алекстина
given	алексчандр
given	алектин
given	алектина
given	алектион
given	алеку
given	алекшер
given	алелия
given	алем
given	алемайеху
given	алемпиада
given	алемпий
given	алемпина
given	ален
given	аленна
given	алентий
given	алентин
given	алентина
given	алеодор
given	алеонор
given	алеонора
given	алеортина
given	алерий
given	алерина
given	алерия
given	алеса
given	алесандр
given	алесандра
given	алесей
given	алесия
given	алескандр
given	алескандра
given	алескар
given	алескер
given	алессандро
given	алессио
given	алестина
given	алесь
given	алесья
given	алеся
given	алет
given	алета
given	алетдин
given	алетина
given	алетта
given	алеу
given	алеуксандр
given	алефина
given	алефира
given	алефтин
given	алефтина
given	алех
given	алехан
given	алехандра
given	алехандро
given	алехон
given	алехтина
given	алечка
given	алеш
given	алея
given	алжана
given	алжанат
given	алжанбек
given	алжбета
given	али
given	али-аскар
given	али-аскер
given	али-бек
given	али-султан
given	алиа
given	алиаббас
given	алиага
given	алиада
given	алиадин
given	алиакбар
given	алиакбер
given	алиакпер
given	алиакрам
given	алиан
given	алиана
given	алиар
given	алиаскер
given	алиасхаб
given	алиата
given	алиахмад
given	алиахмед
given	алиаш
given	алиб
given	алибаба
given	алибай
given	алибайрам
given	алибала
given	алибег
given	алибей
given	алибек
given	алибулат
given	алив
given	аливерди
given	аливиан
given	аливия
given	аливтин
given	аливтина
given	алигаджи
given	алиган
given	алигасан
given	алигейдар
given	алигузу
given	алигулу
given	алигусейн
given	алид
given	алида
given	алидан
given	алидар
given	алиде
given	алидер
given	алиджан
given	алиджон
given	алидин
given	алидия
given	алидэ
given	алие
given	алижан
given	алижон
given	ализ
given	ализа
given	ализада
given	ализаде
given	ализаман
given	ализамин
given	ализар
given	ализе
given	ализор
given	алии
given	алий
given	алик
given	алика
given	аликан
given	аликанида
given	аликара
given	аликбер
given	аликер
given	аликерим
given	алики
given	алико
given	аликпер
given	аликрам
given	аликс
given	аликсан
given	аликсей
given	аликтина
given	аликул
given	аликулу
given	аликушад
given	аликшер
given	алил
given	алили
given	алим
given	алим-абдул
given	алима
given	алимагамед
given	алимагомед
given	алимаджан
given	алимамед
given	алиман
given	алимардан
given	алимат
given	алимахмад
given	алимбай
given	алимбек
given	алимгерей
given	алимджан
given	алимджон
given	алиме
given	алимер
given	алимерден
given	алимерза
given	алимет
given	алимжа
given	алимжан
given	алимжон
given	алимзян
given	алимир
given	алимирза
given	алимма
given	алимпаша
given	алимпиа
given	алимпиада
given	алимпий
given	алимпина
given	алимпия
given	алимсолтан
given	алимсултан
given	алимурад
given	алимурат
given	алимус
given	алимухтар
given	алимхажи
given	алимхан
given	алимхон
given	алимя
given	алин
given	алина
given	алиназар
given	алинар
given	алинат
given	алинда
given	алине
given	алиния
given	алинияз
given	алинна
given	алинтин
given	алинтина
given	алинэ
given	алиона
given	алионора
given	алиот
given	алип
given	алипа
given	алипаша
given	алипий
given	алира
given	алиреза
given	алирза
given	алириза
given	алиса
given	алисаг
given	алисалам
given	алисафа
given	алисахиб
given	алисе
given	алисейран
given	алисий
given	алисия
given	алискендар
given	алискер
given	алислав
given	алислам
given	алисо
given	алисон
given	алисса
given	алиста
given	алистарф
given	алистер
given	алистина
given	алистрат
given	алистрахо
given	алисултан
given	алисхан
given	алит
given	алита
given	алитдин
given	алитер
given	алитет
given	алитжан
given	алития
given	алитта
given	алиу
given	алиула
given	алиулла
given	алиф
given	алифа
given	алифага
given	алифат
given	алифе
given	алифенди
given	алифер
given	алиферий
given	алифия
given	алифтин
given	алифтина
given	алифхан
given	алифя
given	алих
given	алихам
given	алихан
given	алихасан
given	алихман
given	алихмед
given	алихон
given	алица
given	алице
given	алиция
given	алич
given	аличубан
given	алиш
given	алиша
given	алишан
given	алише
given	алишев
given	алишер
given	алишир
given	алищер
given	алию
given	алиюла
given	алиюсиф
given	алия
given	алияддин
given	алиякбяр
given	алиям
given	алияна
given	алияр
given	алказар
given	алкан
given	алкен
given	алкет
given	алкивиад
given	алкиноя
given	алкис
given	алкиши
given	алксандра
given	алкснис
given	алкун
given	алл
given	алла
given	аллаберген
given	аллаберди
given	алладин
given	алладурды
given	аллаз
given	аллаида
given	аллак
given	аллакулы
given	аллал
given	алламурад
given	алламурат
given	аллан
given	алланазар
given	аллар
given	аллахверди
given	аллахверды
given	аллахяр
given	аллаяр
given	алле
given	аллевтина
given	аллен
given	аллентина
given	аллефтина
given	алли
given	аллий
given	аллик
given	аллим
given	аллина
given	аллиса
given	аллия
given	аллоиза
given	аллям
given	алляметдин
given	аллямша
given	алма
given	алмабика
given	алмагуль
given	алмажан
given	алмазия
given	алмамбет
given	алман
given	алмара
given	алмас
given	алмасбек
given	алмаст
given	алмасхан
given	алмат
given	алме
given	алмира
given	алмирза
given	ална
given	алнис
given	ало
given	аловат
given	аловсат
given	алоександр
given	алоида
given	алоиз
given	алоиза
given	алоизас
given	алоизий
given	алоизия
given	алоис
given	алойз
given	алойс
given	алок
given	алом
given	аломат
given	алон
given	алона
given	алорина
given	алория
given	алосат
given	алоу
given	алочка
given	алпарслан
given	алпаслан
given	алпаша
given	алпдимир
given	алпер
given	алпиина
given	алпина
given	алпыспай
given	алсафа
given	алсу
given	алта
given	алтана
given	алтар
given	алти
given	алтнай
given	алтун
given	алты
given	алтыбай
given	алтына
given	алтынай
given	алтынбек
given	алтынгуль
given	алтынкуль
given	алу
given	алуа
given	алуда
given	алуиза
given	алуксандр
given	алура
given	алф
given	алфа
given	алфат
given	алфей
given	алфес
given	алфея
given	алфида
given	алфие
given	алфиза
given	алфий
given	алфим
given	алфина
given	алфинур
given	алфир
given	алфира
given	алфиса
given	алфия
given	алфонс
given	алфонсас
given	алфонсус
given	алфред
given	алфрида
given	алфрит
given	алхаддин
given	алхазур
given	алхам
given	алхан
given	алхас
given	алхат
given	алшир
given	алы
given	алыгджер
given	алым
given	алымбек
given	алышан
given	альбарт
given	альбац
given	альбек
given	альбена
given	альбер
given	альбера
given	альберд
given	альберина
given	альберт
given	альбертас
given	альбертин
given	альбертина
given	альберто
given	альбертс
given	альбетр
given	альбида
given	альбий
given	альбин
given	альбина
given	альбинас
given	альбинур
given	альбинус
given	альбира
given	альбирина
given	альбирт
given	альбита
given	альбия
given	альбо
given	альбона
given	альбрехт
given	альбяртас
given	альва
given	альвара
given	альвард
given	альварес
given	альварт
given	альвентина
given	альвер
given	альвера
given	альверт
given	альвета
given	альви
given	альвиан
given	альвиана
given	альвида
given	альвидас
given	альвиль
given	альвин
given	альвина
given	альвион
given	альвир
given	альвира
given	альвирт
given	альвита
given	альвия
given	альвиян
given	альга
given	альгерд
given	альгердас
given	альгерт
given	альгидас
given	альгидрас
given	альгиманта
given	альгимантас
given	альгимонтас
given	альгина
given	альгинат
given	альгирдас
given	альгис
given	альда
given	альдер
given	альдин
given	альдия
given	альдо
given	альдон
given	альдона
given	алье
given	альжанат
given	альжбета
given	альзам
given	альзира
given	альина
given	алька
given	алькен
given	альмаз
given	альмар
given	альмара
given	альме
given	альмер
given	альмида
given	альмина
given	альминур
given	альмир
given	альмира
given	альмухамет
given	альна
given	альнур
given	альнура
given	альона
given	альория
given	альп
given	альпер
given	альпида
given	альпина
given	альсина
given	альсия
given	альтана
given	альтаф
given	альтер
given	альтина
given	альтус
given	альтюс
given	альф
given	альфад
given	альфан
given	альфанис
given	альфарид
given	альфат
given	альфед
given	альфей
given	альфер
given	альфера
given	альферт
given	альфет
given	альфея
given	альфиа
given	альфида
given	альфие
given	альфиза
given	альфий
given	альфик
given	альфин
given	альфина
given	альфинор
given	альфинора
given	альфинур
given	альфинура
given	альфио
given	альфир
given	альфира
given	альфис
given	альфиса
given	альфит
given	альфитина
given	альфия
given	альфон
given	альфонас
given	альфонос
given	альфонс
given	альфонса
given	альфонсас
given	альфонсина
given	альфонсо
given	альфонсос
given	альфонсус
given	альфред
given	альфреда
given	альфредас
given	альфредия
given	альфредо
given	альфрет
given	альфрид
given	альфрида
given	альфрит
given	альхадж
given	альхалаби
given	альхат
given	альхия
given	альциона
given	альчис
given	альшер
given	альшмантас
given	алья
given	альяна
given	альяр
given	альяс
given	алэн
given	алюбина
given	алюс
given	алюсия
given	алюся
given	алюта
given	алютина
given	аля
given	аляддин
given	алядин
given	аляз
given	аляксас
given	алямдин
given	алямша
given	алян
given	аляна
given	аляр
given	аляра
given	алят
given	алёна
given	алёнка
given	алёнушка
given	алёша
given	алёшка
given	амад
given	амада
given	амадео
given	амаду
given	амазас
given	амазасп
given	амаида
given	амаил
given	амай
given	амалиа
given	амалик
given	амалия
given	амаль
given	амаля
given	аман
given	аман-гельды
given	аманбай
given	аманбек
given	амангалды
given	амангелди
given	амангельди
given	амангельды
given	амангуль
given	аманда
given	аманджон
given	амандий
given	амандип
given	амандурды
given	амандык
given	аманжол
given	аманилди
given	амания
given	аманкелды
given	аманкос
given	аманкул
given	аманкуль
given	аманмурад
given	аманмурат
given	амантай
given	амануил
given	аманула
given	аманулла
given	аманулло
given	амануло
given	аманяз
given	амар
given	амара
given	амарбий
given	амарджит
given	амардип
given	амардит
given	амареш
given	амасий
given	амаспюр
given	амася
given	аматулла
given	амаяк
given	амаян
given	амб
given	амбарум
given	амбарцум
given	амбе
given	амброс
given	амбросий
given	амвер
given	амвир
given	амвросий
given	амгалан
given	амджад
given	амджед
given	амед
given	амеджан
given	амела
given	амели
given	амель
given	амеля
given	амена
given	аменат
given	амения
given	аменя
given	амер
given	амеран
given	амерулла
given	амерхан
given	амест
given	амет
given	амет-хан
given	аметхан
given	амжад
given	амза
given	ами
given	амида
given	амиде
given	амик
given	амико
given	амила
given	амилия
given	амиль
given	амильда
given	амиля
given	амим
given	амин
given	аминад
given	аминат
given	аминбай
given	амине
given	аминет
given	амини
given	аминия
given	аминул
given	аминя
given	аминя-хан
given	амир
given	амир-али
given	амира
given	амирага
given	амирак
given	амирали
given	амирам
given	амиран
given	амирана
given	амирани
given	амираслан
given	амират
given	амирах
given	амирахмед
given	амирбек
given	амиргамза
given	амирджан
given	амирджон
given	амиржан
given	амирза
given	амирзан
given	амиридон
given	амирин
given	амиркан
given	амирон
given	амирослан
given	амирсултан
given	амирулла
given	амируш
given	амирхан
given	амирхон
given	амирхоссейн
given	амирша
given	амиршах
given	амиршо
given	амирьян
given	амирян
given	амит
given	амитабх
given	амитава
given	амить
given	амлет
given	амма
given	аммар
given	амми
given	амна
given	амнат
given	амнерис
given	амний
given	амнон
given	амо
given	амоля
given	амон
given	амонулло
given	амор
given	амос
given	амояк
given	амплей
given	амплий
given	амра
given	амраг
given	амрали
given	амрам
given	амран
given	амраслан
given	амрастан
given	амрах
given	амре
given	амрендра
given	амри
given	амриддин
given	амридин
given	амрик
given	амрия
given	амро
given	амросий
given	амрула
given	амрулла
given	амруллах
given	амрулло
given	аму
given	амурбек
given	амурби
given	амурбий
given	амурла
given	амурхан
given	амуш
given	амфия
given	амырхан
given	анабиби
given	анав
given	анагид
given	анагит
given	анад
given	анаид
given	анаида
given	анаис
given	анаит
given	анаита
given	анайда
given	анайт
given	анакий
given	анакреон
given	аналий
given	аналина
given	аналия
given	аналолий
given	аналя
given	анан
given	ананд
given	анани
given	ананий
given	ананик
given	ананин
given	анания
given	анант
given	ананта
given	анаотлий
given	анапстасия
given	анар
given	анара
given	анарбай
given	анарбек
given	анарей
given	анарий
given	анарик
given	анас
given	анасия
given	анасс
given	анаста
given	анастазий
given	анастазия
given	анастаися
given	анасталия
given	анастамия
given	анастания
given	анастансия
given	анастас
given	анастасиия
given	анастасий
given	анастасия
given	анастасья
given	анастация
given	анастия
given	анастосия
given	анасья
given	анат
given	анаталий
given	анаталия
given	анаталья
given	анатасия
given	анатилий
given	анатлий
given	анатлья
given	анатодий
given	анатодлий
given	анатой
given	анатоли
given	анатолий
given	анатолин
given	анатолина
given	анатолис
given	анатолия
given	анатоль
given	анатон
given	анатоний
given	анатонина
given	анатрлий
given	анатсасия
given	анафий
given	анафис
given	анафия
given	анаханум
given	анбар
given	анбер
given	анвар
given	анвара
given	анварбек
given	анварбик
given	анварджан
given	анваржан
given	анваржон
given	анвария
given	анварпаша
given	анварша
given	анварь
given	анвел
given	анвер
given	анвербек
given	анвербик
given	анвир
given	анвтолий
given	анвэр
given	анвэрь
given	анвяр
given	анвярь
given	анга
given	ангалина
given	ангам
given	ангела
given	ангеле
given	ангелий
given	ангелина
given	ангелия
given	ангельна
given	ангельсина
given	ангеля
given	ангил
given	ангилина
given	ангиса
given	ангия
given	англина
given	англиса
given	ангон
given	анда
given	андар
given	андежда
given	андей
given	анден
given	андерс
given	анджей
given	анджела
given	анджелика
given	анджелина
given	анджелита
given	анджелия
given	анджелла
given	анджело
given	анджий
given	анджрей
given	андзор
given	анди
given	андиан
given	андий
given	андин
given	андия
given	андо
given	андон
given	андор
given	андорей
given	андори
given	андпей
given	андра
given	андраде
given	андранек
given	андраник
given	андранин
given	андранник
given	андрас
given	андраш
given	андре
given	андреа
given	андреан
given	андреана
given	андреас
given	андрев
given	андреи
given	андрей
given	андрейс
given	андрейц
given	андреник
given	андрес
given	андреюс
given	андреян
given	андри
given	андриа
given	андриан
given	андриана
given	андрианик
given	андрианна
given	андриано
given	андриас
given	андриен
given	андриеш
given	андрий
given	андрик
given	андрине
given	андрион
given	андрис
given	андрия
given	андриян
given	андрияна
given	андро
given	андромеда
given	андрон
given	андроний
given	андроник
given	андроника
given	андрош
given	андрус
given	андруш
given	андрюс
given	андрюха
given	андрюша
given	андрюшка
given	андтей
given	анеза
given	анезия
given	аней
given	анект
given	анел
given	анела
given	анеле
given	анели
given	анелина
given	анелия
given	анелла
given	анелли
given	анеллина
given	анеллия
given	анелля
given	анель
given	анелька
given	анелья
given	анеля
given	анемаиса
given	анемподист
given	анена
given	анер
given	анес
given	анеса
given	анесса
given	анестис
given	анета
given	анетта
given	анечка
given	анжала
given	анжана
given	анжей
given	анжел
given	анжела
given	анжели
given	анжелика
given	анжелин
given	анжелина
given	анжелита
given	анжелия
given	анжелла
given	анжеллика
given	анжело
given	анжель
given	анжеля
given	анжи
given	анжик
given	анжилика
given	анжилина
given	анжрей
given	анжэла
given	анжэлика
given	анзар
given	анзаур
given	анзельм
given	анзельма
given	анзельмас
given	анзима
given	анзира
given	анзират
given	анзия
given	анзов
given	анзор
given	анзори
given	анзорий
given	анзур
given	анзурат
given	ани
given	аниа
given	анивас
given	анида
given	ание
given	аниза
given	анизе
given	аний
given	аник
given	аника
given	аникей
given	аникий
given	анико
given	анил
given	анила
given	анилина
given	анилия
given	аниль
given	анилья
given	аниля
given	анимаиса
given	аниман
given	аниманиса
given	анин
given	анина
given	анинеля
given	анинья
given	анионина
given	анип
given	анира
given	анирудх
given	анис
given	аниса
given	анисат
given	анисела
given	анисий
given	анисим
given	анисима
given	анисия
given	аниска
given	анислав
given	анисуззаман
given	анисур
given	анисья
given	анисэ
given	анися
given	анит
given	анита
given	аниф
given	анифа
given	анифе
given	аница
given	аницета
given	аницетас
given	аничка
given	аниш
given	анишка
given	анишоара
given	аният
given	анка
given	анкин
given	анкит
given	анко
given	анкур
given	анман
given	анмар
given	анна
given	аннабелла
given	аннаберды
given	аннагельды
given	аннаги
given	аннагуль
given	анназар
given	аннаид
given	аннаида
given	аннаит
given	аннамария
given	аннамурад
given	аннамухаммет
given	аннамырат
given	аннаний
given	аннарий
given	аннасахат
given	анне
given	аннели
given	аннелина
given	аннелия
given	аннель
given	аннеля
given	аннемари
given	аннеса
given	аннет
given	аннета
given	аннетта
given	анни
given	анник
given	анника
given	аннина
given	анниса
given	аннита
given	аннман
given	анно
given	аннуш
given	аннушка
given	аннэ
given	аннэта
given	ано
given	ановар
given	аноид
given	аноида
given	аноит
given	анолий
given	анолинария
given	анон
given	анонила
given	анонина
given	анонна
given	анор
given	анора
given	анорбай
given	анориса
given	анория
given	анорхал
given	анорхон
given	аностасия
given	анраник
given	анрей
given	анри
given	анрик
given	анрис
given	анс
given	ансар
given	ансари
given	ансаф
given	ансер
given	анслем
given	ансур
given	антал
given	анталия
given	антан
given	антанас
given	антанида
given	антанина
given	антанос
given	антар
given	антарам
given	антела
given	антелика
given	антелина
given	антепа
given	антея
given	анти
given	антига
given	антигона
given	антий
given	антико
given	антимоз
given	антин
given	антина
given	антинина
given	антиноген
given	антип
given	антипий
given	антиса
given	антнонина
given	антоанета
given	антое
given	антол
given	антолий
given	антолина
given	антомида
given	антон
given	антонандр
given	антонас
given	антонг
given	антонелла
given	антонета
given	антонетта
given	антони
given	антониа
given	антониан
given	антониана
given	антонига
given	антонид
given	антонида
given	антоний
given	антоника
given	антонин
given	антонина
given	антонинда
given	антонио
given	антониос
given	антонита
given	антониус
given	антония
given	антонна
given	антоно
given	антонона
given	антонос
given	антос
given	антось
given	антося
given	антошка
given	антра
given	антраник
given	антроп
given	антс
given	антуан
given	антуанета
given	антуанетта
given	антуаннета
given	антун
given	антуш
given	ануар
given	ануарбек
given	анудж
given	ануза
given	анузя
given	анула
given	анум
given	ануп
given	анупам
given	анур
given	анура
given	анураг
given	ануся
given	анута
given	ануфрий
given	ануш
given	ануша
given	анушаван
given	анушван
given	анушеван
given	анушик
given	анушка
given	анушован
given	анфа
given	анфар
given	анфея
given	анфиза
given	анфизия
given	анфил
given	анфила
given	анфилофий
given	анфим
given	анфин
given	анфина
given	анфиноген
given	анфир
given	анфира
given	анфис
given	анфиса
given	анфисия
given	анфися
given	анфия
given	анфула
given	анфуса
given	анфусья
given	анх
given	анхар
given	анхел
given	анхела
given	анхелика
given	анхелита
given	анхим
given	анчел
given	анша
given	анше
given	аны
given	аным
given	аньвяр
given	анье
given	аньес
given	анька
given	аньци
given	анья
given	анэли
given	анэлина
given	анэлия
given	анэля
given	анэта
given	анюса
given	анюта
given	аня
given	аод
given	аорет
given	апалинария
given	апалон
given	апанасия
given	апанди
given	апас
given	апелагея
given	апелия
given	апет
given	апетнак
given	апилина
given	апим
given	аполения
given	аполина
given	аполинарий
given	аполинария
given	аполинарья
given	аполлинарий
given	аполлинария
given	аполлон
given	аполлоний
given	аполлония
given	аполон
given	аполоний
given	аполония
given	аполос
given	аппаз
given	аппалинария
given	аппас
given	апполина
given	апполинар
given	апполинара
given	апполинарий
given	апполинария
given	апполинарья
given	апполон
given	апполоний
given	апполония
given	апрелина
given	апрес
given	апсилий
given	апсу
given	апти
given	апфия
given	арабелла
given	арабхан
given	аравел
given	аравик
given	аравиль
given	арадий
given	араз
given	аразгуль
given	арази
given	аразик
given	аразмурат
given	аразхан
given	араида
given	араик
given	араика
given	араин
given	арай
given	арайик
given	арайк
given	арайр
given	аракел
given	аракса
given	аракси
given	араксил
given	араксия
given	аракся
given	арам
given	арамаис
given	арамайс
given	араманс
given	арамбий
given	арамик
given	арамис
given	аран
given	аранка
given	арапат
given	арара
given	арарад
given	арараш
given	арас
given	арасдун
given	арастун
given	араступ
given	арасул
given	аратолий
given	аратюн
given	араш
given	арбак
given	арберт
given	арбертина
given	арби
given	арбик
given	арбина
given	арбият
given	арбухан
given	арвед
given	арвелод
given	арви
given	арвид
given	арвидас
given	арвин
given	арвинд
given	арвис
given	арвит
given	арво
given	аргам
given	арген
given	аргент
given	аргента
given	аргил
given	аргина
given	аргине
given	аргира
given	аргишти
given	аргишты
given	аргур
given	ард
given	ардаваз
given	ардавазд
given	ардавас
given	ардаваст
given	ардалион
given	ардальон
given	ардамон
given	ардаш
given	ардашес
given	ардеван
given	ардем
given	арджун
given	ардик
given	ардо
given	ардольон
given	ареадна
given	арев
given	аревак
given	аревалуйс
given	ареват
given	аревгат
given	аревик
given	аревхат
given	аревшад
given	аревшат
given	арег
given	арега
given	арегназ
given	арегназан
given	ареен
given	арей
given	арек
given	арекназ
given	арекназан
given	арел
given	арелан
given	арем
given	арен
given	аренгольд
given	арес
given	ареслан
given	арестак
given	арестакес
given	арестиди
given	арета
given	ареф
given	арефа
given	арефей
given	арефи
given	арефий
given	аржан
given	аржентина
given	арза
given	арзамет
given	арзен
given	арзи
given	арзик
given	арзикул
given	арзин
given	арзон
given	арзу
given	арзулла
given	арзуман
given	арзы
given	ари
given	ариа
given	ариада
given	ариадий
given	ариадна
given	ариан
given	ариана
given	арианда
given	ариандна
given	арианна
given	ариас
given	арибжан
given	арибжон
given	ариг
given	арига
given	арие
given	ариел
given	ариз
given	ариза
given	арий
given	арик
given	арика
given	арим
given	арима
given	аримат
given	арин
given	арина
given	аринарх
given	аринзе
given	арио
given	ариольд
given	арион
given	арип
given	арипа
given	арипжан
given	арис
given	ариса
given	арислан
given	арист
given	ариста
given	аристакес
given	аристан
given	аристарф
given	аристарх
given	аристид
given	аристица
given	аристокес
given	аристотель
given	арисхан
given	арит
given	арита
given	ариф
given	арифа
given	арифе
given	арифжан
given	арифула
given	арифулл
given	арифулла
given	арифя
given	ариэль
given	арияда
given	ариям
given	арияна
given	аркад
given	аркадий
given	аркадик
given	аркадиуш
given	аркадя
given	аркалий
given	аркам
given	аркаша
given	аркел
given	аркен
given	аркимед
given	аркиназ
given	аркс
given	арлан
given	арлен
given	арлена
given	арлета
given	арлетта
given	арли
given	арликин
given	арлин
given	арлина
given	арлине
given	арма
given	армаган
given	армад
given	армаис
given	армак
given	армалуис
given	армалуйс
given	арман
given	армангуль
given	арманд
given	арманда
given	армандо
given	арманис
given	арманс
given	армануш
given	армас
given	армаш
given	армен
given	армена
given	арменак
given	арменах
given	армене
given	армени
given	арменик
given	арменуа
given	арменуи
given	арменуй
given	арменул
given	арменун
given	арменуш
given	арменци
given	арми
given	армида
given	армик
given	армильда
given	армин
given	армина
given	арминак
given	армине
given	арминс
given	арминуи
given	арминэ
given	армира
given	армо
given	армонд
given	армония
given	армэн
given	арна
given	арнаб
given	арнад
given	арнадий
given	арнак
given	арнгольд
given	арнгольт
given	арнд
given	арне
given	арнела
given	арнес
given	арнест
given	арни
given	арнида
given	арник
given	арнис
given	арно
given	арнодик
given	арнолд
given	арнолий
given	арнольд
given	арнольдас
given	ароз
given	арольд
given	аромаис
given	арон
given	арони
given	аронка
given	ароп
given	арора
given	арослан
given	арот
given	арпад
given	арпеник
given	арпеника
given	арпи
given	арпиар
given	арпик
given	арпина
given	арпине
given	арпита
given	арра
given	арсалан
given	арсан
given	арсанали
given	арсанофий
given	арсби
given	арсей
given	арсель
given	арсем
given	арсен
given	арсена
given	арсений
given	арсентий
given	арсентин
given	арсену
given	арсень
given	арсин
given	арсине
given	арсламбек
given	арслан
given	арслан-али
given	арсланали
given	арсланбек
given	арслангали
given	арслом
given	арслонбек
given	арсма
given	арсон
given	арстан
given	арстанбек
given	арсы
given	арсэн
given	арт
given	арта
given	артаваз
given	артавазд
given	артавас
given	артак
given	арталуйс
given	артам
given	артамас
given	артамес
given	артамон
given	артан
given	артанис
given	арташ
given	арташа
given	арташек
given	арташес
given	артема
given	артемида
given	артемий
given	артемин
given	артемия
given	артемон
given	артен
given	арти
given	артим
given	артимизия
given	артимон
given	артин
given	арто
given	арторикс
given	артош
given	артошес
given	артуг
given	артун
given	артур
given	артурас
given	артурий
given	артурик
given	артуро
given	артурс
given	артуш
given	артык
given	артыкбай
given	артэк
given	артюм
given	артюн
given	артюха
given	артюш
given	артюша
given	артём
given	ару
given	арувик
given	аружан
given	арулла
given	арун
given	аруна
given	арунас
given	арундати
given	аруп
given	арур
given	арурун
given	аруруни
given	арус
given	арусак
given	арусик
given	арустам
given	арусьяк
given	аруся
given	арусяк
given	арусян
given	арут
given	арутик
given	арутин
given	арутюк
given	арутюн
given	арутян
given	арухан
given	арфен
given	арфеник
given	арфения
given	арфеня
given	арфик
given	арфине
given	архан
given	архелая
given	архилая
given	архимед
given	архин
given	архип
given	архир
given	арцвик
given	арцевик
given	арцрун
given	арцруни
given	арцруник
given	арчан
given	арчибальд
given	арчил
given	арчили
given	арчиль
given	аршавел
given	аршавир
given	аршад
given	аршак
given	аршалуис
given	аршалуй
given	аршалуйе
given	аршалуйс
given	аршалус
given	аршалусь
given	аршалуюс
given	аршалюс
given	аршам
given	аршед
given	аршен
given	арши
given	аршик
given	аршир
given	аршок
given	арщавир
given	арщак
given	арыслан
given	арыстамбек
given	арыстан
given	арье
given	арьян
given	арьяна
given	арэга
given	арэн
given	арюна
given	арян
given	аряна
given	асаад
given	асаат
given	асабали
given	асад
given	асадул
given	асадула
given	асадулл
given	асадулла
given	асадуллах
given	асадулло
given	асадур
given	асаи
given	асай
given	асали
given	асаль
given	асам
given	асамбек
given	асан
given	асанали
given	асанбег
given	асанбек
given	асанбой
given	асанет
given	асанна
given	асар
given	асат
given	асатула
given	асатулла
given	асатулло
given	асатур
given	асаф
given	асафий
given	асвадур
given	асвальд
given	асван
given	асвар
given	асгар
given	асгат
given	асгатула
given	асгатулла
given	асдан
given	асед
given	аседулла
given	асей
given	асель
given	асельдар
given	асельдер
given	асем
given	асен
given	асена
given	асене
given	асенефа
given	асения
given	асенька
given	асет
given	асетур
given	асеф
given	асея
given	асиат
given	асибе
given	асида
given	асие
given	асиет
given	асий
given	асик
given	асила
given	асилдар
given	асиле
given	асилий
given	асилхан
given	асилхон
given	асильдар
given	асильдер
given	асиля
given	асим
given	асима
given	асиман
given	асина
given	асинат
given	асиния
given	асир
given	асис
given	асиса
given	асиф
given	асият
given	аскад
given	асканаз
given	аскания
given	аскар
given	аскарбек
given	аскарбий
given	аскард
given	аскат
given	аскер
given	аскерали
given	аскерби
given	аскербий
given	аскиназ
given	аскитрия
given	асклиада
given	аскольд
given	аскяр
given	асл
given	аслам
given	асламбег
given	асламбек
given	аслан
given	аслана
given	асланбег
given	асланбек
given	асланбеч
given	асланхан
given	аслахан
given	асли
given	аслиддин
given	аслик
given	аслия
given	асломбек
given	аслон
given	аслудин
given	аслям
given	асмабика
given	асман
given	асмар
given	асмара
given	асмат
given	асмати
given	асмеральда
given	асмет
given	асмин
given	асмина
given	асмир
given	асмиральда
given	асна
given	аснельда
given	асник
given	асо
given	асомиддин
given	асомидин
given	асон
given	аспазий
given	аспазия
given	аспарух
given	аспрам
given	аспурак
given	асрар
given	асрат
given	асрет
given	асри
given	асрол
given	асрор
given	ассаад
given	ассад
given	ассан
given	ассана
given	ассаф
given	асседулл
given	ассина
given	ассир
given	ассия
given	ассо
given	ассоль
given	асся
given	аста
given	астамур
given	астан
given	астанда
given	астап
given	астасия
given	астафий
given	астах
given	астахик
given	астгик
given	астемир
given	астерий
given	астик
given	астина
given	астичик
given	астр
given	астрид
given	астрида
given	астрика
given	астхик
given	астхин
given	астчик
given	асу
given	асуат
given	асула
given	асфан
given	асфандияр
given	асфар
given	асфат
given	асфир
given	асфия
given	асхаб
given	асхабали
given	асхабжамал
given	асхад
given	асхар
given	асхарбек
given	асхат
given	асцатур
given	асыл
given	асылбек
given	асылбика
given	асылгарей
given	асылкан
given	асылхан
given	асым
given	асыя
given	асье
given	аська
given	асьма
given	асья
given	асэф
given	ася
given	асят
given	ата
given	атабаба
given	атабай
given	атабала
given	атабек
given	атав
given	атагелди
given	атаджан
given	атажан
given	атай
given	атакан
given	атакиши
given	атал
given	аталай
given	аталия
given	аталла
given	атамоглан
given	атамурад
given	атамурат
given	атамша
given	атаназар
given	атанас
given	атанасиос
given	атанес
given	атар
given	атаула
given	атаулла
given	атафья
given	атахан
given	аташ
given	атеина
given	ателина
given	ателло
given	атеф
given	атеш
given	атиг
given	атик
given	атика
given	атикул
given	атикулла
given	атикур
given	атила
given	атилио
given	атилия
given	атилл
given	атилла
given	атилло
given	атиля
given	атин
given	атир
given	атира
given	атис
given	атислав
given	атиф
given	ато
given	атобек
given	атобулло
given	атол
given	атолий
given	атомоглан
given	атон
given	атонида
given	атонина
given	атос
given	атот
given	атраф
given	атрем
given	аттам
given	аттил
given	аттила
given	аттилио
given	аттокур
given	атул
given	атур
given	атхам
given	атхар
given	атхен
given	атыф
given	аубекир
given	аугениюс
given	аугуст
given	аугустин
given	аугустинас
given	аугустине
given	аугусто
given	ауделия
given	аудра
given	аудрис
given	аудриус
given	аудрона
given	аудроне
given	аудрюс
given	ауес
given	ауни
given	аурел
given	аурели
given	аурелиан
given	аурелий
given	аурелио
given	аурелиу
given	аурелия
given	аурель
given	аурелья
given	ауреля
given	аурен
given	аурика
given	аурико
given	аурил
given	аурилия
given	аурина
given	аурия
given	аурора
given	аус
given	аусма
given	ауста
given	аустра
given	ауфа
given	аухат
given	аушра
given	афаг
given	афан
given	афана
given	афанас
given	афанасий
given	афанасия
given	афанасья
given	афанди
given	афанисий
given	афаносий
given	афасия
given	афат
given	афаят
given	афгаль
given	афган
given	афгон
given	афеноген
given	афет
given	афзал
given	афи
given	афиг
given	афига
given	афида
given	афиз
given	афиза
given	афик
given	афила
given	афилия
given	афиля
given	афим
given	афимия
given	афимья
given	афина
given	афиноген
given	афиония
given	афис
given	афиса
given	афисат
given	афит
given	афиф
given	афифа
given	афифе
given	афифия
given	афифя
given	афич
given	афия
given	афияддин
given	афият
given	афка
given	афладдин
given	афлатул
given	афлатун
given	афлят
given	афлях
given	афонас
given	афонасий
given	афонасия
given	афоний
given	афоня
given	афраддин
given	афраил
given	афраний
given	афрат
given	афрем
given	африди
given	африкан
given	африкант
given	афродита
given	афроим
given	афросиаб
given	афросим
given	афросинья
given	афруз
given	афсал
given	афсаладдин
given	афсана
given	афсане
given	афсар
given	афсун
given	афталина
given	афтан
given	афтандил
given	афтандин
given	афтах
given	афтений
given	афтондил
given	афхат
given	афшин
given	ахад
given	ахадулла
given	ахаит
given	ахат
given	ахаткул
given	ахбар
given	ахверди
given	ахдан
given	ахед
given	ахемед
given	ахиад
given	ахиар
given	ахиб
given	ахид
given	ахий
given	ахилес
given	ахилл
given	ахиллес
given	ахим
given	ахимия
given	ахит
given	ахияд
given	ахияр
given	ахият
given	ахкам
given	ахкамутдин
given	ахкям
given	ахлам
given	ахлидин
given	ахлима
given	ахлиман
given	ахмад
given	ахмадали
given	ахмадбек
given	ахмаджан
given	ахмаджон
given	ахмадреза
given	ахмадула
given	ахмадулла
given	ахмадхан
given	ахмадшах
given	ахмадшох
given	ахмар
given	ахмат
given	ахматгали
given	ахматжан
given	ахматнур
given	ахматша
given	ахмед
given	ахмед-хан
given	ахмедага
given	ахмедали
given	ахмедалы
given	ахмедбек
given	ахмедгали
given	ахмеджан
given	ахмедзян
given	ахмеди
given	ахмедула
given	ахмедулах
given	ахмедхан
given	ахмей
given	ахмеман
given	ахмер
given	ахмет
given	ахметалим
given	ахметвали
given	ахметжан
given	ахметзил
given	ахметзия
given	ахметзян
given	ахметсафа
given	ахметша
given	ахметшарип
given	ахмид
given	ахмит
given	ахмурат
given	ахмяр
given	ахмят
given	ахмятша
given	ахмять
given	ахнав
given	ахнад
given	ахнар
given	ахнаф
given	ахнет
given	ахон
given	ахра
given	ахрал
given	ахрор
given	ахрориддин
given	ахроркул
given	ахсан
given	ахсапет
given	ахсар
given	ахсарбег
given	ахсарбек
given	ахсартаг
given	ахсен
given	ахтам
given	ахтамян
given	ахтан
given	ахтанг
given	ахтар
given	ахтари
given	ахтем
given	ахтемир
given	ахтен
given	ахтибар
given	ахтим
given	ахтям
given	ахудар
given	ахун
given	ахунд
given	ахунзян
given	ахурбек
given	ахшар
given	аца
given	ацамаз
given	аци
given	ацо
given	ачико
given	ачил
given	ашак
given	ашар
given	ашат
given	ашвани
given	ашгат
given	ашер
given	ашет
given	ашик
given	ашим
given	ашир
given	ашира
given	аширбай
given	аширберди
given	аширбу
given	аширмурад
given	аширмурат
given	ашиш
given	ашкан
given	ашкар
given	ашме
given	ашог
given	ашод
given	ашок
given	ашон
given	ашот
given	ашотик
given	ашрап
given	ашраф
given	ашреф
given	ашу
given	ашукулла
given	ашур
given	ашура
given	ашурали
given	ашурбай
given	ашурбек
given	ашурели
given	ашутош
given	ашфак
given	ашхан
given	ашхарик
given	ашхен
given	ашхена
given	ашхеник
given	ашхин
given	ашшур
given	аэлина
given	аэлит
given	аэлита
given	аэлитта
given	аэлла
given	аэллита
given	аюб
given	аюлия
given	аюна
given	аюп
given	ая
given	аягоз
given	аяз
given	аязхан
given	аяна
given	аяр
given	аясу
given	баадур
given	баба-яга
given	бабак
given	бабамурад
given	бабамурат
given	багавудин
given	багаддин
given	багадир
given	багадур
given	багадыр
given	багаудин
given	багаутдин
given	багдан
given	багдана
given	баги
given	багиля
given	багир
given	багира
given	багит
given	багитжан
given	багиш
given	багия
given	багомед
given	баграм
given	баграт
given	бадана
given	бадертдин
given	бадиля
given	бадия
given	бадмай
given	бадри
given	бадрий
given	бадруддин
given	бадруди
given	бадрудин
given	бадрутдин
given	бажан
given	бажена
given	баженя
given	базий
given	базик
given	базил
given	базилия
given	баир
given	бай-али
given	байандур
given	байбакты
given	байбулат
given	байгаз
given	байгинат
given	байдан
given	байдулла
given	байдулль
given	баймирза
given	баймурад
given	баймурат
given	баймурза
given	байоглан
given	байрам
given	байрамкиз
given	байраммурад
given	байраммухамед
given	байран
given	байсангур
given	байсултан
given	байтемир
given	байхан
given	байыр
given	бакир
given	бакруз
given	бактияр
given	бактурди
given	бактыгуль
given	бакур
given	бакыр
given	бакыт
given	бакытбек
given	бакытжан
given	балабег
given	балабей
given	балабек
given	балагардаш
given	балагасан
given	балагусейн
given	балакерим
given	балакиз
given	баласан
given	баласар
given	баласултан
given	балахмед
given	балдан
given	балтабай
given	балтабек
given	бальт
given	барабаш
given	барабаша
given	барак
given	баран
given	барбала
given	барбара
given	барбараш
given	барни
given	барри
given	барт
given	бартан
given	бартоломей
given	барый
given	басам
given	басим
given	басир
given	батал
given	батирбек
given	батухан
given	батый
given	батыр
given	батыр-бек
given	батырали
given	батырбек
given	батырбулат
given	батырджан
given	батырша
given	баудин
given	бахадыр
given	бахлул
given	бахмут
given	баходур
given	бахтемир
given	бахтияр
given	бахтиёр
given	бахтурас
given	бахур
given	бахус
given	бахыт
given	бахытгуль
given	бахытжан
given	башар
given	башир
given	баяз
given	баязит
given	баяр
given	беата
given	беатрис
given	беатриса
given	беатриче
given	беатта
given	бегмурат
given	бегмурод
given	бегназар
given	бедретдин
given	бежана
given	бейла
given	бекзада
given	бекзат
given	бекзод
given	бекир
given	бекмурза
given	бекмухамад
given	бекмухамбет
given	бекмухамед
given	бекназар
given	бексолтан
given	бексултан
given	бектемир
given	бектимар
given	бекхан
given	бела
given	белина
given	белла
given	беллочка
given	бембей
given	бембулат
given	бембя
given	бен
given	бена
given	бенамин
given	бенджамен
given	бенджамин
given	бенедикт
given	бенедикта
given	бенедиктас
given	бениамин
given	бенуа
given	бенциан
given	бенцион
given	беня
given	бергут
given	береника
given	берик
given	берикхан
given	бермет
given	бернадета
given	бернадетта
given	бернадия
given	бернанд
given	бернар
given	бернара
given	бернард
given	бернарда
given	бернгард
given	бернхард
given	берс
given	берт
given	берта
given	берти
given	бертина
given	бертолон
given	бертольд
given	бертольда
given	бертрам
given	бертран
given	бертранд
given	беслан
given	бессараб
given	бетси
given	бетя
given	бехан
given	бехруз
given	биада
given	биана
given	бианка
given	бианна
given	биаслан
given	биата
given	биатриса
given	бибигуль
given	бибикамал
given	бибинур
given	бидзин
given	бидзина
given	биймурза
given	бийсолтан
given	бикбай
given	бикбулат
given	билал
given	билан
given	билель
given	билл
given	билли
given	биньямин
given	биргер
given	биргит
given	биркун
given	бислан
given	бичико
given	биякай
given	блям
given	боб
given	бобби
given	боби
given	бобо
given	бобомурат
given	бобомурод
given	бобоназар
given	бобохан
given	бобошер
given	бобуржон
given	богадур
given	богдан
given	богдана
given	богданас
given	богдания
given	богданна
given	богдасар
given	богодар
given	боголюб
given	богомила
given	богомир
given	богос
given	бограт
given	богумил
given	богумила
given	богуслав
given	богуслава
given	бодан
given	боеслав
given	божана
given	божена
given	божидар
given	божин
given	болесав
given	болеслав
given	болеслава
given	болислав
given	болислава
given	болобек
given	болотбек
given	бонислав
given	бонислава
given	бонифаций
given	борай
given	борбала
given	бореслав
given	борик
given	борина
given	борис
given	борисас
given	борислав
given	борислава
given	бория
given	борька
given	боря
given	ботагоз
given	ботагос
given	боходир
given	боян
given	бояна
given	бояр
given	брагим
given	брайан
given	брайна
given	брайон
given	брандт
given	бранислав
given	бранислава
given	брендон
given	брент
given	бригида
given	бригит
given	бригита
given	бригитта
given	бриджендра
given	брижит
given	брий
given	бритни
given	бройна
given	бронеслав
given	бронеслава
given	бронислав
given	бронислава
given	брониславас
given	броня
given	бруно
given	брэд
given	брюс
given	буба
given	бубакар
given	бугадин
given	бугаудин
given	бугдан
given	бугрим
given	будажап
given	будимир
given	будион
given	будулай
given	бузджигит
given	бузжигит
given	булал
given	булан
given	булат
given	булах
given	булач
given	булаш
given	буним
given	буранбай
given	бурангул
given	бурастан
given	буратино
given	бург
given	бурган
given	бурул
given	бурулкан
given	бурхан
given	бутрос
given	бухарбай
given	бхактиведанта
given	бхартрихари
given	бэла
given	бэлза
given	бэлзь
given	бэлла
given	бэля
given	бэрта
given	бяшим
given	ваагна
given	ваан
given	вавжинец
given	вавил
given	вавила
given	вавилий
given	ваган
given	вагаршак
given	ваге
given	вагиз
given	вагиза
given	вагис
given	вагист
given	вагит
given	вагиф
given	вагнер
given	вагнор
given	вагоршак
given	ваграм
given	вагран
given	вагуб
given	вагыйз
given	ваделен
given	ваделин
given	вадерий
given	ваджиб
given	ваджид
given	ваджих
given	вадид
given	вадий
given	вадик
given	вадим
given	вадима
given	вадимир
given	вадин
given	вадислав
given	вадлей
given	вадлен
given	вадлентин
given	вадуд
given	вадут
given	вазген
given	вазер
given	вазиз
given	вазил
given	вазин
given	вазипат
given	вазир
given	вазирхан
given	вазифа
given	вазих
given	вазык
given	ваид
given	ваилий
given	ваина
given	вайрам
given	вайс
given	вайцех
given	вакил
given	вакиль
given	вакиля
given	ваклентина
given	вактор
given	вактория
given	вакула
given	вакуль
given	валаддин
given	валадин
given	валантин
given	валантина
given	валарий
given	валдас
given	валдемарас
given	валдентина
given	валдерий
given	валдис
given	валевий
given	валег
given	валегий
given	валей
given	валекий
given	вален
given	валена
given	валенгтин
given	валенгтина
given	валений
given	валенин
given	валенина
given	валенита
given	валеннтина
given	валенса
given	валенсь
given	валент
given	валента
given	валентиана
given	валентий
given	валентин
given	валентина
given	валентинас
given	валентинат
given	валентинна
given	валентира
given	валентита
given	валентуля
given	валера
given	валери
given	валериа
given	валериан
given	валерианна
given	валерий
given	валерик
given	валерика
given	валерина
given	валерионас
given	валериус
given	валерия
given	валериян
given	валерка
given	валерьян
given	валерян
given	валеска
given	валетий
given	валетин
given	валетина
given	валетнина
given	валефтина
given	валех
given	валечка
given	валид
given	валида
given	валиддин
given	валиджан
given	валиджон
given	валий
given	валика
given	валико
given	валилий
given	валим
given	валима
given	валимир
given	валимухамед
given	валин
given	валина
given	валита
given	валиулла
given	валихан
given	валоерий
given	вальвина
given	вальдек
given	вальдема
given	вальдемар
given	вальдемара
given	вальдимар
given	вальдимарас
given	вальдина
given	валька
given	вальмира
given	вальтер
given	валя
given	валяддин
given	ванатолий
given	ванг
given	ванда
given	вандан
given	вандана
given	ванес
given	ванесса
given	ванечка
given	ваниамин
given	ваник
given	ванина
given	ванифантий
given	ванифатий
given	вания
given	вано
given	вантина
given	ванцетий
given	ванька
given	ванюшка
given	ваня
given	варастат
given	варвара
given	вардан
given	вардкес
given	вардуа
given	вареанофий
given	варенька
given	варий
given	варик
given	варинка
given	варлам
given	варламий
given	вароника
given	варсанофий
given	варсонофий
given	вартазар
given	вартан
given	варткез
given	варфаламей
given	варфаломей
given	варфоломей
given	варшам
given	варья
given	варя
given	васген
given	васелина
given	васелиса
given	васидий
given	васий
given	васил
given	васила
given	василдий
given	василена
given	василий
given	василика
given	василина
given	василиса
given	василтий
given	василь
given	васим
given	васиф
given	васлав
given	васлия
given	васния
given	васса
given	вассил
given	вассим
given	вастилий
given	васфие
given	васыль
given	васька
given	васюта
given	вася
given	васёна
given	ваталий
given	ватислав
given	ватислава
given	ватслав
given	вафа
given	ваха
given	вахаб
given	вахид
given	вахим
given	вахир
given	вахит
given	вахоб
given	вахтанг
given	вахтанги
given	вахтанш
given	вахур
given	вацлав
given	вацлава
given	вацлавас
given	вацлов
given	вацслава
given	вачир
given	ваэль
given	вгений
given	веалета
given	веалетта
given	веденей
given	вейко
given	велентин
given	велентина
given	велерий
given	вели
given	велизар
given	великанида
given	велимамед
given	велимет
given	велимир
given	велимурад
given	велина
given	велиор
given	велислав
given	велита
given	велиулла
given	велиюлла
given	велия
given	велияддин
given	велла
given	велло
given	велора
given	велорий
given	велория
given	вельмина
given	вельмира
given	вельта
given	венадий
given	венай
given	веналий
given	венара
given	венарий
given	венария
given	венделин
given	венеамин
given	венегдит
given	венедий
given	венедикт
given	венедикта
given	венедим
given	венекдит
given	венера
given	венеранда
given	вениамин
given	вениамина
given	венидикт
given	венина
given	венира
given	венислав
given	веннадий
given	венор
given	венсан
given	вентамин
given	венхвия
given	венцеслав
given	венцеслава
given	венцислав
given	венька
given	веня
given	веонид
given	вера
given	вераида
given	верана
given	вераника
given	вервара
given	вергения
given	вергилий
given	вергилия
given	вергина
given	вергиния
given	вергуша
given	верджиния
given	веремей
given	веренея
given	верения
given	вержилий
given	верка
given	вернер
given	вероника
given	веронина
given	верония
given	верослав
given	верочка
given	верра
given	версавия
given	верунчик
given	веселин
given	веселина
given	весила
given	весиля
given	веслав
given	веслава
given	веслана
given	весма
given	весмира
given	весняна
given	веста
given	весталия
given	вестислав
given	вета
given	веталий
given	веталина
given	ветислав
given	ветослав
given	вечаслав
given	вечеслав
given	вечислав
given	вечяслав
given	виалета
given	виалетта
given	виалий
given	виалина
given	вианна
given	виарел
given	виаталий
given	виатлий
given	виатор
given	вивиан
given	вивтор
given	вигдор
given	видадий
given	видалий
given	видислав
given	видослав
given	вииалий
given	вика
given	викентий
given	викентия
given	виккентий
given	викор
given	викситий
given	викталий
given	виктар
given	виктоиря
given	виктоия
given	виктолина
given	виктор
given	викторав
given	викторас
given	викториа
given	викториан
given	викторий
given	викторин
given	викторио
given	викторис
given	виктория
given	виктороия
given	викторос
given	викторс
given	виктр
given	викул
given	викула
given	вилалий
given	виларий
given	вилатий
given	вилем
given	вилен
given	вилена
given	вилений
given	виленин
given	виленина
given	вилер
given	вили
given	вилиан
given	вилий
given	вилина
given	вилис
given	вилл
given	вилле
given	виллем
given	виллен
given	виллена
given	вилли
given	виллиамин
given	виллиан
given	виллибальд
given	виллий
given	виллина
given	виллия
given	виллор
given	виллора
given	виллорий
given	вилль
given	вилльям
given	вилля
given	вилма
given	вилон
given	вилона
given	вилор
given	вилорд
given	вилорий
given	вилорик
given	вилорк
given	вилот
given	вилоят
given	виль
given	вильветта
given	вильгельм
given	вильгельмас
given	вильгельмина
given	вильгельмус
given	вильгемина
given	вильген
given	вильгений
given	вильдан
given	вилькен
given	вильма
given	вильман
given	вильмар
given	вильмина
given	вильмир
given	вильнара
given	вильчельмина
given	вильям
given	вильямин
given	виляра
given	винарий
given	виниамин
given	винидикт
given	винислав
given	винсент
given	винцас
given	винцент
given	винцентина
given	винценция
given	виоланта
given	виолена
given	виолетта
given	виолина
given	вионор
given	виор
given	виорел
given	виорелия
given	виорен
given	виорика
given	виорил
given	виорина
given	вираб
given	виралий
given	вирджиния
given	виржина
given	виржиния
given	вирма
given	вирсавия
given	висенте
given	висса
given	виссам
given	виссариан
given	виссарий
given	виссарион
given	вит
given	вита
given	витадий
given	виталий
given	виталик
given	виталина
given	виталия
given	витальд
given	витас
given	витаут
given	витаутас
given	витаутос
given	витаутс
given	виташа
given	вителий
given	витенька
given	витер
given	витеслав
given	витиалий
given	витольд
given	витольда
given	витослав
given	витрас
given	витторио
given	виттория
given	витус
given	витчеслав
given	витчислав
given	витька
given	витя
given	вицентина
given	вишан
given	вишванатан
given	влад
given	влада
given	владан
given	владар
given	владас
given	владек
given	владелен
given	владелин
given	владен
given	владер
given	владеслав
given	владжимир
given	владжислав
given	владиимир
given	владиимр
given	владий
given	владик
given	владилав
given	владилей
given	владилен
given	владилена
given	владилент
given	владилин
given	владиллен
given	владильен
given	владим
given	владимар
given	владимер
given	владимир
given	владимирас
given	владимр
given	владин
given	владир
given	владислав
given	владислава
given	владисмир
given	владлен
given	владлена
given	владлимир
given	владмиир
given	владщимир
given	влажимир
given	влалимир
given	влалислав
given	вламир
given	вларий
given	влас
given	власий
given	власимир
given	власлав
given	власта
given	властелина
given	властилина
given	властимил
given	властимир
given	властислав
given	властислава
given	влацлав
given	влеволод
given	влентин
given	влодимир
given	влпдимир
given	воалимир
given	вова
given	вовик
given	вовка
given	вовочка
given	водим
given	водислав
given	возген
given	возир
given	воислав
given	войтех
given	войтко
given	войтык
given	войцех
given	войцик
given	войцих
given	войчех
given	воктор
given	воладимир
given	воладислав
given	волдемар
given	волдис
given	волентин
given	волеслав
given	волий
given	володар
given	володарий
given	володечка
given	володий
given	володимир
given	володька
given	володя
given	волтер
given	волфганг
given	вольдемар
given	вольдемарас
given	вольдемир
given	вольдимар
given	вольмир
given	вольф
given	вольфганг
given	вольфгант
given	вонифатий
given	востаник
given	воцлав
given	врам
given	врежик
given	всеволод
given	всеслав
given	вугор
given	вукол
given	вукосава
given	вульф
given	вусала
given	вустя
given	вчеслав
given	вягиз
given	вязир
given	вякил
given	вялий
given	вялима
given	вятеслав
given	вятислав
given	вятчеслав
given	вячелав
given	вячесвал
given	вячеслав
given	вячеслава
given	вячеславас
given	вячислав
given	вячуслав
given	габар
given	габделбар
given	габдельбар
given	габдельжабар
given	габдельхай
given	габдинур
given	габдрауф
given	габдрафик
given	габдрашит
given	габдулахай
given	габдулахат
given	габдулбар
given	габдулвахид
given	габдулвахит
given	габдулкарим
given	габдулла
given	габдулль
given	габдулхак
given	габи
given	габиб
given	габиба
given	габибат
given	габибула
given	габибулах
given	габибулла
given	габибуллах
given	габид
given	габида
given	габидат
given	габиден
given	габидулла
given	габил
given	габиль
given	габир
given	габит
given	габитьян
given	габия
given	габор
given	габриел
given	габриела
given	габриелла
given	габриеля
given	габрил
given	габриэла
given	габриэле
given	габриэлла
given	габриэль
given	гавриил
given	гавриила
given	гаврил
given	гаврила
given	гаврило
given	гавриэла
given	гавриэлла
given	гавриэль
given	гавруш
given	гагай
given	гагак
given	гаган
given	гагик
given	гадания
given	гадей
given	гаджи
given	гаджи-ага
given	гаджи-ибрагим
given	гаджи-курбан
given	гаджи-магомед
given	гаджиахмед
given	гаджибек
given	гаджик
given	гаджикадыр
given	гаджикаиб
given	гаджикарим
given	гаджикерим
given	гаджикурбан
given	гаджимагамед
given	гаджимагомед
given	гаджимет
given	гаджимурад
given	гаджимурат
given	гаджирамазан
given	гадий
given	гадиля
given	гадим
given	гадис
given	газиз
given	газиза
given	газий
given	газим
given	газимагомед
given	газис
given	гаик
given	гай
given	гайдарбек
given	гайипназар
given	гайнитдин
given	гайния
given	гайнулла
given	гайнутдин
given	гайс
given	гайфутдин
given	гакифа
given	гала
given	галак
given	галактион
given	галана
given	галандар
given	галатея
given	галей
given	галентин
given	галентина
given	галерий
given	галерина
given	галерия
given	галея
given	гали
given	галиан
given	галиана
given	галиаскар
given	галиба
given	галиля
given	галим
given	галима
given	галимджан
given	галимжан
given	галимуллин
given	галимхан
given	галина
given	галинка
given	галинтина
given	галиня
given	галип
given	галисима
given	галиул
given	галия
given	галлилей
given	галлион
given	галлия
given	галлям
given	галниса
given	галона
given	галсан
given	галсира
given	галфания
given	галфира
given	галым
given	галымжан
given	галь
given	гальбика
given	гальвина
given	гальзифа
given	гальмира
given	гальмия
given	гальнара
given	гальниса
given	гальнура
given	гальсара
given	гальсима
given	гальсина
given	гальсиния
given	гальсиня
given	гальсия
given	гальфиня
given	гальчира
given	галюся
given	галя
given	галям
given	галяутдин
given	гамара
given	гамбар
given	гамбария
given	гамзат
given	гамид
given	гамида
given	гамидага
given	гамиз
given	гамил
given	гамила
given	гамиль
given	гамиля
given	гамина
given	гамир
given	гамира
given	гамит
given	гамлет
given	ганания
given	ганеля
given	ганефа
given	ганибал
given	ганибек
given	ганиджон
given	ганий
given	ганина
given	ганис
given	ганифа
given	гания
given	ганна
given	ганнибал
given	ганриэта
given	ганс
given	ганс-юрген
given	ганя
given	гаолина
given	гапан
given	гапия
given	гапка
given	гаппар
given	гапур
given	гарай
given	гаральд
given	гаран
given	гарафей
given	гарафий
given	гарафил
given	гарафудин
given	гарафутдин
given	гаргония
given	гареген
given	гарегий
given	гарегин
given	гарей
given	гарекин
given	гарета
given	гари
given	гарий
given	гарик
given	гарип
given	гарислав
given	гарита
given	гариф
given	гарифа
given	гармажап
given	гарник
given	гарнук
given	гарольд
given	гарпина
given	гарри
given	гаррий
given	гаррис
given	гаррислав
given	гаррисон
given	гарсиа
given	гарсия
given	гартензия
given	гарун
given	гаруш
given	гарягды
given	гаряй
given	гасан
given	гасия
given	гаскира
given	гаспар
given	гасрат
given	гатап
given	гатаул
given	гатуф
given	гаугар
given	гаухар
given	гаухария
given	гафар
given	гафира
given	гафиря
given	гафифа
given	гафия
given	гафур
given	гафуржан
given	гаффа
given	гаффар
given	гафья
given	гаяз
given	гаязетдин
given	гаязутдин
given	гаяна
given	гаяне
given	гаянна
given	гаянэ
given	гаяр
given	гвидо
given	гвидон
given	гдалий
given	гдаля
given	гебхард
given	геварт
given	гевен
given	гевонд
given	геворг
given	геворгиз
given	геворик
given	геворк
given	геворт
given	геворх
given	гедалий
given	гедалья
given	гедвига
given	гедеван
given	гедевон
given	гедеминас
given	гедеон
given	гедиминас
given	гедион
given	гедминас
given	гедрюс
given	геза
given	гейбадула
given	гейбадуль
given	гейдар
given	гейдаров
given	гейза
given	геймураз
given	гейних
given	гейнрих
given	гейран
given	гейрат
given	гейс
given	гейя
given	гек
given	гектор
given	гекчек
given	гелана
given	геларий
given	гелгена
given	гелена
given	гелерия
given	гелиана
given	гелианна
given	гелианта
given	гелиард
given	гелий
given	гелиона
given	гелиос
given	гелира
given	гелиса
given	гелита
given	гелия
given	гелла
given	гелларий
given	гелона
given	гелсиря
given	гелсия
given	гелфия
given	гельберт
given	гельвина
given	гельга
given	гельгеня
given	гельгина
given	гельды
given	гельдымурад
given	гельзара
given	гельзифа
given	гельма
given	гельметдин
given	гельмина
given	гельмира
given	гельмут
given	гельнара
given	гельнура
given	гельнюра
given	гельсария
given	гельсина
given	гельсиня
given	гельсира
given	гельсирия
given	гельсиря
given	гельсия
given	гельтруда
given	гельфания
given	гельфирия
given	гельфия
given	гелюся
given	гена
given	генадий
given	генаефа
given	генаида
given	генанадий
given	генандий
given	генгриета
given	гендрик
given	гендрих
given	генера
given	генеса
given	генефа
given	генжебай
given	генка
given	геннадий
given	геннадия
given	геннаида
given	генналий
given	геннедий
given	генний
given	геновера
given	геновефа
given	геноефа
given	генофера
given	генофефа
given	геноэфа
given	генри
given	генрида
given	генриетт
given	генриетта
given	генрик
given	генрика
given	генриста
given	генрита
given	генритта
given	генрих
given	генриэта
given	генриэтта
given	генуэфа
given	геня
given	геогий
given	геогина
given	геонефа
given	георг
given	георге
given	георгес
given	георги
given	георгиадис
given	георгий
given	георгиния
given	георгиос
given	георгис
given	георгиц
given	георгия
given	георий
given	гера
given	герадий
given	гераида
given	гераина
given	гераиса
given	герайда
given	геракл
given	гераклит
given	геральд
given	геральда
given	геральдина
given	герантий
given	герард
given	герасий
given	герасим
given	герасимос
given	герберт
given	гервасий
given	гергана
given	гергард
given	гергий
given	гергина
given	герд
given	герда
given	герейхан
given	герек
given	герий
given	герик
given	герикназ
given	герина
given	герих
given	герлина
given	гермаген
given	герман
given	германа
given	германн
given	германс
given	гермес
given	гермин
given	гермина
given	гермиона
given	гермоген
given	гермогент
given	гернольд
given	герогий
given	геродот
given	героид
given	героида
given	герольд
given	герон
given	героний
given	героним
given	геронтий
given	геррадий
given	герргий
given	герселия
given	герт
given	герта
given	гертруда
given	герфан
given	герхард
given	герш
given	гершин
given	гершк
given	гершко
given	гершон
given	геся
given	геталина
given	гетальмина
given	гетруда
given	гетта
given	гея
given	гиа
given	гибадулл
given	гиваргиз
given	гиви
given	гиворг
given	гигор
given	гигорий
given	гигран
given	гидалий
given	гиджран
given	гидон
given	гизар
given	гизела
given	гизелла
given	гизель
given	гизеля
given	гикмет
given	гиколай
given	гилал
given	гилана
given	гиланий
given	гиларий
given	гилимхан
given	гильда
given	гильдеберт
given	гильдегард
given	гильматдин
given	гильметдин
given	гильмизия
given	гильминиса
given	гильмулла
given	гильмутдин
given	гильнара
given	гильсария
given	гильсима
given	гильсина
given	гильсиня
given	гильсира
given	гильфан
given	гильфиря
given	гилярий
given	гимальдин
given	гимат
given	гимбат
given	гимран
given	гинадий
given	гинаида
given	гинесса
given	гиният
given	гиннес
given	гинтарас
given	гинтаре
given	гинтарис
given	гиорги
given	гипполит
given	гирфан
given	гирш
given	гита
given	гия
given	гияз
given	гиям
given	гияс
given	глакерия
given	глара
given	глафина
given	глафира
given	глафирия
given	глаша
given	глашенька
given	глеб
given	глебка
given	глекерия
given	глен
given	глена
given	гликерия
given	гликерья
given	глира
given	глориана
given	глорий
given	глофира
given	глукерия
given	гнат
given	гнел
given	гоар
given	гоарик
given	гобия
given	говард
given	говик
given	говхер
given	гога
given	гогар
given	гогарик
given	гоги
given	годель
given	голам
given	голан
given	гольда
given	гольфиня
given	гонели
given	гонорий
given	гонсалес
given	гор
given	горальд
given	горан
given	гораций
given	горгий
given	гордана
given	гордей
given	гордий
given	гордон
given	горий
given	горик
given	горимир
given	горина
given	горислав
given	горислава
given	гория
given	горольд
given	горпина
given	горпына
given	готлиб
given	готлип
given	готфрид
given	гофар
given	гофик
given	гоча
given	гоша
given	гошка
given	гояр
given	гоярик
given	градислав
given	градислава
given	гражина
given	гранида
given	гранислав
given	гранислава
given	гранита
given	графида
given	графина
given	графира
given	грациэлла
given	грачик
given	грег
given	грегор
given	грегори
given	грегорий
given	грейс
given	грейта
given	грета
given	гретель
given	гретта
given	гретхен
given	григоорий
given	григор
given	григорий
given	григорин
given	григорина
given	григория
given	григортий
given	григрий
given	григшорий
given	грижина
given	гризельда
given	гринада
given	гринька
given	грита
given	гритта
given	грицько
given	гриша
given	гришка
given	грэйс
given	грэм
given	грэта
given	губайдулла
given	гуг
given	гугон
given	гудрат
given	гудретдин
given	гузаль
given	гузалья
given	гузелия
given	гузель
given	гузэлия
given	гузялия
given	гузяль
given	гуйнара
given	гулаим
given	гулам
given	гуламджан
given	гуламжан
given	гуламжон
given	гуламидин
given	гуливер
given	гулизар
given	гулизара
given	гулимбай
given	гулия
given	гулливер
given	гулом
given	гуломали
given	гульара
given	гульдана
given	гульджамиля
given	гульжиан
given	гульжиган
given	гульжихан
given	гульжия
given	гульжиян
given	гульзар
given	гульзиган
given	гулькай
given	гульман
given	гульмина
given	гульминика
given	гульмира
given	гульназира
given	гульнара
given	гульнур
given	гульнура
given	гульнурия
given	гульсем
given	гультан
given	гульфиза
given	гульфизя
given	гульфира
given	гульфиря
given	гульфия
given	гульчачак
given	гульчечек
given	гульчиган
given	гульчохра
given	гульшан
given	гульшат
given	гуля
given	гумер
given	гумир
given	гунала
given	гунда
given	гундега
given	гунель
given	гунефа
given	гуннар
given	гунтис
given	гурам
given	гурами
given	гурат
given	гурген
given	гурей
given	гурен
given	гуреш
given	гурий
given	гусейн
given	гусейнгулу
given	гусейхан
given	густав
given	густава
given	густаво
given	гэри
given	гюзалия
given	гюзел
given	гюзелага
given	гюзелия
given	гюзель
given	гюзэль
given	гюзяль
given	гюладдин
given	гюлай
given	гюлнара
given	гюлхар
given	гюльаддин
given	гюльахмед
given	гюльбагар
given	гюльвард
given	гюльварт
given	гюльгусейн
given	гюльдаран
given	гюльджахан
given	гюльджиган
given	гюльжаган
given	гюльзаман
given	гюльмагомед
given	гюльмамед
given	гюльнар
given	гюльнара
given	гюльхара
given	гюльчара
given	гюльчитай
given	гюльчохра
given	гюнай
given	гюнтер
given	гёкхан
given	давей
given	давид
given	давида
given	давидбек
given	давила
given	давия
given	давлад
given	давлат
given	давлатбай
given	давлатжон
given	давлаткадам
given	давлатмир
given	давлет
given	давлетбай
given	давлетмурад
given	давран
given	давранбек
given	даврон
given	давронбай
given	давронбек
given	даврончон
given	давуд
given	давыд
given	даган
given	дагистан
given	дагит
given	дагия
given	даглар
given	дагмар
given	дагмара
given	дагния
given	дагоберт
given	дада
given	дадашбай
given	дадашбала
given	даждамир
given	дазмира
given	даима
given	даина
given	даирбек
given	даиса
given	дайана
given	дайва
given	дайга
given	дайнис
given	дакар
given	далай
given	далер
given	далида
given	далий
given	далила
given	далиния
given	далира
given	дальва
given	дальвина
given	дальмира
given	дальфина
given	далья
given	даляль
given	даляна
given	дамара
given	дамед
given	дамеля
given	дамет
given	дамиан
given	дамиля
given	дамир
given	дамира
given	дан
given	дана
given	данаида
given	данара
given	данат
given	даната
given	данатар
given	данатор
given	даная
given	данг
given	данеля
given	данета
given	данзан
given	данида
given	даниел
given	даниела
given	даниелла
given	даниель
given	даниер
given	даниил
given	даниила
given	даний
given	даника
given	данил
given	данила
given	данилбек
given	данилия
given	данилл
given	данилла
given	данило
given	даниль
given	даниля
given	данина
given	данира
given	даниря
given	даниса
given	данислава
given	данися
given	данита
given	даниэл
given	даниэла
given	даниэлия
given	даниэлла
given	даниэль
given	даниял
given	даниян
given	данияр
given	данка
given	данко
given	данна
given	данте
given	дануся
given	данута
given	дануте
given	данька
given	данья
given	даня
given	дариан
given	дарианна
given	дарида
given	дариджана
given	дарий
given	дарина
given	дариса
given	дарита
given	дария
given	дарма
given	даррен
given	дартаньян
given	даршан
given	дарья
given	дарьяна
given	дасий
given	дасим
given	дасия
given	дася
given	датико
given	датуна
given	датуша
given	дауд
given	дауда
given	даулет
given	даулеткалий
given	даулеткан
given	даур
given	даурбек
given	даут
given	дафалла
given	дафина
given	дафна
given	дафнис
given	дахия
given	даце
given	даша
given	дашенька
given	дашипыл
given	дашка
given	дая
given	даян
given	даяна
given	двейра
given	двойра
given	двося
given	деалина
given	деанна
given	дебора
given	дебра
given	девендра
given	девид
given	девлет
given	девора
given	деврония
given	дедал
given	дездемона
given	дезидерий
given	дейвид
given	дейвис
given	дейлин
given	декабрина
given	делера
given	делий
given	делина
given	делора
given	дельбара
given	дельдора
given	дельфина
given	деляра
given	демед
given	дементий
given	деметер
given	демид
given	демир
given	демира
given	демис
given	демитрий
given	демна
given	демокрит
given	демур
given	демура
given	демьян
given	демян
given	ден
given	денаида
given	денгиз
given	дени
given	дениз
given	дениза
given	денис
given	денисий
given	денисия
given	дениск
given	денислав
given	денислам
given	дения
given	денни
given	деннис
given	деонид
given	деонида
given	деониз
given	деониза
given	деонизий
given	деонизия
given	деонис
given	деонисий
given	дерек
given	дереник
given	дерк
given	десанка
given	десислава
given	десмонд
given	деснина
given	деспина
given	деспиния
given	дехкан
given	дехтяр
given	дечебал
given	дечко
given	дея
given	джабар
given	джаббар
given	джаббор
given	джабер
given	джабир
given	джабраил
given	джавад
given	джаваншир
given	джавгар
given	джавдат
given	джавдет
given	джавед
given	джавид
given	джавида
given	джагафар
given	джаид
given	джаина
given	джайдип
given	джакоб
given	джакомо
given	джалал
given	джалаладдин
given	джалалутдин
given	джалел
given	джалил
given	джалиль
given	джалиля
given	джалина
given	джалита
given	джалолидин
given	джалял
given	джамав
given	джамадин
given	джамал
given	джамаладдин
given	джамалддин
given	джамалдин
given	джамаледдин
given	джамалетдин
given	джамали
given	джамалиддин
given	джамалидин
given	джамалудин
given	джамалутдин
given	джамаль
given	джамбек
given	джамбули
given	джамеля
given	джамид
given	джамидин
given	джамил
given	джамила
given	джамилат
given	джамилия
given	джамиль
given	джамиля
given	джамолдин
given	джамолиддин
given	джамолидин
given	джамолитдин
given	джамшед
given	джан
given	джанбек
given	джангир
given	джангюр
given	джанет
given	джанета
given	джанетта
given	джанибек
given	джаник
given	джанита
given	джанлука
given	джанн
given	джанна
given	джаннета
given	джаннетта
given	джанни
given	джаныбек
given	джапар
given	джаппар
given	джасмина
given	джастин
given	джасур
given	джафар
given	джафер
given	джафир
given	джаффар
given	джахад
given	джахан
given	джахангир
given	джахандар
given	джеврия
given	джегут
given	джей
given	джейк
given	джеймс
given	джейн
given	джейра
given	джейрах-таргим
given	джейсон
given	джек
given	джеки
given	джема
given	джемаил
given	джемал
given	джемалетдин
given	джемалеттин
given	джемил
given	джемма
given	джена
given	дженет
given	дженет-хан
given	дженетта
given	дженнет
given	дженнета
given	дженнифер
given	джеральд
given	джерард
given	джером
given	джерри
given	джеси
given	джесика
given	джесси
given	джессика
given	джефф
given	джефферсон
given	джеффри
given	джи
given	джил
given	джильда
given	джим
given	джима
given	джимма
given	джимми
given	джина
given	джифер
given	джихан
given	джо
given	джоан
given	джоана
given	джованна
given	джованни
given	джоган
given	джозеф
given	джозефина
given	джозефсон
given	джон
given	джонатан
given	джонг
given	джони
given	джонибек
given	джоник
given	джонмамад
given	джонмахмад
given	джонна
given	джонни
given	джонс
given	джонсон
given	джордано
given	джордж
given	джорджетта
given	джорджо
given	джоржета
given	джорий
given	джохан
given	джохар
given	джошуа
given	джоэл
given	джу
given	джуана
given	джуанна
given	джуба
given	джубга
given	джудит
given	джузеппе
given	джукан
given	джулета
given	джулетта
given	джулиан
given	джулиана
given	джулианс
given	джулиета
given	джулиста
given	джулия
given	джуллета
given	джульетта
given	джумабек
given	джумад
given	джумальдин
given	джумблат
given	джуна
given	джунайд
given	джунит
given	джуня
given	джурабек
given	джурма
given	джутейл
given	джутейль
given	дзвенислава
given	дзезюль
given	дзерон
given	дзивгис
given	дзидра
given	дзинтра
given	дзюнъитиро
given	дзяудин
given	диамара
given	диана
given	дианида
given	дианина
given	дианна
given	дибахан
given	дибора
given	дивак
given	дивна
given	дигран
given	дидал
given	дидина
given	дидия
given	дидона
given	дидра
given	дидух
given	дидье
given	диего
given	диера
given	дизендорф
given	дик
given	дилаида
given	дилан
given	дилара
given	диларам
given	дилма
given	дилман
given	дилона
given	дилора
given	дилшад
given	дильбар
given	дильбара
given	дильбера
given	дильдора
given	дильмат
given	дильмурад
given	дильмурат
given	дильназа
given	дильнара
given	дильноза
given	дильруба
given	дильфуза
given	диля
given	дилявер
given	диляна
given	диляр
given	диляра
given	дилярам
given	диляре
given	диляром
given	диляфруз
given	диляфруза
given	диляфрус
given	дима
given	диментий
given	димид
given	димитра
given	димитри
given	димитрий
given	димитрина
given	димка
given	димочка
given	димь
given	димьян
given	дин
given	дина
given	динадий
given	динаида
given	динара
given	динария
given	диния
given	диоген
given	диомид
given	дионида
given	диониза
given	дионизий
given	дионизия
given	дионис
given	дионисий
given	дионисия
given	диора
given	дипкун
given	дир
given	дирадж
given	дирар
given	дирек
given	дирк
given	дисана
given	дитер
given	дитрих
given	дитте
given	дия
given	дияна
given	дияр
given	дияра
given	дмитирий
given	дмитр
given	дмитра
given	дмитриан
given	дмитрий
given	дмитрик
given	дмитриос
given	дмитрис
given	дмитрия
given	дмитриян
given	дмитро
given	дмытро
given	добрина
given	добромир
given	доброслав
given	доброслава
given	добруся
given	добруш
given	добруша
given	добрыня
given	довлат
given	довлет
given	довлетберди
given	довлетбий
given	довлетгельды
given	довлетмурад
given	довлетяр
given	догмара
given	доку
given	доларесса
given	долариса
given	долена
given	доленика
given	доленикия
given	долий
given	долли
given	доллореса
given	долорес
given	доминик
given	домника
given	домникия
given	дон
given	доналд
given	дональд
given	донара
given	донат
given	донатас
given	донателло
given	дора
given	доратея
given	дореаня
given	дориан
given	дориана
given	дорианна
given	дорида
given	дорий
given	дорик
given	дорико
given	дорин
given	дорина
given	дорион
given	дорис
given	дориса
given	дория
given	дормидон
given	дормидонт
given	дорота
given	доротеа
given	доротея
given	дороти
given	дорофей
given	дорофея
given	дорья
given	досжан
given	досифей
given	драголюб
given	драгомир
given	драгомира
given	драгослав
given	драгослава
given	дрю
given	дубравка
given	дубравко
given	дугар
given	дугаржап
given	дуглас
given	дульцинея
given	дун
given	дуня
given	дунямалы
given	дуняша
given	дурмишхан
given	дурсун
given	дусканья
given	дуська
given	дуся
given	дымбрыл
given	дьюк
given	дэбора
given	дэвид
given	дэйв
given	дэлия
given	дэлла
given	дэляра
given	дэн
given	дэниел
given	дэнни
given	дэннис
given	дэя
given	дюк
given	дярья
given	дёма
given	ева
given	евалина
given	еван
given	евангел
given	евангелина
given	евангелия
given	еванджелина
given	еванжелина
given	евания
given	еванфия
given	евганий
given	евгания
given	евгей
given	евген
given	евгена
given	евгений
given	евгения
given	евгенья
given	евгеня
given	евгиния
given	евгния
given	евгнния
given	евграф
given	евграфена
given	евграфий
given	евдакия
given	евдания
given	евдения
given	евдикия
given	евдиния
given	евдинья
given	евдоким
given	евдокина
given	евдокия
given	евдоксия
given	евдония
given	евдосия
given	евдотия
given	евдоха
given	евдохим
given	евекния
given	евелина
given	евений
given	евения
given	еветалия
given	евилина
given	евиния
given	евклид
given	евладий
given	евлалия
given	евламия
given	евламния
given	евлампиада
given	евлампий
given	евлампия
given	евлания
given	евлантий
given	евлапия
given	евления
given	евлизавета
given	евлогий
given	евлокия
given	евмен
given	евмений
given	евментий
given	евнений
given	евнения
given	евника
given	еворалия
given	евпатий
given	евпраксинья
given	евпраксия
given	еврасинья
given	еврений
given	еврония
given	евросиния
given	евросинья
given	евсафий
given	евсей
given	евсений
given	евсения
given	евсталина
given	евсталия
given	евстасия
given	евстафий
given	евстафия
given	евстахий
given	евстахия
given	евстигней
given	евстихий
given	евстолия
given	евстолья
given	евстомия
given	евстония
given	евстория
given	евстрат
given	евстратий
given	евстрафий
given	евтафий
given	евтения
given	евтифий
given	евтихий
given	евтолия
given	евтропий
given	евтропия
given	евтух
given	евфалия
given	евфания
given	евфилия
given	евфимий
given	евфимия
given	евфрасиния
given	евфрозина
given	евфросиния
given	евфросинья
given	егана
given	егвард
given	егисапет
given	егиш
given	егор
given	егорий
given	еграфий
given	едвард
given	едварт
given	едвига
given	едгард
given	едгор
given	едизавета
given	едокия
given	едуард
given	ежи
given	ежина
given	екапитолина
given	екарина
given	екатарина
given	екатерина
given	екатетина
given	екатирина
given	екатрина
given	елазавета
given	елана
given	елвин
given	елвира
given	елгуджа
given	елезавета
given	елезовета
given	елена
given	еленала
given	еленка
given	елеонора
given	елесей
given	елефтерий
given	елза
given	елзавета
given	елиана
given	еливета
given	елиза
given	елизабет
given	елизавента
given	елизавет
given	елизавета
given	елизаветта
given	елизавита
given	елизар
given	елизарий
given	елизевета
given	елизовета
given	еликанида
given	еликонида
given	елина
given	елионора
given	елиса
given	елисавета
given	елисей
given	елисо
given	елистрат
given	елиферий
given	елла
given	елладий
given	еллизавета
given	еллия
given	елона
given	елтай
given	ельвира
given	ельдар
given	ельканида
given	ельмат
given	ельмира
given	ельнара
given	ельфрида
given	емануил
given	емелина
given	емелия
given	емелиян
given	емельян
given	емельяна
given	емеля
given	емзари
given	емилиан
given	емилий
given	емилия
given	емилиян
given	емиль
given	емильян
given	еммануэль
given	емуавета
given	енафья
given	енгелина
given	ендрей
given	енина
given	енох
given	енс
given	ента
given	епестимия
given	епистимея
given	епистимия
given	епистиния
given	епистинья
given	епифан
given	епифаний
given	епраксия
given	еразика
given	еран
given	ераник
given	еранос
given	ерануш
given	ераст
given	ербол
given	ерболат
given	ербулат
given	ерванд
given	ервант
given	ервин
given	ергений
given	ергения
given	еремей
given	еремий
given	ерена
given	ерика
given	ерих
given	ерке
given	еркебулан
given	еркежан
given	еркен
given	еркин
given	еркия
given	ермак
given	ермек
given	ермекбай
given	ермил
given	ермила
given	ермингельд
given	ерминингельд
given	ермол
given	ермолай
given	ерней
given	ернест
given	ернст
given	ерослав
given	ерослава
given	еротеида
given	еротиада
given	еротиида
given	ерофей
given	ерохим
given	ерёма
given	есения
given	есмира
given	естер
given	етар
given	еужения
given	еуфимия
given	еуфрозина
given	ефалья
given	ефдокия
given	ефим
given	ефимий
given	ефимия
given	ефимья
given	ефосинья
given	ефрасиния
given	ефрасинья
given	ефрасия
given	ефрем
given	ефремий
given	ефроксинья
given	ефросения
given	ефросенья
given	ефросима
given	ефросимья
given	ефросина
given	ефросиний
given	ефросиния
given	ефросинья
given	ефросиня
given	ефросия
given	ефстафий
given	ефтей
given	ефтемий
given	ефтений
given	ефтимия
given	еффалия
given	жавдет
given	жавер
given	жавид
given	жавит
given	жавлонбек
given	жадра
given	жазира
given	жайран
given	жак
given	жаклин
given	жакслык
given	жамал
given	жамаладдин
given	жамалдин
given	жамалетдин
given	жамалидин
given	жамалудин
given	жамаль
given	жамальдин
given	жамбал
given	жамбек
given	жамбулат
given	жамил
given	жамилия
given	жамиля
given	жамоладдин
given	жамсаран
given	жан
given	жан-клод
given	жан-пол
given	жан-поль
given	жан-пьер
given	жанабек
given	жанель
given	жанет
given	жанета
given	жанетт
given	жанетта
given	жанжак
given	жанибек
given	жаниета
given	жанна
given	жаннат
given	жанната
given	жаннет
given	жаннета
given	жаннетта
given	жаннэта
given	жаннэтта
given	жанриэта
given	жанриэтта
given	жантемир
given	жанэта
given	жанэтта
given	жаргал
given	жаргалсайхан
given	жаржетта
given	жармена
given	жасмина
given	жасулан
given	жасур
given	жасурбек
given	жафар
given	ждана
given	ждихан
given	жезефина
given	жезофина
given	жельвира
given	жемаледин
given	жемалия
given	жемила
given	жемиля
given	жемира
given	женаида
given	женевьева
given	женета
given	женетта
given	женечка
given	женика
given	жения
given	женна
given	женнета
given	женнетта
given	женни
given	женоида
given	женька
given	женя
given	жеоржета
given	жеоржетта
given	жерар
given	жермена
given	жермина
given	жером
given	жесмина
given	жианета
given	жигания
given	жигжит
given	жизель
given	жоаким
given	жозе
given	жозефа
given	жозефина
given	жолдасбай
given	жолт
given	жонетта
given	жора
given	жорес
given	жорж
given	жоржета
given	жоржетта
given	жоржик
given	жоржина
given	жорий
given	жоффрей
given	жуан
given	жуана
given	жуанна
given	жужана
given	жужанна
given	жужина
given	жужуна
given	жулета
given	жулетта
given	жульета
given	жульетта
given	жюльетта
given	забар
given	забела
given	забелина
given	забелла
given	заби
given	забида
given	забиолла
given	забир
given	забира
given	забиря
given	забиуллах
given	забихулла
given	забия
given	завдат
given	загид
given	загидул
given	загидулла
given	загир
given	загиря
given	загит
given	загрей
given	загретдин
given	загрутдин
given	заза
given	заинидин
given	заира
given	зайга
given	зайгуна
given	зайнаб
given	зайнулла
given	зайнутдин
given	зайтина
given	зайтуна
given	зак
given	закария
given	закир
given	закиул
given	закия
given	залиля
given	залимкан
given	залимхан
given	залина
given	залифа
given	залифе
given	залифя
given	залиха
given	залихман
given	залман
given	залумхан
given	зальфина
given	зальфира
given	замам
given	замеддин
given	замфира
given	занфира
given	занфиря
given	занхира
given	занэ
given	запрян
given	зара
given	заратустра
given	зарафутдин
given	зарема
given	заремма
given	зарена
given	зареслава
given	зариг
given	зарима
given	зарина
given	заринат
given	заринбай
given	зарип
given	зариф
given	зарифа
given	зария
given	зарнияр
given	заробиддин
given	заррина
given	заруий
given	заур
given	заура
given	заурбег
given	заурбек
given	заурби
given	зауре
given	заурем
given	зауреш
given	заури
given	заурий
given	заурин
given	заурия
given	зафар
given	зафарджан
given	зафер
given	захар
given	захарий
given	захария
given	захид
given	захир
given	збигнев
given	збигнер
given	збигниев
given	звенислав
given	звенислава
given	звиад
given	звонимир
given	здеслав
given	здзислав
given	здислав
given	здислава
given	зебо
given	зебунисо
given	зебуниссо
given	зевс
given	зейнаб
given	зейнал
given	зейналабдин
given	зейнеб
given	зейнев
given	зейнек
given	зейнен
given	зейнеп
given	зейнер
given	зейнет
given	зекерия
given	зелент
given	зелимкан
given	зельда
given	зельма
given	зельман
given	зельмира
given	зельфа
given	зельфигар
given	зельфира
given	зельфия
given	земеля
given	земина
given	земира
given	земпера
given	земфера
given	земфира
given	зенаида
given	зеновея
given	зеновий
given	зеновия
given	зеноида
given	зенон
given	зенфера
given	зенфира
given	зефира
given	зефирина
given	зефрида
given	зигизмунд
given	зигмунд
given	зигмунт
given	зигрида
given	зигря
given	зигфрид
given	зигфрида
given	зидаида
given	зикфрид
given	зилга
given	зильфар
given	зильфира
given	зиля
given	зина
given	зинаида
given	зинара
given	зинатулла
given	зинка
given	зиннур
given	зиновей
given	зиновий
given	зиновия
given	зиновья
given	зинон
given	зиночка
given	зира
given	зираида
given	зита
given	зифира
given	зифкат
given	зифрид
given	зифрида
given	зияд
given	злата
given	златана
given	златаслава
given	златина
given	златислава
given	златия
given	златослава
given	зозана
given	золифа
given	золия
given	золтан
given	зольда
given	зольфия
given	зольхия
given	зоман
given	зора
given	зоран
given	зорена
given	зореслав
given	зореслава
given	зорина
given	зорьян
given	зорян
given	зоряна
given	зосим
given	зосима
given	зосимь
given	зосия
given	зосхан
given	зося
given	зотик
given	зофия
given	зофья
given	зоя
given	зубала
given	зузания
given	зузанна
given	зулхижат
given	зулхия
given	зульнара
given	зульфия
given	зуля
given	зуляйха
given	зураб
given	зурико
given	зурия
given	зуфар
given	зуфара
given	зухра
given	зухраб
given	зухрабек
given	зухрахон
given	зюгра
given	зюдер
given	зюльфира
given	зюльфия
given	зяйняп
given	зяма
given	иаитяна
given	иаким
given	иаков
given	иамара
given	ианина
given	ианна
given	иануарий
given	иарида
given	иария
given	иболя
given	ибоя
given	ибрагим
given	ибрагин
given	ибрахим
given	ив
given	иван
given	иванг
given	иванес
given	ивани
given	иванида
given	иванина
given	ивания
given	иванка
given	иванко
given	иванна
given	иванушка
given	ивар
given	ивард
given	ивари
given	иварс
given	ивась
given	ивдокия
given	ивелин
given	ивелина
given	ивер
given	иветта
given	ивилина
given	ивита
given	ивия
given	ивлий
given	ивлита
given	ивон
given	ивонина
given	ивонка
given	ивонна
given	ивсталий
given	игаль
given	игнат
given	игнатий
given	игор
given	игорь
given	игорёк
given	играмуддин
given	играмудин
given	ида
given	идалина
given	идалия
given	идеалина
given	иделаида
given	иделия
given	идибек
given	идина
given	идия
given	идрис
given	иегова
given	иегуди
given	иезекииль
given	иероним
given	иешуа
given	иза
given	изабела
given	изабелла
given	изабель
given	изабэла
given	изабэлла
given	изадора
given	изаида
given	изанна
given	изатулло
given	изида
given	изий
given	изислав
given	измаил
given	изобела
given	изобелла
given	изобэлла
given	изодора
given	изолина
given	изольда
given	изольдия
given	изосим
given	изот
given	израиль
given	изьяслав
given	изя
given	изяслав
given	изяслава
given	иисус
given	икар
given	икарий
given	икилина
given	икрамжан
given	икран
given	илан
given	илана
given	иланна
given	иларий
given	иларион
given	илгамия
given	илдыр
given	илеана
given	илеонора
given	илза
given	илзе
given	илиан
given	илиана
given	илианора
given	илизавета
given	илизар
given	илиодор
given	илионора
given	илиса
given	илися
given	иллар
given	илларий
given	илларион
given	иллария
given	иллина
given	иллирия
given	илмар
given	илмарс
given	илона
given	илонка
given	илонна
given	илхом
given	илхомджон
given	илхомжан
given	илхомидин
given	ильвар
given	ильвера
given	ильвина
given	ильвира
given	ильгам
given	ильгама
given	ильгамия
given	ильгамья
given	ильган
given	ильгар
given	ильгард
given	ильгес
given	ильгид
given	ильгиз
given	ильгизар
given	ильдар
given	ильдор
given	ильдос
given	ильдур
given	ильдус
given	ильдусь
given	ильдюс
given	ильзат
given	ильина
given	ильмар
given	ильмарс
given	ильмир
given	ильмира
given	ильнара
given	ильнур
given	ильнура
given	ильсияр
given	ильхам
given	ильхама
given	ильхамбек
given	ильхамия
given	ильхан
given	ильшат
given	ильюша
given	илья
given	ильяз
given	ильянора
given	ильянур
given	ильяр
given	ильяс
given	ильясаф
given	ильясхан
given	ильяш
given	илюза
given	илюша
given	илюшка
given	иляна
given	илярий
given	имад
given	имал
given	имамали
given	имамеддин
given	имамедин
given	имамудин
given	имамутдин
given	иман
given	иманакыш
given	имант
given	имануил
given	имед
given	имельда
given	имомали
given	имран
given	имре
given	инадия
given	инаида
given	инаиса
given	инал
given	инар
given	инара
given	инарс
given	инвер
given	инга
given	ингвар
given	ингеборга
given	ингрид
given	ингрида
given	ингрит
given	ингрита
given	индира
given	индрек
given	индулис
given	инелина
given	инес
given	инеса
given	инесе
given	инесс
given	инесса
given	инессе
given	инна
given	иннаида
given	иннеса
given	иннесса
given	иннета
given	иннокентий
given	инносент
given	иннэса
given	иннэсса
given	инокентий
given	инриетта
given	инрина
given	инсаф
given	интерина
given	интерия
given	интерна
given	интигам
given	иоаким
given	иоан
given	иоанн
given	иоанна
given	иоаннис
given	иоасаф
given	иоахим
given	иов
given	иованна
given	иоганн
given	иоганна
given	иоганнес
given	иожеф
given	иозапас
given	иозас
given	иозефина
given	иозиф
given	иолана
given	иоланда
given	иоланна
given	иоланта
given	ион
given	иона
given	ионас
given	ионна
given	иосафат
given	иосип
given	иосиф
given	иосифина
given	ипат
given	ипатий
given	ипполит
given	ира
given	ираги
given	ирада
given	ираде
given	ирадж
given	ирадиада
given	ирадион
given	иразият
given	ираида
given	ираина
given	ираинда
given	ираиса
given	ирайда
given	иракли
given	ираклий
given	иралия
given	иранда
given	иранза
given	ирания
given	ират
given	иратиада
given	ирбек
given	ирвин
given	иргалий
given	иргаш
given	ирейна
given	ирек
given	ирен
given	ирена
given	ирене
given	иреней
given	иренеуш
given	иренэ
given	иржа
given	иржи
given	иржина
given	ирза
given	ири
given	ириада
given	ириан
given	ириана
given	ирианда
given	ирида
given	иридия
given	ириида
given	ирика
given	ирина
given	иринаана
given	иринаида
given	ириней
given	ириний
given	ириния
given	иринка
given	иринья
given	ириса
given	ирита
given	ирланда
given	ирма
given	ирман
given	ирмантас
given	ирмат
given	ирмина
given	иродиада
given	иронда
given	ирфан
given	ирэн
given	ирэна
given	ирэнэ
given	иса
given	исаак
given	исаакий
given	исай
given	исак
given	исакий
given	исам
given	исамагомед
given	исаметдин
given	исамидин
given	исамутдин
given	исидор
given	исидора
given	искандар
given	искандарбек
given	искандер
given	искандербек
given	искендар
given	искендер
given	ислам
given	исламбек
given	исламгалей
given	ислям
given	исмагил
given	исмаил
given	исмайл
given	исмат
given	исмет
given	исса
given	иссь
given	истора
given	исфандияр
given	исхак
given	исхок
given	иттифак
given	итхаил
given	иувиналий
given	иулиания
given	иульяния
given	иумания
given	иустин
given	иустина
given	иустиния
given	иустинья
given	ифигения
given	ицхак
given	ишбулат
given	ишбулды
given	ишгильды
given	ишмухамет
given	иштван
given	иштуган
given	иювиналий
given	июлий
given	ия
given	йван
given	йенс
given	йиржи
given	йоан
given	йова
given	йован
given	йованка
given	йоган
given	йоганнес
given	йожеф
given	йозас
given	йозеф
given	йоко
given	йолана
given	йоланта
given	йолита
given	йомер
given	йонас
given	йонатан
given	йорг
given	йорген
given	йорданка
given	йосеф
given	йосип
given	йосиф
given	йоханес
given	йоханнес
given	йошка
given	каадыр
given	каадыр-оол
given	кабир
given	кабира
given	кавдия
given	кавита
given	кадамбай
given	кадамбой
given	кадария
given	кадир
given	кадирбек
given	кадирберген
given	кадирия
given	кадрия
given	кадыр
given	кадырбек
given	кадыргула
given	кадырия
given	кадырья
given	казбек
given	казбулат
given	каземира
given	казим
given	казима
given	казимагомед
given	казимбек
given	казимир
given	казимира
given	казимирас
given	казмира
given	казыбек
given	казьма
given	кай
given	кайлиста
given	кайрат
given	кайролла
given	кайюс
given	кака
given	какабай
given	какимбек
given	каламбина
given	каламутдин
given	калев
given	кален
given	калентий
given	калерина
given	калерия
given	калилия
given	калима
given	калимула
given	калимулла
given	калимя
given	калине
given	калиния
given	калиопа
given	калиса
given	калисия
given	калисса
given	калиста
given	калиствения
given	калистра
given	калистрат
given	калит
given	калиф
given	калия
given	каллерия
given	каллиста
given	каллистрат
given	калман
given	кальверо
given	кальмина
given	камал
given	камаледдин
given	камалетдин
given	камалитдин
given	камалудин
given	камалутдин
given	камаль
given	камель
given	камил
given	камила
given	камилия
given	камилла
given	камиллия
given	камиль
given	камиля
given	камрон
given	канан
given	канарей
given	канафий
given	кантемир
given	кантимир
given	капа
given	капетолина
given	капиталина
given	капитолина
given	капитон
given	кара-кыс
given	каратай
given	карделия
given	карен
given	карим
given	карима
given	каримбек
given	карин
given	карина
given	карине
given	каринна
given	карино
given	каринэ
given	карл
given	карла
given	карлен
given	карлина
given	карлис
given	карло
given	карлота
given	карлуш
given	карлыгаш
given	кармела
given	кармелита
given	кармелия
given	кармелла
given	кармен
given	кармена
given	кармила
given	кармия
given	карола
given	каролайн
given	каролин
given	каролина
given	кароль
given	карп
given	карпет
given	карпий
given	карпис
given	карстен
given	карэн
given	касбулат
given	касем
given	касиан
given	касим
given	касиния
given	каспер
given	кассандра
given	кастиэль
given	касьян
given	касьяна
given	кася
given	касян
given	касяна
given	катажина
given	каталин
given	каталина
given	катана
given	катаржина
given	катарина
given	кателина
given	катенька
given	катерина
given	катирина
given	катишь
given	католина
given	катри
given	катрин
given	катрина
given	катря
given	катька
given	катюша
given	катя
given	кафиль
given	кафия
given	каха
given	кахабер
given	кахраман
given	кашфулла
given	каюм
given	каянэ
given	квентин
given	квета
given	кветослав
given	кветослава
given	кевин
given	кеворк
given	кевсер
given	кейт
given	келли
given	кен
given	кенже
given	кенжебек
given	кенжехан
given	кенжеш
given	кеннет
given	кенни
given	керен
given	керим
given	керимбек
given	керстин
given	керта
given	кертта
given	керту
given	кертулай
given	кесария
given	кети
given	киара
given	кивен
given	кизханум
given	кики
given	кикилия
given	килина
given	ким
given	кима
given	кимик
given	кимма
given	киммо
given	киприан
given	киприян
given	киприяно
given	кира
given	кираида
given	кирана
given	кирей
given	кири
given	кириак
given	кирианна
given	кириена
given	кириенна
given	кирий
given	кирикия
given	кирил
given	кирилина
given	кирилия
given	кирилл
given	кириллина
given	кирим
given	киримбай
given	киролина
given	кирсан
given	кирьяк
given	кит
given	клава
given	клавдея
given	клавдиа
given	клавдий
given	клавдия
given	клавдиян
given	клавий
given	клавия
given	клавка
given	кладия
given	клай
given	клайв
given	клара
given	кларида
given	кларий
given	кларина
given	кларис
given	клариса
given	кларисса
given	кларита
given	клария
given	кларк
given	кларочка
given	клаудиа
given	клаудио
given	клаудия
given	клаус
given	клаш
given	клаша
given	клемент
given	клементий
given	клементина
given	клеоник
given	клеопатра
given	клеофас
given	клера
given	клерия
given	клестиль
given	клим
given	климент
given	климентий
given	климентина
given	климентия
given	клинт
given	клиопатра
given	клод
given	клодия
given	клэр
given	кнарик
given	коби
given	козимагомед
given	козимир
given	козьма
given	козьмь
given	кола
given	коленька
given	колибаб
given	колин
given	колистрат
given	колобок
given	колька
given	колюнчик
given	колюня
given	колюша
given	коля
given	комунара
given	конг
given	кондолиза
given	кондрат
given	кондратий
given	конкордий
given	конкордия
given	конон
given	конрад
given	константин
given	констанция
given	конфуций
given	корасон
given	корина
given	коринна
given	корней
given	корнел
given	корнелий
given	корнелиус
given	корнелия
given	корнил
given	корнилий
given	корнилия
given	королина
given	кортни
given	косим
given	коста
given	костан
given	костантин
given	костанция
given	костя
given	костянтин
given	кофи
given	красимира
given	красноармина
given	красномир
given	красномира
given	краснослав
given	крейг
given	кремлина
given	крестина
given	крестиния
given	крестинья
given	кримгильда
given	крис
given	крискентия
given	криста
given	кристаки
given	кристал
given	кристалина
given	кристана
given	кристафор
given	кристель
given	кристиан
given	кристиана
given	кристиане
given	кристианэ
given	кристин
given	кристина
given	кристине
given	кристиния
given	кристинэ
given	кристиян
given	кристо
given	кристоф
given	кристофер
given	кристофор
given	кристьян
given	кришна
given	криштиану
given	кронид
given	ксаверий
given	ксавье
given	ксана
given	ксемофонт
given	ксениа
given	ксения
given	ксенофон
given	ксенофонд
given	ксенофонт
given	ксенья
given	ксеня
given	ксюша
given	ксюшенька
given	ктулху
given	куантай
given	кудрат
given	кужугет
given	кузьма
given	кузя
given	кулина
given	кумар
given	кунай
given	куприян
given	курабек
given	курамбай
given	куранбай
given	курбай
given	курбан
given	курбанбай
given	курбанбек
given	курбангалей
given	курбангали
given	курбангалий
given	курбанкади
given	курт
given	кусиел
given	кутус
given	кхалед
given	кшиштов
given	кшиштоф
given	кэти
given	кэтрин
given	кэтэлина
given	кюлли
given	кюллике
given	кямал
given	кямаледдин
given	кямам
given	кямран
given	кярим
given	лабиб
given	лавиния
given	лависа
given	лавия
given	лавр
given	лаврентий
given	лагин
given	лада
given	ладен
given	ладий
given	ладислав
given	ладислава
given	ладия
given	ладлена
given	ладь
given	лазар
given	лазарий
given	лазарина
given	лазарь
given	лазиза
given	лазим
given	лазым
given	лайла
given	лайма
given	лайманис
given	лайна
given	лайне
given	лайош
given	лайс
given	лакшми
given	лала
given	лали
given	лалита
given	ламзира
given	ламир
given	ламита
given	лампиада
given	лампия
given	лана
given	ланара
given	лангина
given	ланда
given	ландина
given	лани
given	ланида
given	ланина
given	ланна
given	ланнера
given	лаодика
given	лаприса
given	лара
given	ларгий
given	ларета
given	ларетта
given	лариада
given	лариана
given	ларианна
given	ларика
given	ларион
given	лариса
given	ларисана
given	ларисия
given	ларисса
given	ларита
given	ларитта
given	ларри
given	ларриса
given	ларс
given	ларья
given	ласло
given	ласлов
given	латиф
given	латифа
given	лаура
given	лаурент
given	лауретта
given	лаури
given	лаурика
given	лаурита
given	лаурия
given	лауро
given	лацис
given	лаша
given	леа
given	леакадия
given	леана
given	леандр
given	леандра
given	леандро
given	леанина
given	леанна
given	леарина
given	леария
given	лев
given	леван
given	леверий
given	левий
given	левкадия
given	левкий
given	левкия
given	левко
given	левон
given	левонтий
given	левонтина
given	лейда
given	лейла
given	лейлана
given	лейли
given	лейсен
given	лейя
given	лека
given	лекадия
given	леканида
given	леконида
given	лела
given	лелия
given	леляна
given	лембит
given	лемира
given	лена
given	ленар
given	ленара
given	ленарий
given	ленгина
given	лениада
given	лениалла
given	лениана
given	лениара
given	лениниада
given	ленинида
given	ленинина
given	ленислав
given	ленияра
given	ленка
given	ленке
given	леннарт
given	леноида
given	леночка
given	лео
given	леокадия
given	леон
given	леона
given	леонада
given	леонадия
given	леонара
given	леонард
given	леонарда
given	леонардий
given	леонардо
given	леонас
given	леонид
given	леонида
given	леонидия
given	леонила
given	леонилла
given	леонитий
given	леония
given	леонна
given	леонор
given	леонора
given	леонория
given	леонс
given	леонсия
given	леонтий
given	леонтина
given	леонтия
given	леопольд
given	леопольда
given	леопольдина
given	леорина
given	леорита
given	лепестина
given	лепестиния
given	лепестинья
given	лера
given	лери
given	лесбия
given	лесгафт
given	леслав
given	леся
given	летиция
given	лех
given	лешек
given	лешик
given	лже-себастьян
given	ли
given	лиа
given	лиала
given	лиалина
given	лианелла
given	лианида
given	лианна
given	лианора
given	либертина
given	лив
given	ливана
given	ливантина
given	ливдия
given	ливентина
given	ливерий
given	ливиана
given	ливон
given	лида
given	лидаида
given	лидиа
given	лидий
given	лидия
given	лидмила
given	лидмия
given	лидочка
given	лиз
given	лиза
given	лизавета
given	лизаида
given	лизи
given	лизия
given	лизовета
given	лии
given	лиина
given	лиия
given	лика
given	ликандр
given	ликанида
given	ликерия
given	ликерья
given	ликия
given	ликонида
given	ликург
given	лила
given	лили
given	лилиан
given	лилиана
given	лилианна
given	лилина
given	лилиона
given	лилит
given	лилита
given	лилитта
given	лилия
given	лилияна
given	лилиянна
given	лилла
given	лиллиана
given	лиллия
given	лилля
given	лилька
given	лиля
given	лиляна
given	лимара
given	лимпиада
given	лина
given	линаида
given	линар
given	линара
given	линард
given	линарий
given	линария
given	линда
given	линдия
given	линдон
given	линиана
given	линианна
given	линиза
given	линина
given	линира
given	линн
given	линна
given	линоида
given	линор
given	линора
given	линура
given	лиокадия
given	лиокардия
given	лион
given	лиона
given	лионарда
given	лионелла
given	лионида
given	лионора
given	лионтий
given	лионтина
given	лионэлла
given	лиор
given	лиора
given	липаида
given	лир
given	лираида
given	лирина
given	лириса
given	лирия
given	лируна
given	лисициан
given	лита
given	лия
given	логвин
given	логман
given	лоида
given	лойош
given	локадия
given	лола
given	лолиана
given	лолина
given	лолита
given	лолитта
given	лолия
given	лолла
given	лоллита
given	лона
given	лонгин
given	лонда
given	лора
given	лоран
given	лоранд
given	лорейда
given	лорелея
given	лорен
given	лорена
given	лоренцо
given	лорета
given	лоретта
given	лориана
given	лорианна
given	лорида
given	лорина
given	лориса
given	лорита
given	лоритта
given	лория
given	лорна
given	лотфи
given	лудвиг
given	лудция
given	луи
given	луида
given	луиджи
given	луиз
given	луиза
given	луис
given	луиса
given	лука
given	лукас
given	лукаш
given	лукерия
given	лукерья
given	лукиан
given	лукия
given	лукреция
given	лукьян
given	лукьяна
given	лусина
given	лусине
given	лусинэ
given	лутфей
given	лутфий
given	лутфулла
given	луция
given	льюис
given	люба
given	любава
given	любамир
given	любамира
given	любаша
given	любина
given	любов
given	любова
given	любовета
given	любовия
given	любовь
given	любомила
given	любомир
given	любомира
given	любомыр
given	любослав
given	любочка
given	люда
given	людвиг
given	людвига
given	людвик
given	людвика
given	людвина
given	людка
given	людмила
given	людмилана
given	людмилла
given	людовик
given	людочка
given	люза
given	люзия
given	люзя
given	люк
given	люкадия
given	люман
given	люнгина
given	люрий
given	люсене
given	люси
given	люсиан
given	люсиана
given	люсик
given	люсиль
given	люсия
given	люссия
given	люстина
given	люсьен
given	люсьена
given	люсьета
given	люсьяна
given	люся
given	люсяна
given	люциан
given	люцилла
given	люциния
given	люцифер
given	люция
given	лявизя
given	лядмила
given	лязат
given	лязиза
given	ляиля
given	ляйла
given	ляйле
given	ляйли
given	ляйля
given	ляйсан
given	ляйсира
given	ляйя
given	ляла
given	ляна
given	лятифа
given	лятифе
given	ляюза
given	лёва
given	лёвка
given	лёвочка
given	лёлька
given	лёля
given	лёнечка
given	лёнька
given	лёня
given	лёха
given	лёша
given	маарика
given	мавазина
given	мавгида
given	мавзудин
given	мавзуна
given	мавий
given	мавлида
given	мавлоназар
given	мавлудин
given	мавлюда
given	мавлюдин
given	мавлютдин
given	мавлявий
given	мавра
given	маврина
given	маврия
given	мавсиля
given	магамед
given	магамедали
given	магамедгаджи
given	магамедзагид
given	магамедрасул
given	магамедшафи
given	магамет
given	магаммад
given	магаммед
given	магановий
given	магафур
given	магда
given	магдалена
given	магдалина
given	магдана
given	магдания
given	магделена
given	магди
given	магдолина
given	магера
given	магерам
given	магзут
given	магид
given	магинюр
given	магнус
given	магомай
given	магомед
given	магомедали
given	магомедалы
given	магомедамин
given	магомедбег
given	магомедбек
given	магомедгабиб
given	магомедгаджи
given	магомедгази
given	магомедзагир
given	магомедзакир
given	магомедкерим
given	магомедмурад
given	магомедмурат
given	магомеднаби
given	магомедрагим
given	магомедрасул
given	магомедсаид
given	магомедсултан
given	магомедтагир
given	магомедхабиб
given	магомедхан
given	магомедшапи
given	магомедшарип
given	магомедэмин
given	магомет
given	магометхан
given	магрена
given	магсум
given	мадад
given	мадей
given	маджад
given	маджд
given	маджед
given	маджет
given	маджи
given	маджид
given	маджир
given	маджит
given	маджуда
given	мадина
given	мадис
given	мадлен
given	мадлена
given	маер
given	мажит
given	мазит
given	мазия
given	маина
given	маир
given	маира
given	маирам
given	майан
given	майер
given	майк
given	майкл
given	майлз
given	маймуна
given	маймунат
given	майнор
given	майрам
given	майсара
given	майсарат
given	майсур
given	майт
given	майта
given	майтифа
given	майя
given	макар
given	макарий
given	макбет
given	маквел
given	макрун
given	макс
given	максат
given	максим
given	максимиан
given	максимилиан
given	максимилиана
given	максимильян
given	максуд
given	максуз
given	максут
given	малания
given	маланка
given	маланья
given	малвина
given	малгожата
given	малей
given	малик
given	малика
given	малия
given	малкольм
given	мальвина
given	мальвира
given	малюта
given	мамай
given	мамед
given	мамикан
given	мамикон
given	мамука
given	манана
given	манарша
given	манвел
given	мане
given	манефа
given	манивальд
given	манира
given	маничка
given	маннан
given	маннаф
given	манола
given	мансур
given	мануил
given	манура
given	мануэл
given	мануэла
given	мануэлла
given	мануэль
given	манька
given	маня
given	мао
given	марат
given	маргагита
given	маргалина
given	маргарет
given	маргарета
given	маргаринта
given	маргарита
given	маргит
given	маргита
given	маргос
given	маргот
given	маргоша
given	маргрета
given	маргрита
given	маргус
given	маргут
given	маргуш
given	маргуша
given	маргшарита
given	мардарий
given	марек
given	маремия
given	маремьяна
given	мареника
given	марет
given	марета
given	маретта
given	марзагит
given	марзия
given	мари
given	мариа
given	мариада
given	мариалена
given	мариамия
given	мариамна
given	мариан
given	мариана
given	марианна
given	марида
given	мариетта
given	марик
given	марика
given	марике
given	марико
given	маримьяна
given	маримяна
given	марин
given	марина
given	маринела
given	маринелла
given	маринета
given	маринетта
given	мариника
given	маринна
given	маринэлла
given	марио
given	мариола
given	мариолла
given	мариона
given	марионела
given	марионелла
given	марионелли
given	марионетта
given	марионила
given	марионилла
given	марионна
given	марионэлла
given	мариса
given	мариста
given	марися
given	марита
given	маритана
given	маританна
given	марите
given	маритта
given	маритэ
given	маритя
given	мариула
given	марифат
given	марица
given	маричика
given	маричка
given	мариэм
given	мариэта
given	мариэтта
given	мария
given	мариян
given	марияна
given	мариянна
given	мариятина
given	марк
given	маркел
given	маркелла
given	маркета
given	маркита
given	маркиян
given	марко
given	маркос
given	марксена
given	марксина
given	марку
given	маркус
given	маркуца
given	марлен
given	марлена
given	марослава
given	марс
given	марсел
given	марсела
given	марселина
given	марсель
given	марта
given	мартаза
given	мартам
given	мартан
given	мартемьян
given	мартена
given	мартерий
given	марти
given	мартик
given	мартим
given	мартимьян
given	мартин
given	мартинас
given	мартинес
given	мартинос
given	мартинус
given	мартинь
given	мартир
given	мартирий
given	мартирос
given	мартиян
given	мартко
given	марто
given	мартон
given	мартоха
given	мартуз
given	мартун
given	мартуник
given	мартуша
given	мартын
given	мартьян
given	мартян
given	марус
given	маруся
given	марфа
given	марфуша
given	мархаба
given	марцелина
given	марцианна
given	марцилина
given	марчела
given	марчелла
given	маршалл
given	марыся
given	марья
given	марьям
given	марьяма
given	марьямбану
given	марьян
given	марьяна
given	марьянна
given	марэк
given	марян
given	маславей
given	маснави
given	мастрадия
given	мастрида
given	мастридия
given	мастура
given	масяня
given	матанат
given	матвей
given	матеуш
given	матильда
given	маткарим
given	матруна
given	матряна
given	матрёна
given	матти
given	матфей
given	мафтун
given	махамед
given	махамеджан
given	махамет
given	махаммад
given	махаммаджан
given	махаммаджон
given	махаммат
given	махаммед
given	махар
given	махаррам
given	махер
given	махир
given	махира
given	махмади
given	махмадрузи
given	махмадула
given	махмадшукур
given	махмуд
given	махмуджан
given	махмуджон
given	махмут
given	махмутжан
given	махмутжон
given	махомад
given	махомед
given	махоммад
given	махсуд
given	махсут
given	мачей
given	маша
given	машенька
given	машка
given	маэль
given	маяна
given	мгер
given	медея
given	меджид
given	меелис
given	мел
given	мелания
given	меланья
given	мелентий
given	мелетий
given	мелик
given	мелита
given	мелитина
given	мелитон
given	мелитос
given	мелитриса
given	мельпомена
given	мельхиор
given	мерген
given	мери
given	мерил
given	меринэ
given	меркул
given	меруджан
given	меружан
given	меруман
given	мерутан
given	мерушан
given	мерьем
given	месроп
given	металина
given	металлина
given	метислав
given	метислава
given	методи
given	методий
given	методия
given	меттью
given	мефистофель
given	мефоди
given	мефодий
given	мехалина
given	мехман
given	мехмед
given	мехмет
given	мехти
given	мечеслав
given	мечеслава
given	мечислав
given	мечислава
given	мзия
given	миа
given	миассар
given	мидхад
given	мик
given	микаел
given	микаиль
given	микаэл
given	микаэль
given	микеланджело
given	микки
given	миклош
given	микола
given	миколай
given	микулаш
given	микута
given	мила
given	милана
given	миланда
given	милания
given	миланка
given	миланна
given	милано
given	милантий
given	милантина
given	миланья
given	миланя
given	милауша
given	милена
given	милентина
given	милета
given	милетина
given	милетта
given	милий
given	милинтина
given	милиса
given	милисса
given	милистина
given	милитина
given	милица
given	милия
given	миллия
given	мило
given	милодора
given	милона
given	милорад
given	милослав
given	милослава
given	милтон
given	мильвара
given	мильграм
given	мими
given	минабутдин
given	минадора
given	минай
given	минг
given	мингалей
given	мингалий
given	минигуль
given	миннираис
given	миннула
given	минодора
given	минря
given	минтимер
given	минь
given	минька
given	мираб
given	мирабелла
given	миральда
given	миран
given	миранда
given	мирания
given	миргаяз
given	мирза
given	мирзебала
given	мириам
given	мирия
given	мирлан
given	мироида
given	мирольда
given	миролюб
given	миролюба
given	мирон
given	мирониха
given	мирония
given	миропия
given	мирослав
given	мирослава
given	мирославна
given	мирфатых
given	мирхайдар
given	мирча
given	мирьем
given	мирьям
given	мирьян
given	мисак
given	миталина
given	митенька
given	митрофан
given	митька
given	митя
given	мифтах
given	михаил
given	михаилина
given	михайл
given	михайлина
given	михайло
given	михал
given	михалина
given	михаль
given	михамл
given	михаэль
given	михей
given	михкель
given	мичеслав
given	мичислав
given	мичислава
given	миша
given	мишель
given	мишенька
given	мия
given	мияся
given	мкртич
given	мкртыч
given	млада
given	мнавара
given	модест
given	моисей
given	мойсей
given	мойша
given	мокадия
given	мокей
given	мокрина
given	молдабай
given	молдагазы
given	мона
given	моника
given	монсеррат
given	мора
given	моран
given	моргуниха
given	мордехай
given	морис
given	морозко
given	мота
given	мотя
given	мохамад
given	мохамед
given	мохамедали
given	мохаммад
given	мохаммадали
given	мохаммадреза
given	мохаммед
given	мохд
given	моше
given	мстислав
given	муамар
given	мубариз
given	мубарик
given	мубарис
given	мубаряк
given	муддарис
given	мудите
given	музагидан
given	музаффар
given	музаффаржан
given	музаффер
given	музаффор
given	музочка
given	муккарам
given	муктада
given	мулави
given	муллагали
given	мун
given	мунавара
given	муназдага
given	мунара
given	мунир
given	мунис
given	мурад
given	мураз
given	мурат
given	мурза
given	мурсал
given	муртаза
given	муртузали
given	муршидя
given	муса
given	мусагитдин
given	мусай
given	муслим
given	мусса
given	мустафа
given	мустафакул
given	муська
given	муся
given	муталлап
given	мухамад
given	мухамед
given	мухамеддин
given	мухамедьяр
given	мухамет
given	мухаммад
given	мухаммат
given	мухаммед
given	мухамметмурат
given	мухарбек
given	мухарби
given	мухитдин
given	мухлиса
given	мухмад
given	мухтар
given	мушег
given	мхитар
given	мэнни
given	мэри
given	мэрилин
given	мэтт
given	мэтью
given	мэчит
given	мякзюм
given	мялхи
given	мярт
given	мячеслав
given	мячеслава
given	мячислав
given	наала
given	наби
given	набия
given	навид
given	нагима
given	надар
given	надежда
given	наджаф
given	наджи
given	наджиб
given	надим
given	надима
given	надиме
given	надимя
given	надир
given	надия
given	надыя
given	надька
given	надюша
given	надя
given	нажия
given	нажмиддин
given	нажмидин
given	нажмуддин
given	нажмудин
given	нажмутдин
given	назар
given	назарбек
given	назарий
given	назария
given	назгуль
given	назера
given	назигуль
given	назим
given	назип
given	назир
given	назира
given	назиф
given	назифе
given	назия
given	наиба
given	наида
given	наил
given	наила
given	наиль
given	наиля
given	наина
given	наинна
given	наира
given	наиса
given	наиталья
given	найда
given	налалия
given	налалья
given	налатия
given	налич
given	налия
given	намалья
given	намдак
given	намиг
given	намизад
given	намик
given	нана
given	нанэ
given	наня
given	наоми
given	наонила
given	наото
given	напалеон
given	наполеон
given	наран
given	наргиз
given	наргиза
given	наргила
given	наргиля
given	наргиса
given	нарий
given	нарик
given	нарим
given	нарима
given	нариман
given	наримон
given	нарине
given	наркис
given	насима
given	насир
given	насираддин
given	насих
given	насретдин
given	насрулла
given	насрутдин
given	настазия
given	настас
given	настасия
given	настасся
given	настасья
given	настя
given	натали
given	наталиа
given	наталина
given	наталиса
given	наталия
given	наталияна
given	наталка
given	наталья
given	наталя
given	натан
given	натания
given	наташа
given	наташка
given	натаэлла
given	натела
given	нателия
given	нателла
given	натик
given	натэлла
given	наум
given	наур
given	нафис
given	нафися
given	нахман
given	нела
given	нелентина
given	нелея
given	нелиана
given	нелианна
given	нелида
given	нелидия
given	нелинна
given	нелия
given	нелла
given	нелли
given	неллина
given	неллионора
given	неллия
given	нелль
given	нелля
given	нелсон
given	нелу
given	нель
given	нельвина
given	нельвира
given	нельсон
given	неля
given	ненила
given	ненси
given	неола
given	неолина
given	неонела
given	неонели
given	неонелла
given	неонель
given	неоника
given	неонила
given	неонилия
given	неонилла
given	неониля
given	неоннила
given	неонора
given	нептун
given	нереида
given	нериман
given	неримантас
given	нерон
given	нестер
given	нестор
given	нефертити
given	нефодий
given	нефёд
given	нехама
given	нехума
given	ниаз
given	нига
given	нигар
given	нигара
given	нигина
given	нигяр
given	низадил
given	низамаддин
given	низамеддин
given	низаметдин
given	низамжан
given	низами
given	низамиддин
given	низамин
given	низамуддин
given	низамудин
given	низамутдин
given	низар
given	ник
given	ника
given	никандр
given	никанор
given	никита
given	никитий
given	никифор
given	никодим
given	николай
given	николас
given	николета
given	николетта
given	николина
given	николь
given	николя
given	никон
given	никора
given	никта
given	нику
given	никулай
given	нил
given	нилла
given	нилуфар
given	нильс
given	нимфалида
given	нина
given	нинелина
given	нинелия
given	нинелл
given	нинелла
given	нинелли
given	нинелля
given	нинель
given	нинеля
given	ниниа
given	нинка
given	нино
given	нинфодора
given	ниола
given	ниоле
given	ниолина
given	нионела
given	нионелла
given	нионель
given	нионила
given	нионилла
given	нионина
given	ниония
given	нисим
given	нифонт
given	нияз
given	ниямеддин
given	ноам
given	нодар
given	ной
given	нойх
given	нония
given	нонка
given	нонна
given	норберт
given	норвуз
given	нормин
given	ноябрина
given	нугзар
given	нунехия
given	нур
given	нурадин
given	нурангиз
given	нурания
given	нурбек
given	нургайша
given	нургалей
given	нургали
given	нуретдин
given	нурзида
given	нуриахмет
given	нурислам
given	нурия
given	нурлан
given	нурлана
given	нурлыхуда
given	нурмагамед
given	нурмагомед
given	нурмамед
given	нурмат
given	нурмухамед
given	нурмухамет
given	нурмухаммед
given	нурсултан
given	нурулла
given	нуруло
given	нурутдин
given	нурый
given	нэлли
given	нэллина
given	нэллия
given	нэлля
given	нэля
given	нэнси
given	нэонилла
given	нюра
given	нюргун
given	нюргустана
given	нюргуяна
given	нюрифа
given	нюрифя
given	нюрия
given	нюрсена
given	нюрула
given	нюся
given	нюша
given	нязыф
given	оваким
given	ованес
given	овидий
given	овидио
given	овик
given	овнан
given	овсана
given	овсанна
given	овсей
given	оганез
given	оганес
given	оглы
given	огнеса
given	огнян
given	огонес
given	огустин
given	огюст
given	одамбай
given	одария
given	одарка
given	одед
given	оделина
given	оделия
given	оделла
given	одисей
given	одиссей
given	одри
given	озарий
given	ойгуль
given	ойнвид
given	оксана
given	оксанна
given	оксен
given	оксена
given	оксений
given	оксения
given	оксентий
given	оксий
given	оксина
given	оксиния
given	октав
given	октавиан
given	октавий
given	октавин
given	октавина
given	октавион
given	октавия
given	октавиян
given	октавьян
given	октавян
given	октовиан
given	октябрина
given	окулина
given	олев
given	олевтина
given	олег
given	олегимир
given	олежка
given	олександр
given	олександра
given	олексей
given	олексий
given	оленька
given	олес
given	олесия
given	олесь
given	олеська
given	олесья
given	олеся
given	олечка
given	олжас
given	оливер
given	оливера
given	оливия
given	оливье
given	оливья
given	олига
given	олида
given	олимпиада
given	олимпида
given	олимпий
given	олинда
given	олия
given	олодар
given	ольга
given	ольгерда
given	олька
given	ольяна
given	олэся
given	оля
given	оляна
given	омалия
given	омар
given	омельян
given	омелян
given	омер
given	онгарбай
given	онель
given	онеля
given	оник
given	онисим
given	онисия
given	онисья
given	онно
given	оноре
given	онорина
given	онофрий
given	онуфрий
given	опанас
given	ораз
given	оразалы
given	оразбай
given	оразберди
given	оразгельды
given	оразклыч
given	оразмурад
given	оразмухамед
given	оракбай
given	орест
given	ореста
given	орестия
given	орион
given	орислава
given	орист
given	орися
given	орлеана
given	орлег
given	орлетта
given	орудж
given	орфей
given	оршоя
given	орыся
given	осама
given	освальд
given	освальдо
given	осербай
given	осип
given	оскана
given	оскар
given	оскард
given	ослан
given	осман
given	оснельда
given	остап
given	остафий
given	ося
given	отабек
given	отар
given	отари
given	отарий
given	отелло
given	отман
given	отто
given	офелия
given	офеля
given	офер
given	офик
given	паат
given	паата
given	паато
given	паблито
given	пабло
given	паван
given	павел
given	павелас
given	павилас
given	павлена
given	павлик
given	павлин
given	павлина
given	павло
given	павлуша
given	паисий
given	пайзутдин
given	пайцар
given	палагея
given	палагия
given	палад
given	палажка
given	палинара
given	палинария
given	палогея
given	пальмиро
given	памела
given	памфил
given	панайот
given	панас
given	панкадж
given	панкрат
given	панкратий
given	панталоне
given	пантейлемон
given	пантелей
given	пантелеймон
given	пантелемон
given	пантелимон
given	пантилей
given	пантилеймон
given	пантилимон
given	панфил
given	панфилий
given	паоло
given	парамон
given	парандзем
given	параска
given	параскева
given	параскевия
given	параскея
given	параскива
given	парасковея
given	парасковия
given	парасковья
given	парасковя
given	параська
given	парвин
given	пармен
given	парниша
given	паросковия
given	парсифаль
given	партос
given	паруир
given	паруйр
given	парфена
given	парфений
given	парфентий
given	парферий
given	парфир
given	парфирий
given	парфён
given	паскаль
given	патимат
given	патрик
given	патрикей
given	патрикий
given	патрис
given	патриция
given	патыма
given	паула
given	паулина
given	пауло
given	пауль
given	пафнутий
given	пахом
given	пахомка
given	пахритдин
given	пахрудин
given	паша
given	пашка
given	певек
given	пегги
given	педро
given	пеетер
given	пеир
given	пелагеня
given	пелагея
given	пелагия
given	пелания
given	пеланья
given	пеллагея
given	пелогея
given	пелогия
given	пенелопа
given	пентелей
given	первез
given	пердовс
given	пересвет
given	персида
given	персуда
given	перун
given	перфилий
given	пестемия
given	пестия
given	песя
given	петенька
given	петер
given	петерис
given	петра
given	петрана
given	петрас
given	петрик
given	петро
given	петронеля
given	петрония
given	петруна
given	петрунелия
given	петрунеля
given	петруния
given	петрунья
given	петруня
given	петруся
given	петруша
given	петька
given	петя
given	пий
given	пил
given	пилар
given	пилип
given	пимен
given	пистемея
given	пит
given	питер
given	питирим
given	пифагор
given	пиюс
given	пласидо
given	платон
given	платонида
given	плотанида
given	плотонида
given	плутарх
given	плуто
given	пнина
given	погос
given	пол
given	полагея
given	полад
given	полад-заде
given	полада
given	поланья
given	полат
given	полексения
given	полиевкт
given	полиект
given	поликарп
given	поликсена
given	поликсения
given	полина
given	полинара
given	полинарий
given	полинария
given	полинарья
given	полиэкт
given	полкан
given	поллианна
given	пологея
given	пология
given	полтарак
given	поль
given	польнара
given	поля
given	понтелеймон
given	понтий
given	порасковия
given	порсор
given	порфилий
given	порфири
given	порфирий
given	потап
given	прабхупада
given	праксия
given	пранас
given	праскева
given	прасковея
given	прасковия
given	прасковья
given	прасковя
given	праскофья
given	предслава
given	приам
given	приська
given	прокл
given	прокоп
given	прокопи
given	прокопий
given	прокопия
given	прокофи
given	прокофий
given	прометей
given	пронька
given	просковия
given	просковья
given	проскофья
given	протас
given	протасий
given	прохор
given	птолемей
given	пулат
given	пульферия
given	пульхерия
given	пшемах
given	пьер
given	пьеро
given	пьетро
given	пятачок
given	пятр
given	пятрас
given	пётр
given	рабадан
given	рабазан
given	рабдан
given	рабига
given	рабих
given	равза
given	равида
given	равиза
given	равик
given	равил
given	равиль
given	равилья
given	равиля
given	равима
given	равина
given	равиндер
given	равиндра
given	равия
given	равхат
given	равшан
given	рагиля
given	рагим
given	рагнеда
given	рагнета
given	радамир
given	радана
given	радаслав
given	радван
given	радж
given	раджаб
given	раджамад
given	раджан
given	раджаф
given	раджеб
given	раджеш
given	раджешвар
given	раджив
given	раджинальд
given	радиада
given	радий
given	радик
given	радимир
given	радина
given	радион
given	радиона
given	радиса
given	радислав
given	радислава
given	радиф
given	радифа
given	радия
given	радка
given	радмила
given	радмина
given	радмир
given	радмира
given	раднай
given	радован
given	радомир
given	радомира
given	радослав
given	радослава
given	радославна
given	радостина
given	раду
given	ража
given	ражабай
given	ражаббай
given	ражаббой
given	ражабой
given	разалина
given	разалия
given	разалья
given	разилия
given	разиль
given	разилья
given	разиля
given	разима
given	разита
given	разифа
given	размик
given	раид
given	раида
given	раиза
given	раил
given	раиль
given	раис
given	раиса
given	раисия
given	раисса
given	раисья
given	раиф
given	раифа
given	раифта
given	райан
given	раймонд
given	раймонда
given	раймондас
given	раймондс
given	раймунд
given	раймундас
given	раймундо
given	райнер
given	райнис
given	райнольд
given	райнхард
given	райхан
given	райхон
given	раксана
given	ралезия
given	рали
given	ралида
given	рализия
given	ралина
given	ралиса
given	ралиф
given	ралия
given	ральф
given	рамазан
given	рамазон
given	рамана
given	рамзан
given	рамзес
given	рамзия
given	рамиз
given	рамил
given	рамила
given	рамилия
given	рамилла
given	рамиль
given	рамильда
given	рамиля
given	рамим
given	рамин
given	рамина
given	раминат
given	раминта
given	рамир
given	рамирес
given	рамис
given	рамих
given	рамиш
given	рамия
given	рамля
given	рамма
given	рамон
given	рамона
given	рамуальд
given	рамуальда
given	ранат
given	ранета
given	ранетта
given	ранзия
given	рани
given	ранид
given	ранида
given	ранита
given	рания
given	ранна
given	расана
given	расид
given	расида
given	расилия
given	расиль
given	расиля
given	расим
given	расима
given	расих
given	рассима
given	растислав
given	растям
given	расул
given	расуль
given	рася
given	ратибор
given	ратима
given	ратифа
given	ратмир
given	рауан
given	рауза
given	раул
given	рауль
given	рауф
given	рауфина
given	рауха
given	раушан
given	раушания
given	раф
given	рафа
given	рафагутдин
given	рафаддин
given	рафаел
given	рафаил
given	рафаила
given	рафаиль
given	рафай
given	рафалина
given	рафалия
given	рафания
given	рафаэл
given	рафаэла
given	рафаэлла
given	рафаэль
given	рафгат
given	рафида
given	рафик
given	рафил
given	рафиль
given	рафим
given	рафина
given	рафиня
given	рафира
given	рафис
given	рафиса
given	рафита
given	рафиулла
given	рафкат
given	рахат
given	рахель
given	рахида
given	рахил
given	рахила
given	рахилия
given	рахиль
given	рахильда
given	рахилья
given	рахиля
given	рахим
given	рахима
given	рахимбай
given	рахимжан
given	рахимьян
given	рахимя
given	рахман
given	рахмат
given	рахматулла
given	рахмон
given	рахмонджон
given	рахмуддин
given	рахмудин
given	рашад
given	рашед
given	рашедя
given	рашель
given	рашид
given	рашида
given	рашит
given	рая
given	ребека
given	ребекка
given	реваз
given	реваль
given	реван
given	ревас
given	реват
given	реввека
given	ревгат
given	ревека
given	ревекка
given	ревенка
given	ревета
given	ревика
given	ревилий
given	ревиль
given	ревмира
given	револина
given	револьта
given	ревомир
given	регина
given	реджеп
given	реза
given	резван
given	резеда
given	резида
given	рейимбай
given	рейна
given	рейнальдо
given	рейнард
given	рейнат
given	рейнгард
given	рейнгольд
given	рейнгольдт
given	рейно
given	рейнольд
given	рейнольдс
given	рейнхард
given	рейнхольд
given	рейня
given	рекс
given	рем
given	реми
given	ремигиюс
given	ремида
given	ремизе
given	ремик
given	ремин
given	ремина
given	ремир
given	ремира
given	ремис
given	ремляна
given	реммуальда
given	ремуальда
given	ренадий
given	ренаида
given	ренард
given	ренарт
given	ренат
given	рената
given	ренатас
given	ренате
given	ренато
given	ренатта
given	ренгина
given	рене
given	ренета
given	ренетта
given	реннадий
given	ренольд
given	реональд
given	репсима
given	репсиме
given	реувен
given	реуф
given	реф
given	рефад
given	рефат
given	риана
given	рианна
given	риарита
given	рива
given	ривека
given	ривекка
given	ривхат
given	рида
given	риджина
given	риджинальд
given	ризабек
given	ризван
given	ризуан
given	риима
given	риина
given	рик
given	рика
given	рико
given	рима
given	римаида
given	римантас
given	римас
given	римвидас
given	римзил
given	римляна
given	римма
given	римуальда
given	рина
given	ринад
given	ринада
given	ринаида
given	ринат
given	рината
given	ринита
given	риолета
given	риорита
given	рипа
given	риппа
given	рипсимия
given	ристо
given	рита
given	ритаида
given	ритина
given	рифагат
given	рифад
given	рифат
given	рифкат
given	рифхат
given	рифян
given	рихан
given	рихане
given	рихани
given	рихард
given	ричард
given	ришад
given	ришан
given	ришар
given	ришард
given	ришат
given	рияз
given	риян
given	ркия
given	роальд
given	робен
given	роберт
given	роберта
given	робертас
given	робертин
given	робертина
given	робертино
given	роберто
given	робеспьер
given	робин
given	ровена
given	ровшан
given	рогнеда
given	родерик
given	родженальд
given	роджер
given	родик
given	родион
given	родислава
given	родольфо
given	родомир
given	родослав
given	родослава
given	родя
given	роже
given	роза
given	розаида
given	розаина
given	розалина
given	розалинда
given	розалия
given	розальда
given	розалья
given	розаля
given	розамея
given	розамия
given	розана
given	розанета
given	розания
given	розанна
given	розантина
given	розария
given	розелина
given	розелия
given	розита
given	розмари
given	розолина
given	розолия
given	роини
given	рой
given	роксалана
given	роксана
given	роксолана
given	ролан
given	роланд
given	роланда
given	роландас
given	роландий
given	роллан
given	ролланд
given	рома
given	ромаз
given	ромазан
given	роман
given	романа
given	романина
given	романия
given	романна
given	ромен
given	ромео
given	ромик
given	ромил
given	ромина
given	ромуальд
given	ромуальда
given	ромул
given	ромульда
given	рон
given	рональд
given	ронни
given	росана
given	росина
given	рослана
given	россита
given	ростеслав
given	ростик
given	ростилав
given	ростислав
given	ростислава
given	ростям
given	ротислав
given	рофаина
given	рубен
given	руберт
given	руби
given	рубин
given	рубина
given	рувиль
given	рувим
given	рувин
given	руда
given	рудита
given	рудолф
given	рудоль
given	рудольф
given	рудольфина
given	ружана
given	ружена
given	ружина
given	рузаина
given	рузалин
given	рузалина
given	рузалия
given	рузана
given	рузанна
given	рузила
given	рузилия
given	рузиль
given	рузиля
given	рузина
given	рузиня
given	румия
given	руперт
given	русиф
given	руслам
given	руслан
given	руслана
given	русланбек
given	русланна
given	руслон
given	рустам
given	рустамбай
given	рустамбек
given	рустем
given	руська
given	рут
given	рутания
given	рутта
given	руфан
given	руфат
given	руфина
given	руфия
given	руфь
given	рушан
given	рушана
given	рушания
given	рушань
given	рушанья
given	рушаня
given	рэй
given	рэйчел
given	рэм
given	рэма
given	рэмир
given	рэмм
given	рэна
given	рюрик
given	ряба
given	ряис
given	рянида
given	ряхима
given	ряхимя
given	саад
given	саак
given	сабид
given	сабина
given	сабир
given	сабира
given	сабит
given	сабрина
given	сабур
given	савва
given	савватей
given	савватий
given	саввь
given	савели
given	савелий
given	савик
given	савостьян
given	сагида
given	сагит
given	сагыт
given	саддам
given	садег
given	садех
given	садри
given	садрия
given	садртдин
given	садык
given	садыкбек
given	саед
given	сажи
given	саид
given	саида
given	саидакрам
given	саидали
given	саидахмад
given	саидахмат
given	саидахмед
given	саидахон
given	саидбег
given	саидикром
given	саидмагомед
given	саидмурад
given	саидмурат
given	саидмурод
given	саидмухамед
given	саидназар
given	саидрасул
given	саиман
given	саиме
given	саит
given	сайгидпаша
given	сайгидулбатал
given	сайдалим
given	саймон
given	сайфулла
given	сайын
given	сакина
given	сакит
given	салавай
given	салават
given	саламшо
given	салах
given	салахаддин
given	салахадин
given	салахиддин
given	салахитдин
given	салахутдин
given	салех
given	салий
given	саликджан
given	салим
given	салима
given	салимбай
given	салимбек
given	салих
given	салихьян
given	салли
given	салман
given	салманида
given	салмонида
given	саломея
given	саломия
given	саломонида
given	саломония
given	салтания
given	салтычиха
given	сальбий
given	сальвадор
given	сальватор
given	сальвина
given	сальвия
given	сальмира
given	саляхетдин
given	самад
given	самаддин
given	саманта
given	самарина
given	самария
given	самархан
given	самат
given	самбел
given	самвел
given	самер
given	самера
given	сами
given	самир
given	самира
given	самия
given	самойла
given	самсон
given	самуел
given	самуил
given	самуэл
given	самуэлла
given	самуэль
given	санабар
given	санан
given	санда
given	сандали
given	сандар
given	сандахмед
given	санджит
given	сандип
given	сандмурад
given	сандра
given	сандрина
given	сандро
given	санжай
given	санжар
given	санжарбек
given	санжей
given	санир
given	санис
given	санислав
given	санита
given	сания
given	санни
given	санта-клаус
given	сантьяго
given	санфира
given	санька
given	саня
given	саодат
given	сапарбай
given	сапарбек
given	сапармурад
given	сапармурат
given	сапият
given	сара
given	сарвар
given	саргон
given	саргылана
given	сардаана
given	сарина
given	сарингюль
given	сарине
given	сарита
given	сария
given	саркис
given	сармен
given	сарра
given	сархаддин
given	сатаней
given	сати
given	сатига
given	сатида
given	сатина
given	сатия
given	сатнислав
given	саттар
given	сауд
given	сауда
given	саудат
given	сауде
given	саул
given	саулем
given	сауня
given	сафарбек
given	сафон
given	сафрон
given	сафроний
given	сафтар
given	сафура
given	сахатмурад
given	сахиба
given	саша
given	сашенька
given	сашка
given	саяд
given	саяр
given	свен
given	света
given	светалана
given	светана
given	светислав
given	светислава
given	светлана
given	светланга
given	светланка
given	светлозар
given	светломир
given	светозар
given	светозара
given	светомир
given	светослав
given	светослава
given	свирид
given	свитлана
given	свитослав
given	святислав
given	святогор
given	святозар
given	святополк
given	святослав
given	святослава
given	себастиан
given	себастьян
given	сева
given	севара
given	севастиан
given	севастьян
given	севастьяна
given	севенард
given	северина
given	северьян
given	севилия
given	севильяна
given	севочка
given	сегелиель
given	сегизмунд
given	сеголен
given	седрик
given	сеилбек
given	сеит
given	сеитали
given	сеитхалиль
given	сейдамет
given	сейед
given	сеймурат
given	сейран
given	сейрана
given	сейт
given	сейтмурат
given	сейфаддин
given	сейфадин
given	сейфеддин
given	сейфедин
given	сейфетдин
given	сейфиддин
given	сейфидин
given	сейфуддин
given	сейфутдин
given	секлетина
given	секлетиния
given	секлетинья
given	секлетия
given	секлития
given	секретина
given	селена
given	селестина
given	селиван
given	селимхан
given	селина
given	селифан
given	сельверст
given	сельвестр
given	сельвина
given	сельма
given	семенна
given	семергей
given	семирамида
given	семён
given	сенечка
given	сенклетия
given	сентябрина
given	сенька
given	сеня
given	сеппо
given	серафим
given	серафима
given	серафимия
given	серафина
given	сергей
given	сергий
given	сергиус
given	сердак
given	серджиу
given	серж
given	серик
given	серикан
given	серикбай
given	сериккали
given	сериккан
given	серикпай
given	серкан
given	сероб
given	серож
given	серожа
given	серожиддин
given	серожидин
given	серофим
given	серофима
given	серхат
given	серёга
given	серёжа
given	сесиль
given	сечкин
given	сиана
given	сибат
given	сибгат
given	сибгатулла
given	сибилла
given	сигизмунд
given	сигита
given	сигитас
given	сигмунд
given	сигэки
given	сид
given	сидония
given	сидор
given	сиклита
given	сиклитина
given	силантий
given	сильва
given	сильвана
given	сильвано
given	сильвард
given	сильварт
given	сильвер
given	сильверио
given	сильверст
given	сильвестр
given	сильвий
given	сильвик
given	сильвина
given	сильвио
given	сильвия
given	сильвиян
given	сима
given	симеон
given	симзар
given	симизар
given	симин
given	симион
given	симон
given	симона
given	симоне
given	симонетта
given	симонна
given	симочка
given	синарий
given	синди
given	синора
given	синтия
given	сиран
given	сирма
given	скайдрита
given	скайдрите
given	скотт
given	слава
given	славентий
given	славий
given	славик
given	славина
given	слависа
given	славислав
given	славия
given	славой
given	славомир
given	славомира
given	слободан
given	смит
given	снежана
given	снежанка
given	снежанна
given	снежина
given	снижана
given	снижанна
given	созонтий
given	сократ
given	соломандра
given	соломанида
given	соломания
given	соломея
given	соломия
given	соломон
given	соломона
given	соломонида
given	соломония
given	солония
given	солтан
given	сольвейг
given	сондра
given	сонечка
given	сония
given	соня
given	сопа
given	сослан
given	софа
given	софико
given	софон
given	софрон
given	софроний
given	софрония
given	соффа
given	софья
given	социала
given	социалина
given	социалла
given	спартак
given	спиридон
given	споменка
given	сруль
given	ставрий
given	сталина
given	сталинада
given	сталинида
given	сталинита
given	сталинослав
given	сталлина
given	станимир
given	станислав
given	станислава
given	станиславас
given	стапанида
given	старислав
given	стас
given	стасик
given	стафания
given	стах
given	стеланида
given	стелиана
given	стелка
given	стелла
given	стенли
given	степан
given	степанаида
given	степанида
given	степания
given	степанья
given	степаша
given	степонида
given	стефа
given	стефан
given	стефана
given	стефанида
given	стефаний
given	стефанина
given	стефания
given	стефанка
given	стеша
given	стив
given	стивен
given	стиллиан
given	стэнли
given	стюарт
given	стёпа
given	суваде
given	судаба
given	судабе
given	судип
given	суламифь
given	сулев
given	сулейман
given	сулико
given	сулим
given	султан
given	султана
given	султанахмад
given	султанахмед
given	султанбай
given	султанбек
given	султанбой
given	султангарай
given	султангарей
given	султангерей
given	сумбат
given	сунгатулла
given	сураб
given	сураба
given	сурабай
given	суран
given	сурен
given	сусана
given	сусанна
given	сутрик
given	сухраб
given	сыздык
given	сысой
given	сьюзан
given	сьюзен
given	сьюзи
given	сэм
given	сэмуэль
given	сюзанна
given	сюзанне
given	сяид
given	сёма
given	таалайбек
given	таар
given	тагаймурат
given	тагир
given	тагирзян
given	тадей
given	тадеуш
given	тадеуша
given	таджаддин
given	таджуддин
given	тадэуш
given	таир
given	таирбек
given	таис
given	таиса
given	таисиа
given	таисия
given	таисья
given	тайман
given	таймур
given	таймурад
given	таймураз
given	тайпур
given	тайчубек
given	такаси
given	тала
given	талаат
given	талаб
given	талабшо
given	талагат
given	талай
given	талал
given	талаль
given	талантбек
given	талап
given	талат
given	талгат
given	талип
given	талла
given	талха
given	тальмира
given	тальяна
given	талят
given	тамаз
given	тамара
given	тамарка
given	тамерлан
given	тамила
given	тамилия
given	тамилла
given	тамир
given	тамирлан
given	тамрико
given	танголита
given	танел
given	танечка
given	танзила
given	танзиле
given	танзили
given	танзилия
given	танзилла
given	танзилля
given	танзилэ
given	танио
given	танислав
given	танька
given	танюша
given	таня
given	тарана
given	тарас
given	тараска
given	тарво
given	тариг
given	тариел
given	тариель
given	тарий
given	тарик
given	тарина
given	тарисл
given	тарих
given	тариэл
given	тариэль
given	тариян
given	тарлан
given	тармо
given	тарп
given	тархан
given	тасенька
given	татьяна
given	татьянка
given	татэвик
given	татяна
given	таус
given	тауфик
given	тафиг
given	тафиля
given	таха
given	тахир
given	тахира
given	тахирджан
given	тахирджон
given	тахиржан
given	тахиржон
given	тахири
given	тахирян
given	тахмасиб
given	тахмина
given	тахтар
given	тацит
given	таштан
given	тая
given	тед
given	тедворт
given	тедди
given	теймраз
given	теймур
given	теймураз
given	темирбек
given	темирбулат
given	темиргалей
given	тенгиз
given	тенгис
given	теодозий
given	теодозия
given	теодор
given	теодора
given	теодорас
given	теодорий
given	теодорос
given	теодосий
given	теодосия
given	теофилия
given	теофиль
given	тереза
given	терезия
given	терентий
given	тереса
given	тересия
given	тери
given	терри
given	тея
given	тиберий
given	тибор
given	тигран
given	тиджани
given	тиина
given	тиит
given	тим
given	тима
given	тимербай
given	тимербулат
given	тимергалей
given	тимерхан
given	тимоти
given	тимофей
given	тимоша
given	тимур
given	тимураз
given	тимурбек
given	тимурбулат
given	тимурлан
given	тина
given	тинамагомед
given	тионида
given	тит
given	титус
given	тихомир
given	тихон
given	тиша
given	товий
given	товсари
given	тодос
given	тодосия
given	тойба
given	тойбе
given	тойбеле
given	тойва
given	тойво
given	тойгонбай
given	тойир
given	тойли
given	тойни
given	тольяна
given	толя
given	том
given	тома
given	томаз
given	томар
given	томас
given	томаш
given	томек
given	томила
given	томилла
given	томислав
given	томислава
given	томка
given	томми
given	тони
given	тоня
given	тоомас
given	торгом
given	торгон
given	тося
given	тофиг
given	тофик
given	тофир
given	тофич
given	тоша
given	траян
given	тристан
given	тристон
given	трифилий
given	трифон
given	триша
given	тришка
given	троадий
given	тронг
given	тронд
given	трофим
given	троян
given	трудомир
given	трудослав
given	туйаара
given	тулеген
given	тульмира
given	тульнара
given	тунджай
given	тунзала
given	турадж
given	туратбек
given	тургун
given	турлубек
given	турсунбек
given	турсунхан
given	турыс
given	туся
given	тутси
given	туфан
given	тухватуллин
given	туяна
given	тхи
given	тынис
given	тыну
given	тьерри
given	тэдди
given	тэмур
given	тэо
given	тэона
given	тэранэ
given	тэрбиш
given	тэреса
given	тэя
given	тюн
given	тюня
given	тёма
given	увайс
given	увгений
given	уве
given	увеналий
given	уго
given	удо
given	узакбай
given	уилли
given	уиллиам
given	уильям
given	уильямс
given	уинстон
given	уинтер
given	уйгун
given	улви
given	улвия
given	уле
given	улина
given	улияния
given	улла
given	уллубий
given	улугбек
given	улукбек
given	улусбек
given	ульбрихт
given	ульви
given	ульмас
given	ульрих
given	ульфат
given	ульян
given	ульяна
given	уля
given	уляна
given	умайсат
given	умалат
given	умар
given	умарали
given	умарасхаб
given	умарджон
given	умаржан
given	умаржон
given	уматгирей
given	умберто
given	умербек
given	умерджон
given	умержан
given	умерхан
given	умида
given	умирбек
given	умирзак
given	умяр
given	уна
given	уолдрон
given	уоллес
given	уолт
given	уолтер
given	уорден
given	уоррен
given	уралия
given	урмас
given	урмат
given	урматбек
given	урмила
given	урс
given	урсула
given	урузмаг
given	уршуля
given	усама
given	усман
given	усмангали
given	усманджон
given	усманжан
given	уссама
given	устим
given	устин
given	устина
given	устиния
given	устинья
given	усубек
given	ушер
given	уэйн
given	уэсли
given	фааз
given	фаат
given	фабиан
given	фабио
given	фабиян
given	фабрис
given	фабрицио
given	фабьян
given	фавад
given	фаваз
given	фаварис
given	фавасим
given	фавдия
given	фавел
given	фавель
given	фавета
given	фавзав
given	фавзия
given	фавий
given	фавиль
given	фавис
given	фавронья
given	фавст
given	фавста
given	фагада
given	фагани
given	фагем
given	фагил
given	фагила
given	фагилия
given	фагиль
given	фагилья
given	фагиля
given	фагим
given	фагима
given	фагиме
given	фагимя
given	фагин
given	фагит
given	фагия
given	фагман
given	фаград
given	фаграт
given	фадагат
given	фадаил
given	фадал
given	фадан
given	фаддей
given	фаддий
given	фадей
given	фадел
given	фадель
given	фадзия
given	фади
given	фадий
given	фадик
given	фадил
given	фадила
given	фадиля
given	фадима
given	фадиме
given	фадин
given	фадир
given	фадит
given	фадия
given	фадли
given	фадме
given	фаед
given	фаез
given	фаек
given	фажрудин
given	фазаил
given	фазаир
given	фазал
given	фазидин
given	фазил
given	фазила
given	фазилат
given	фазиле
given	фазилжан
given	фазиль
given	фазиля
given	фазима
given	фазина
given	фазира
given	фазлетдин
given	фазлиддин
given	фазлидин
given	фазмеддин
given	фазыл
given	фаиз
given	фаизрахман
given	фаик
given	фаилия
given	фаилья
given	фаиля
given	фаим
given	фаима
given	фаиме
given	фаимя
given	фаина
given	фаиня
given	фаируза
given	файзулла
given	фалилей
given	фандас
given	фанида
given	фаниза
given	фаний
given	фаника
given	фанил
given	фанилия
given	фаниль
given	фанис
given	фаниса
given	фанися
given	фания
given	фанни
given	фануза
given	фанузе
given	фанур
given	фаня
given	фард
given	фардана
given	фардания
given	фардуня
given	фарид
given	фарида
given	фарис
given	фарит
given	фартобей
given	фархад
given	фархаджан
given	фархан
given	фархат
given	фархид
given	фархинур
given	фарход
given	фарходжан
given	фарходжон
given	фархуд
given	фархутдин
given	фаста
given	фатей
given	фатек
given	фатема
given	фатен
given	фатех
given	фатеха
given	фатима
given	фатина
given	фатиния
given	фатинья
given	фатих
given	фатиха
given	фатых
given	фаузия
given	фахед
given	фахиря
given	фахразей
given	фахратдин
given	фахреддин
given	фахредин
given	фахретдин
given	фахриддин
given	фахридин
given	фахрислам
given	фахритдин
given	фахроддин
given	фахруддин
given	фахрудин
given	фахрутдин
given	фаяз
given	февзий
given	февзия
given	февралина
given	феврания
given	феврония
given	февронья
given	февруса
given	федерико
given	федечка
given	федора
given	федорий
given	федорина
given	федория
given	федос
given	федосей
given	федосея
given	федосий
given	федосия
given	федосья
given	федот
given	федотия
given	федотья
given	федул
given	федька
given	федя
given	фейга
given	фейрудин
given	феклина
given	феклиния
given	феклинья
given	феклиста
given	феклуша
given	фелания
given	фелекс
given	феликс
given	феликсас
given	феликсина
given	фелиса
given	фелисада
given	фелисата
given	фелица
given	фелицата
given	фелициана
given	фелициата
given	фелицита
given	фелиция
given	феличия
given	фелия
given	феломена
given	фелора
given	фелура
given	фелюра
given	феник
given	фенимор
given	фения
given	феноген
given	феня
given	феодора
given	феодосий
given	феодосья
given	феодотия
given	феокла
given	феоктиса
given	феоктисия
given	феоктист
given	феоктиста
given	феона
given	феонида
given	феонила
given	феонина
given	феония
given	феотинья
given	феофан
given	феофана
given	феофаний
given	феофания
given	феофанна
given	феофил
given	феофила
given	феофилакт
given	феофиния
given	феохарий
given	ферапонт
given	ферас
given	фердавис
given	фердания
given	ферданья
given	фердинанд
given	фердинандо
given	фердинант
given	фердония
given	ференц
given	ферзания
given	феридя
given	ферика
given	фернан
given	фернандо
given	феруз
given	ферхад
given	ферхат
given	ферюза
given	фетиния
given	фетинья
given	фиала
given	фиби
given	фиделия
given	фидель
given	фикрат
given	фикрет
given	фикрят
given	фил
given	филарет
given	филат
given	филигия
given	филида
given	филий
given	филимена
given	филимон
given	филимона
given	филип
given	филипия
given	филипп
given	филиппина
given	филомена
given	филомина
given	филонида
given	филонила
given	филорет
given	филорета
given	филотия
given	фильза
given	филя
given	филяра
given	фима
given	фимка
given	финария
given	финат
given	фиона
given	фиония
given	фиорентино
given	фира
given	фирагат
given	фирад
given	фираддин
given	фираз
given	фиразия
given	фираида
given	фирангиз
given	фирания
given	фирас
given	фират
given	фираус
given	фирая
given	фиринат
given	фирс
given	фируза
given	фирузе
given	фирузя
given	фируса
given	флавиан
given	флавий
given	флавио
given	флавия
given	флегонт
given	флекс
given	флера
given	флида
given	флор
given	флора
given	флорелла
given	флоренса
given	флорентина
given	флориан
given	флориана
given	флорианна
given	флорий
given	флорина
given	флорис
given	флориса
given	флурия
given	флюза
given	флюзя
given	флюн
given	флюр
given	флюра
given	флюрида
given	флюса
given	флюся
given	фока
given	фокий
given	фолькер
given	фома
given	фотий
given	фотина
given	фотинья
given	фрагонар
given	франгиз
given	франис
given	франклин
given	франс
given	франсис
given	франсуа
given	франсуаза
given	франтишек
given	франц
given	франц-иосиф
given	франциза
given	франциск
given	франциска
given	франциско
given	францишек
given	францишка
given	франческа
given	франческо
given	франчишко
given	франя
given	фред
given	фреда
given	фредди
given	фредерик
given	фредерика
given	фредерико
given	фреди
given	фредик
given	фредислав
given	фредрик
given	фрид
given	фрида
given	фридель
given	фриден
given	фридерика
given	фриджерио
given	фридрих
given	фриль
given	фрима
given	фримма
given	фрина
given	фрол
given	фросина
given	фросинья
given	фрося
given	фрузя
given	фрэнк
given	фрэнсис
given	фуад
given	фуар
given	фуат
given	фурат
given	фявзия
given	фяруза
given	фёдор
given	фёкла
given	хабиб
given	хабибрахман
given	хабибулат
given	хабибулах
given	хабибулл
given	хабибулла
given	хабибуллах
given	хавар
given	хавра
given	хаврония
given	хавронья
given	хався
given	хавьер
given	хадер
given	хаджибай
given	хаджимурат
given	хаджимурза
given	хаджимухамед
given	хадис
given	хазал
given	хазан
given	хазангюль
given	хазани
given	хазем
given	хазиахмет
given	хаим
given	хаитбай
given	хайдар
given	хайретдин
given	хайреттин
given	хайрулл
given	хаким
given	халбай
given	халед
given	халеддин
given	халеза
given	халид
given	халида
given	халик
given	халикназар
given	халил
given	халиль
given	халим
given	халима
given	халипат
given	халиса
given	халит
given	халиулла
given	халыкберды
given	хамат
given	хамдия
given	хамед
given	хамет
given	хамза
given	хамзай
given	хамзат
given	хамид
given	хамиль
given	хамит
given	хамлет
given	хаму
given	хамуд
given	хамула
given	хамурза
given	хана
given	ханали
given	ханан
given	ханафи
given	хани
given	ханс
given	харис
given	харитина
given	харитон
given	харитона
given	харитония
given	харламий
given	харламп
given	харлампий
given	харольд
given	харри
given	харрис
given	харрия
given	харуки
given	хасан
given	хасана
given	хасанб
given	хасанбай
given	хасанбек
given	хасаня
given	хасбулат
given	хасима
given	хасина
given	хасия
given	хассан
given	хася
given	хасян
given	хатам
given	хатем
given	хатиб
given	хатидже
given	хатимат
given	хатиче
given	хатия
given	хатмулла
given	хаттаб
given	хату
given	хатуна
given	хауа
given	хафиз
given	хачик
given	хачим
given	хашим
given	хая
given	хаяла
given	хейдо
given	хелен
given	хелена
given	хелене
given	хелин
given	хелина
given	хельга
given	хельге
given	хельдур
given	хельмут
given	хендрик
given	хенри
given	хенрик
given	хенрикас
given	хенрих
given	херберт
given	херли
given	херман
given	херта
given	хибла
given	хивония
given	хидэки
given	хикмат
given	хикмет
given	хилари
given	хиллари
given	хименес
given	химиус
given	химьяна
given	хлойя
given	хлония
given	хлора
given	ходжа
given	ходсон
given	хозе
given	холиса
given	хома
given	хорен
given	хорхе
given	хосе
given	хосни
given	хоссейн
given	хрисанф
given	христиана
given	христина
given	христиния
given	христинья
given	христия
given	християн
given	христоф
given	христофор
given	христьян
given	христя
given	хуан
given	хуберт
given	хубертус
given	худоберды
given	хулио
given	хусаин
given	хусейн
given	хусин
given	хуссейн
given	хусто
given	хусяин
given	хушнудбек
given	хьо
given	хью
given	хьюго
given	хьюн
given	цагаан
given	цагик
given	цай
given	цайпин
given	цайся
given	цацгай
given	цвета
given	цветана
given	цветанка
given	цветелина
given	цветлана
given	цветта
given	цезар
given	цезари
given	цезарий
given	цезарина
given	цезария
given	цезерина
given	целестина
given	целистина
given	цеслава
given	цецилия
given	цзян
given	циля
given	цинтия
given	цицерон
given	цицилия
given	цицина
given	цицино
given	цолак
given	цыля
given	цыра
given	чак
given	чарли
given	чарльз
given	че
given	червоня
given	черкез
given	чеслав
given	чеслава
given	чечилия
given	чигилия
given	чик
given	чилита
given	чингиз
given	чингизхан
given	чингис
given	чингисхан
given	чинкиз
given	чионг
given	числав
given	числава
given	чистослав
given	чичилия
given	чулпан
given	шабад
given	шабаддин
given	шабан
given	шавкат
given	шагимардан
given	шагин
given	шаид
given	шаин
given	шайбек
given	шайдабег
given	шайдулла
given	шайми
given	шак
given	шакарбек
given	шакед
given	шакир
given	шаккум
given	шакла
given	шалала
given	шалва
given	шамал
given	шамала
given	шамбулат
given	шамгун
given	шамдин
given	шамеддин
given	шамедин
given	шамил
given	шамиль
given	шамси
given	шамсинур
given	шамсия
given	шамшия
given	шамьяна
given	шана
given	шандр
given	шанетта
given	шания
given	шанна
given	шанталь
given	шараф
given	шарафаддин
given	шарафадин
given	шарафатдин
given	шарафеддин
given	шарафедин
given	шарип
given	шариф
given	шарифзян
given	шарифул
given	шарифула
given	шарифулла
given	шарифчон
given	шарифьян
given	шарифян
given	шарлота
given	шарлотта
given	шарль
given	шаро
given	шарофидин
given	шауль
given	шафгат
given	шафик
given	шахан
given	шахбала
given	шахверди
given	шахзад
given	шахла
given	шахмамед
given	шахмурад
given	шахмурат
given	шахноза
given	шахри
given	шахрияр
given	шева
given	шевкет
given	шейла
given	шелли
given	шендля
given	шеннон
given	шериг-оол
given	шерлок
given	шигаб
given	шигап
given	шимон
given	ширак
given	ширин
given	шихбала
given	шихкерим
given	шихмагомед
given	шихмамед
given	шихмурад
given	шломо
given	шод
given	шоира
given	шолом
given	шон
given	шона
given	шорена
given	шота
given	шохзод
given	шукур
given	шура
given	шурик
given	шурка
given	шурочка
given	шухрат
given	шушана
given	шушаник
given	шушаника
given	шушанна
given	эбергард
given	эберхард
given	эбола
given	эвалд
given	эвалдас
given	эвалдик
given	эвалина
given	эвальд
given	эвальдас
given	эвальт
given	эван
given	эвангелина
given	эварест
given	эвгений
given	эвгения
given	эвелина
given	эвета
given	эветта
given	эви
given	эвилина
given	эвита
given	эвия
given	эвольд
given	эвольт
given	эвридика
given	эврисфей
given	эвхан
given	эгедий
given	эгидиюс
given	эгон
given	эда
given	эдвард
given	эдварда
given	эдвардас
given	эдвардос
given	эдвин
given	эдвина
given	эдвинас
given	эдвинс
given	эдгар
given	эдгард
given	эдгарс
given	эдгарт
given	эдда
given	эдди
given	эден
given	эдик
given	эдип
given	эдит
given	эдита
given	эдитта
given	эдият
given	эдмонд
given	эдмунд
given	эдмундас
given	эдмундо
given	эдмундс
given	эдриан
given	эдуард
given	эдуарда
given	эдуардас
given	эдуардо
given	эждер
given	эжен
given	эжени
given	эзоп
given	эйдя
given	эйжен
given	эйно
given	эйрин
given	экатерина
given	экатерине
given	элан
given	элбай
given	элвард
given	элвин
given	элвира
given	элвис
given	элвиса
given	элгин
given	элдари
given	элеанора
given	элевина
given	элевтина
given	эледина
given	элеконида
given	электра
given	электрина
given	элемир
given	элен
given	элена
given	элене
given	элени
given	эленна
given	эленора
given	элентина
given	эленэ
given	элеонара
given	элеонард
given	элеонор
given	элеонора
given	элеорина
given	элетор
given	элетора
given	элефтина
given	эли
given	элиа
given	элиада
given	элиазар
given	элиан
given	элиана
given	элианора
given	элиас
given	элиаху
given	элиаш
given	элибек
given	элидия
given	элиезер
given	элиз
given	элиза
given	элизабет
given	элизабета
given	элизабетта
given	элизавета
given	эликанида
given	элима
given	элимир
given	элина
given	элинар
given	элинна
given	элинор
given	элиодора
given	элионарда
given	элионора
given	элира
given	элис
given	элиса
given	элисо
given	элисон
given	элиферий
given	элла
given	эллаз
given	эллаида
given	эллан
given	эллана
given	элланора
given	эллар
given	элле
given	эллен
given	эллеонора
given	эллер
given	элли
given	эллиада
given	эллиана
given	эллианора
given	эллида
given	эллий
given	эллина
given	эллионора
given	эллис
given	эллиса
given	эллисон
given	эллита
given	эллия
given	эллодия
given	эллоида
given	эллона
given	элля
given	элнара
given	элнур
given	элоиза
given	элона
given	элтон
given	элуиза
given	элчин
given	элшан
given	эльбай
given	эльбертина
given	эльва
given	эльвера
given	эльверина
given	эльвида
given	эльвина
given	эльвира
given	эльвитта
given	эльвия
given	эльга
given	эльгар
given	эльда
given	эльданиз
given	эльдар
given	эльдари
given	эльдат
given	эльдау
given	эльдениз
given	эльдер
given	эльдерхан
given	эльджан
given	эльдин
given	эльдина
given	эльдия
given	эльдияр
given	эльдониз
given	эльдор
given	эльжбета
given	эльжбетта
given	эльжбита
given	эльза
given	эльзам
given	эльзана
given	эльзар
given	эльзара
given	эльзида
given	эльма
given	эльмаз
given	эльман
given	эльмар
given	эльмара
given	эльмарт
given	эльмас
given	эльмина
given	эльмир
given	эльмира
given	эльна
given	эльнара
given	эльнаре
given	эльнира
given	эльнора
given	эльнур
given	эльнура
given	эльонора
given	эльпида
given	эльфер
given	эльфина
given	эльфира
given	эльфис
given	эльфия
given	эльфреда
given	эльфрида
given	эльхан
given	эльхап
given	эльчибей
given	эльчин
given	эльшан
given	эльяна
given	эльянора
given	эльяс
given	эля
given	эма
given	эмалия
given	эмануил
given	эмануэла
given	эмануэлла
given	эмануэль
given	эмерих
given	эмил
given	эмила
given	эмиле
given	эмили
given	эмилиа
given	эмилиан
given	эмилиана
given	эмилий
given	эмилио
given	эмилита
given	эмилия
given	эмиль
given	эмин
given	эмина
given	эмирбек
given	эмирсултан
given	эмма
given	эммалина
given	эммалия
given	эммануил
given	эммануила
given	эммануэла
given	эммануэлла
given	эммануэль
given	эммерита
given	эммилия
given	эмомали
given	эмонора
given	эмре
given	эмфира
given	эмфрида
given	энвер
given	энгелина
given	энгелиса
given	энгелия
given	энгельс
given	энгельсина
given	энгем
given	энгилина
given	эндже
given	энди
given	эндре
given	эндрю
given	энелина
given	энн
given	энна
given	эннан
given	эннель
given	эннеса
given	эннесса
given	эннета
given	энни
given	энрике
given	энрико
given	энтони
given	энэлия
given	эразм
given	эран
given	эраст
given	эрвин
given	эрвина
given	эргарт
given	эржейбет
given	эржибет
given	эржика
given	эрий
given	эрик
given	эрикас
given	эрики
given	эрикназ
given	эрико
given	эрикос
given	эрикс
given	эриксон
given	эрих
given	эркаим
given	эркан
given	эрки
given	эркибай
given	эркин
given	эркина
given	эркинбай
given	эркинжан
given	эркинжон
given	эркия
given	эрлан
given	эрланд
given	эрланда
given	эрландас
given	эрлен
given	эрленд
given	эрна
given	эрнан
given	эрнандес
given	эрнастина
given	эрнест
given	эрнеста
given	эрнестас
given	эрнестина
given	эрнесто
given	эрнестр
given	эрнистина
given	эрнст
given	эсмеральда
given	эсмира
given	эстелла
given	эстер
given	эстера
given	эсфира
given	эсфирь
given	этел
given	этела
given	этелина
given	этелла
given	этель
given	этера
given	этери
given	этерия
given	этилия
given	этильда
given	этина
given	этлина
given	этля
given	этьен
given	эфалия
given	эфраим
given	эфросинья
given	эффалия
given	эхаб
given	эхат
given	эхуд
given	эшли
given	ювеналий
given	ювиналий
given	югания
given	югина
given	юджин
given	юдит
given	юдита
given	юдифь
given	юзеф
given	юзефа
given	юзефий
given	юзефина
given	юзефия
given	юлана
given	юланна
given	юланта
given	юлдаш
given	юлдуз
given	юлдуза
given	юлдус
given	юленька
given	юли
given	юлиа
given	юлиан
given	юлиана
given	юлиания
given	юлианна
given	юлидия
given	юлиза
given	юлий
given	юлик
given	юлика
given	юлина
given	юлинна
given	юлиса
given	юлита
given	юлитта
given	юлия
given	юлиян
given	юлияна
given	юлька
given	юльяна
given	юльянна
given	юля
given	юляна
given	юна
given	юната
given	юнель
given	юнесса
given	юнета
given	юниана
given	юниона
given	юнис
given	юния
given	юнна
given	юнона
given	юнонна
given	юнус
given	юнус-бек
given	юня
given	юра
given	юрата
given	юрген
given	юргис
given	юргита
given	юри
given	юрианна
given	юрие
given	юрий
given	юрийна
given	юрик
given	юрина
given	юрис
given	юрислав
given	юрислам
given	юриц
given	юрич
given	юриюс
given	юрка
given	юрний
given	юрчик
given	юсеф
given	юсиф
given	юстина
given	юстиниан
given	юстиния
given	юстинья
given	юсуб
given	юсуп
given	юсупали
given	юсуф
given	юта
given	ютан
given	яан
given	яанна
given	явдокия
given	явдоха
given	яго
given	ядвига
given	ядвина
given	ядгар
given	язгуль
given	язмурад
given	язмурат
given	яина
given	яир
given	яким
given	якоб
given	яков
given	якуб
given	якуш
given	якуша
given	ялгин
given	ялмаз
given	ян
given	яна
given	янакий
given	яната
given	январина
given	янета
given	янетта
given	яниана
given	яник
given	яника
given	янина
given	янинна
given	янис
given	яниса
given	янислав
given	янислава
given	янита
given	яния
given	янка
given	янкель
given	янна
given	янник
given	яннина
given	яннис
given	янош
given	янсылу
given	януара
given	януарий
given	януария
given	янус
given	януш
given	яраслав
given	ярик
given	ярина
given	яромир
given	ярон
given	ярополк
given	яросдав
given	ярослав
given	ярослава
given	ярославия
given	ярулла
given	ярёма
given	ясер
given	ясера
given	ясик
given	ясин
given	ясир
given	яслина
given	ясмина
given	ясон
given	ясса
given	яссер
given	ясь
given	яся
given	ятим
given	яудат
given	яфит
given	яха
given	яхебек
given	яцек
given	ячеслав
given	яша
given	яшар
given	яэль
patronymic	аавович
patronymic	аамирович
patronymic	абабакарович
patronymic	абабакирович
patronymic	абадович
patronymic	абаевич
patronymic	абазерович
patronymic	абакарович
patronymic	абакумович
patronymic	абасалиевич
patronymic	абасиевич
patronymic	абасович
patronymic	абатович
patronymic	аббасалиевич
patronymic	аббасович
patronymic	аббосович
patronymic	аббясович
patronymic	абгарович
patronymic	абдалахович
patronymic	абдаллахович
patronymic	абдаллович
patronymic	абдалович
patronymic	абдарахманович
patronymic	абделазизович
patronymic	абделалиевич
patronymic	абделевич
patronymic	абделилахович
patronymic	абделкадерович
patronymic	абделкримович
patronymic	абделлатифович
patronymic	абделлахович
patronymic	абделович
patronymic	абделрахманович
patronymic	абдель-насирович
patronymic	абдельазизович
patronymic	абдельбасетович
patronymic	абделькабирович
patronymic	абделькадерович
patronymic	абделькаримович
patronymic	абделькримович
patronymic	абдельмажидович
patronymic	абдельмалекович
patronymic	абдельрахимович
patronymic	абдельрахманович
patronymic	абдельсаламович
patronymic	абдельтифович
patronymic	абдельхадиевич
patronymic	абдельхакимович
patronymic	абдельхакович
patronymic	абдельхалимович
patronymic	абдельхамидович
patronymic	абденбиевич
patronymic	абденурович
patronymic	абдерразакович
patronymic	абдерраззакович
patronymic	абдеррахимович
patronymic	абдеррахманович
patronymic	абдеррезакович
patronymic	абдесламович
patronymic	абдессамадович
patronymic	абджалилович
patronymic	абдибекович
patronymic	абдивалиевич
patronymic	абдиганиевич
patronymic	абдиевич
patronymic	абдижалилович
patronymic	абдикадирович
patronymic	абдикаримович
patronymic	абдилазизович
patronymic	абдиламитович
patronymic	абдиллович
patronymic	абдильдинович
patronymic	абдимажитович
patronymic	абдималикович
patronymic	абдинович
patronymic	абдиразакович
patronymic	абдираимович
patronymic	абдирайимович
patronymic	абдирахманович
patronymic	абдирашидович
patronymic	абдирашитович
patronymic	абдисаматович
patronymic	абдисатторович
patronymic	абдишевич
patronymic	абдович
patronymic	абдраимович
patronymic	абдракимович
patronymic	абдраманович
patronymic	абдрауфович
patronymic	абдрахимович
patronymic	абдрахманович
patronymic	абдрашитович
patronymic	абдрефиевич
patronymic	абдрешитович
patronymic	абдряхимович
patronymic	абдуалимович
patronymic	абдубасирович
patronymic	абдубаситович
patronymic	абдуваитович
patronymic	абдувайтович
patronymic	абдувакилович
patronymic	абдувалиевич
patronymic	абдувахабович
patronymic	абдувахидович
patronymic	абдувахитович
patronymic	абдугамидович
patronymic	абдуганиевич
patronymic	абдугапарович
patronymic	абдугаппарович
patronymic	абдугафарович
patronymic	абдугафорович
patronymic	абдугаффарович
patronymic	абдуджаборович
patronymic	абдуджалилович
patronymic	абдуевич
patronymic	абдужабарович
patronymic	абдужаббарович
patronymic	абдужабборович
patronymic	абдужаборович
patronymic	абдужалилович
patronymic	абдужамилович
patronymic	абдужелилович
patronymic	абдукадирович
patronymic	абдукадырович
patronymic	абдукаимович
patronymic	абдукаримович
patronymic	абдукахорович
patronymic	абдукаюмович
patronymic	абдукеримович
patronymic	абдукиборович
patronymic	абдукодирович
patronymic	абдукодырович
patronymic	абдул-азизович
patronymic	абдул-азимович
patronymic	абдул-басирович
patronymic	абдул-ганиевич
patronymic	абдул-джафарович
patronymic	абдул-кадирович
patronymic	абдул-кадырович
patronymic	абдул-камалович
patronymic	абдул-каюмович
patronymic	абдул-мажидович
patronymic	абдул-саламович
patronymic	абдул-фатахович
patronymic	абдул-хакович
patronymic	абдул-шейхович
patronymic	абдулабекович
patronymic	абдуладжанович
patronymic	абдулаевич
patronymic	абдулажанович
patronymic	абдулажонович
patronymic	абдулазизович
patronymic	абдулазисович
patronymic	абдулазянович
patronymic	абдулаимович
patronymic	абдулалиевич
patronymic	абдулалимович
patronymic	абдуламидович
patronymic	абдуламитович
patronymic	абдуланович
patronymic	абдуласирович
patronymic	абдулативович
patronymic	абдулатифович
patronymic	абдулахадович
patronymic	абдулахаевич
patronymic	абдулаханович
patronymic	абдулахатович
patronymic	абдулахович
patronymic	абдулбагиевич
patronymic	абдулбакиевич
patronymic	абдулбариевич
patronymic	абдулбасирович
patronymic	абдулбаситович
patronymic	абдулбашевич
patronymic	абдулбаширович
patronymic	абдулвагабович
patronymic	абдулвахапович
patronymic	абдулвахедович
patronymic	абдулвахобович
patronymic	абдулвелиевич
patronymic	абдулгадиевич
patronymic	абдулгадирович
patronymic	абдулгазизович
patronymic	абдулгамидович
patronymic	абдулгапурович
patronymic	абдулгафарович
patronymic	абдулгафурович
patronymic	абдулгусейнович
patronymic	абдулджалилович
patronymic	абдулевич
patronymic	абдулжамилович
patronymic	абдулзагирович
patronymic	абдулкадерович
patronymic	абдулкадирович
patronymic	абдулкадырович
patronymic	абдулкаирович
patronymic	абдулкайюмович
patronymic	абдулкарамович
patronymic	абдулкаримович
patronymic	абдулкасимович
patronymic	абдулкасирович
patronymic	абдулкафарович
patronymic	абдулкаюмович
patronymic	абдулкеримович
patronymic	абдулкиримович
patronymic	абдулкодирович
patronymic	абдуллагаджиевич
patronymic	абдуллажанович
patronymic	абдуллазизович
patronymic	абдуллатифович
patronymic	абдуллахович
patronymic	абдуллевич
patronymic	абдуллович
patronymic	абдулложанович
patronymic	абдулложонович
patronymic	абдулмаджидович
patronymic	абдулмажидович
patronymic	абдулмажитович
patronymic	абдулмаликович
patronymic	абдулманафович
patronymic	абдулманонович
patronymic	абдулмеджидович
patronymic	абдулмеджиевич
patronymic	абдулмеджитович
patronymic	абдулмежитович
patronymic	абдулмеликович
patronymic	абдулмуминович
patronymic	абдулмуродович
patronymic	абдулмуслимович
patronymic	абдулмуталимович
patronymic	абдулмуталинович
patronymic	абдулнасирович
patronymic	абдулнетифович
patronymic	абдулович
patronymic	абдулпатахович
patronymic	абдулрагимович
patronymic	абдулразакович
patronymic	абдулрахманович
patronymic	абдулрашидович
patronymic	абдулсаламович
patronymic	абдулсалимович
patronymic	абдулселимович
patronymic	абдулфазович
patronymic	абдулхадирович
patronymic	абдулхадырович
patronymic	абдулхаевич
patronymic	абдулхаерович
patronymic	абдулхаирович
patronymic	абдулхайлович
patronymic	абдулхакимович
patronymic	абдулхакович
patronymic	абдулхаликович
patronymic	абдулхалимович
patronymic	абдулхамедович
patronymic	абдулхамидович
patronymic	абдулхамитович
patronymic	абдулханович
patronymic	абдулхатович
patronymic	абдулхахович
patronymic	абдулхович
patronymic	абдульберович
patronymic	абдульвахидович
patronymic	абдульрахманович
patronymic	абдульфазович
patronymic	абдульхадиевич
patronymic	абдулярович
patronymic	абдумаджитович
patronymic	абдумажидович
patronymic	абдумажитович
patronymic	абдумаликович
patronymic	абдуманнобович
patronymic	абдуманонович
patronymic	абдумуталипович
patronymic	абдумуталович
patronymic	абдунабиевич
patronymic	абдуназарович
patronymic	абдунасирович
patronymic	абдуносирович
patronymic	абдуолимович
patronymic	абдурагимович
patronymic	абдуразакович
patronymic	абдураззакович
patronymic	абдуразокович
patronymic	абдураимович
patronymic	абдуракибович
patronymic	абдураманович
patronymic	абдурасулович
patronymic	абдурауфович
patronymic	абдурафиевич
patronymic	абдурахибович
patronymic	абдурахимович
patronymic	абдурахинович
patronymic	абдурахманович
patronymic	абдурахмонович
patronymic	абдурашидович
patronymic	абдурашитович
patronymic	абдурешитович
patronymic	абдурманович
patronymic	абдурович
patronymic	абдурохмонович
patronymic	абдуррауфович
patronymic	абдусаламович
patronymic	абдусалевич
patronymic	абдусаломович
patronymic	абдусаматович
patronymic	абдусамиевич
patronymic	абдусатарович
patronymic	абдусаттарович
patronymic	абдусатторович
patronymic	абдуселимович
patronymic	абдуссатарович
patronymic	абдуссаторович
patronymic	абдухабибович
patronymic	абдухакимович
patronymic	абдухаликович
patronymic	абдухалилович
patronymic	абдухалимович
patronymic	абдухалыкович
patronymic	абдухамидович
patronymic	абдуханонович
patronymic	абдухоликович
patronymic	абдыевич
patronymic	абдыкаюмович
patronymic	абдылбарович
patronymic	абдылдабекович
patronymic	абдылхакович
patronymic	абединович
patronymic	абедович
patronymic	абезович
patronymic	абелевич
patronymic	абелиевич
patronymic	абелович
patronymic	абенович
patronymic	абесаломиевич
patronymic	абесаломович
patronymic	абетович
patronymic	абжалолович
patronymic	абзалбекович
patronymic	абзалдинович
patronymic	абзалович
patronymic	абзалтдинович
patronymic	абзалутдинович
patronymic	абзарович
patronymic	абибевич
patronymic	абибович
patronymic	абибулахович
patronymic	абибуллович
patronymic	абибулович
patronymic	абидатович
patronymic	абидинович
patronymic	абидович
patronymic	абидуллович
patronymic	абидулович
patronymic	абидяевич
patronymic	абиевич
patronymic	абикович
patronymic	абилевич
patronymic	абилжонович
patronymic	абилиевич
patronymic	абилкасимович
patronymic	абилович
patronymic	абилфазович
patronymic	абилфатович
patronymic	абилхаирович
patronymic	абильванович
patronymic	абильвапович
patronymic	абильфасович
patronymic	абильфатович
patronymic	абисалович
patronymic	абисаломович
patronymic	абитович
patronymic	абишевич
patronymic	абкадерович
patronymic	абкарович
patronymic	абкеримович
patronymic	аблаевич
patronymic	аблазизович
patronymic	аблакулович
patronymic	аблемитович
patronymic	аблесович
patronymic	аблович
patronymic	аблокулович
patronymic	абляевич
patronymic	аблязизович
patronymic	аблязисович
patronymic	аблязович
patronymic	аблякимович
patronymic	аблямидович
patronymic	аблямитович
patronymic	аблясович
patronymic	абович
patronymic	абовович
patronymic	аболфазлович
patronymic	абонидович
patronymic	абраамович
patronymic	абрагамович
patronymic	абраевич
patronymic	абрамович
patronymic	абрарович
patronymic	абратович
patronymic	абрахамович
patronymic	абрахимович
patronymic	абрахманович
patronymic	абрашевич
patronymic	абрашитович
patronymic	абрикович
patronymic	аброрбекович
patronymic	аброрович
patronymic	абросимович
patronymic	абсаидович
patronymic	абсалудинович
patronymic	абсалямович
patronymic	абсаттарович
patronymic	абселимович
patronymic	абу-супьянович
patronymic	абу-хасанович
patronymic	абубакарович
patronymic	абубакерович
patronymic	абубакирович
patronymic	абубакрович
patronymic	абубекерович
patronymic	абубекирович
patronymic	абударович
patronymic	абудинович
patronymic	абудович
patronymic	абуевич
patronymic	абуезитович
patronymic	абузагирович
patronymic	абузарович
patronymic	абузедович
patronymic	абузерович
patronymic	абузярович
patronymic	абукарович
patronymic	абулганиевич
patronymic	абуллович
patronymic	абулович
patronymic	абулфазович
patronymic	абулфасович
patronymic	абулфатович
patronymic	абулхасимович
patronymic	абульдерович
patronymic	абульфазович
patronymic	абульфарзович
patronymic	абульфатович
patronymic	абумеслимович
patronymic	абумислимович
patronymic	абумуслимович
patronymic	абумуслинович
patronymic	абурашидович
patronymic	абусаламович
patronymic	абусатович
patronymic	абусупьянович
patronymic	абуталибович
patronymic	абуталиевич
patronymic	абуталипович
patronymic	абушевич
patronymic	абуязитович
patronymic	абхаевич
patronymic	абхиджитович
patronymic	абхинавович
patronymic	абхишекович
patronymic	абылевич
patronymic	абылкасымович
patronymic	абытович
patronymic	абышевич
patronymic	абясович
patronymic	авагимович
patronymic	авагович
patronymic	авадиевич
patronymic	авадович
patronymic	авазбекович
patronymic	авазович
patronymic	авазханович
patronymic	авакович
patronymic	авакумович
patronymic	авамилевич
patronymic	аванесович
patronymic	аванирович
patronymic	аванович
patronymic	авасхонович
patronymic	аватович
patronymic	аваханумович
patronymic	авахович
patronymic	аввакумович
patronymic	аввович
patronymic	авгаилович
patronymic	авганович
patronymic	авгонович
patronymic	августинович
patronymic	авдалович
patronymic	авдатович
patronymic	авдеевич
patronymic	авдиевич
patronymic	авдилович
patronymic	авдишевич
patronymic	авдович
patronymic	авдышевич
patronymic	авегикович
patronymic	аведикович
patronymic	аведисович
patronymic	авезович
patronymic	авелевич
patronymic	авелиевич
patronymic	авелович
patronymic	авенариусович
patronymic	авенерович
patronymic	авенирович
patronymic	авериевич
patronymic	аверкиевич
patronymic	аверович
patronymic	аверьянович
patronymic	аверянович
patronymic	авесаломович
patronymic	аветикович
patronymic	аветинович
patronymic	аветисович
patronymic	аветович
patronymic	авзалович
patronymic	авивович
patronymic	авигдорович
patronymic	авиевич
patronymic	авизарович
patronymic	авикович
patronymic	авилевич
patronymic	авилович
patronymic	авимович
patronymic	авинерович
patronymic	авинирович
patronymic	ависович
patronymic	авиэзерович
patronymic	авксентиевич
patronymic	авлександрович
patronymic	авлентинович
patronymic	авлериевич
patronymic	авмандилович
patronymic	авниевич
patronymic	авович
patronymic	авраамович
patronymic	аврамиевич
patronymic	аврамович
patronymic	аврелиевич
patronymic	аврелович
patronymic	аврикович
patronymic	аврорович
patronymic	авросимович
patronymic	аврумович
patronymic	авсеевич
patronymic	авсентиевич
patronymic	авсиевич
patronymic	австафиевич
patronymic	автаидилович
patronymic	автандиевич
patronymic	автандилович
patronymic	автандинович
patronymic	автарович
patronymic	автендилович
patronymic	автондилович
patronymic	автономович
patronymic	авхадиевич
patronymic	авхатович
patronymic	ага-алиевич
patronymic	ага-мамедович
patronymic	агабабович
patronymic	агабалович
patronymic	агаббович
patronymic	агабекович
patronymic	агавардович
patronymic	агавердиевич
patronymic	агавниевич
patronymic	агавникович
patronymic	агагулуевич
patronymic	агагусейнович
patronymic	агададашевич
patronymic	агадарович
patronymic	агадашевич
patronymic	агаддинович
patronymic	агаджанович
patronymic	агаджафарович
patronymic	агаевич
patronymic	агажанович
patronymic	агаирзович
patronymic	агаисмаилович
patronymic	агакеримович
patronymic	агакишиевич
patronymic	агакшиевич
patronymic	агаларович
patronymic	агалиевич
patronymic	агалыевич
patronymic	агалямович
patronymic	агамалыевич
patronymic	агамамедович
patronymic	агамедович
patronymic	агамирович
patronymic	агаммедович
patronymic	агамович
patronymic	агамогланович
patronymic	агамурадович
patronymic	агамуратович
patronymic	агамыратович
patronymic	аганезович
patronymic	аганесович
patronymic	аганикович
patronymic	агапиевич
patronymic	агапович
patronymic	агарагимович
patronymic	агарвалович
patronymic	агарзович
patronymic	агариевич
patronymic	агаронович
patronymic	агаропович
patronymic	агасадович
patronymic	агасалимович
patronymic	агасафович
patronymic	агасиевич
patronymic	агасинович
patronymic	агасович
patronymic	агастанович
patronymic	агасыевич
patronymic	агафангелович
patronymic	агафиевич
patronymic	агафонович
patronymic	агаханович
patronymic	агаширинович
patronymic	агаярович
patronymic	агванович
patronymic	аггеевич
patronymic	аггович
patronymic	агдасович
patronymic	агеевич
patronymic	агекович
patronymic	агелинович
patronymic	агениевич
patronymic	агенович
patronymic	агерович
patronymic	агзамович
patronymic	агзамутдинович
patronymic	агзанович
patronymic	агзямович
patronymic	агивович
patronymic	агигатович
patronymic	агиевич
patronymic	агикович
patronymic	агилович
patronymic	агирафович
patronymic	агирович
patronymic	агисович
patronymic	агитович
patronymic	агифович
patronymic	агишинович
patronymic	агиянович
patronymic	агларович
patronymic	аглиуллович
patronymic	агляметдинович
patronymic	аглямович
patronymic	аглямутдинович
patronymic	агмадович
patronymic	агндреевич
patronymic	агович
patronymic	агопович
patronymic	агосиевич
patronymic	агостинович
patronymic	агофонович
patronymic	агранович
patronymic	агресович
patronymic	агрисович
patronymic	агубевич
patronymic	агубекирович
patronymic	агудасович
patronymic	агуникович
patronymic	агунович
patronymic	агуриевич
patronymic	агшинович
patronymic	адаевич
patronymic	адаилович
patronymic	адаларович
patronymic	адалатович
patronymic	адалетович
patronymic	адалиевич
patronymic	адальбертович
patronymic	адалятович
patronymic	адамбаевич
patronymic	адамович
patronymic	адамурович
patronymic	аданисович
patronymic	аданович
patronymic	адапетович
patronymic	адарович
patronymic	адасович
patronymic	адбуллахович
patronymic	адвардович
patronymic	адвартович
patronymic	адгамович
patronymic	адганович
patronymic	адгарович
patronymic	адгезалович
patronymic	адгемович
patronymic	аддиевич
patronymic	адексеевич
patronymic	аделиевич
patronymic	аделович
patronymic	адельжанович
patronymic	адельзянович
patronymic	адельмурзинович
patronymic	адельханович
patronymic	адельшанович
patronymic	адемеевич
patronymic	адемович
patronymic	адесович
patronymic	адехамович
patronymic	адешевич
patronymic	аджаевич
patronymic	аджамович
patronymic	аджарович
patronymic	аджатович
patronymic	аджеевич
patronymic	аджерович
patronymic	аджиевич
patronymic	аджимирович
patronymic	аджимуратович
patronymic	аджиревич
patronymic	аджитович
patronymic	аджихалилович
patronymic	аджмалович
patronymic	адианович
patronymic	адибекович
patronymic	адибович
patronymic	адигамович
patronymic	адигарович
patronymic	адигезалович
patronymic	адигозалович
patronymic	адиевич
patronymic	адизович
patronymic	адикович
patronymic	адил-оглыевич
patronymic	адилбекович
patronymic	адилджанович
patronymic	адилевич
patronymic	адилжанович
patronymic	адилжонович
patronymic	адилканович
patronymic	адилович
patronymic	адилханович
patronymic	адилшахович
patronymic	адиль-гиреевич
patronymic	адильбекович
patronymic	адильгиреевич
patronymic	адильжанович
patronymic	адильханович
patronymic	адимирович
patronymic	адимович
patronymic	адинжанович
patronymic	адинович
patronymic	адипович
patronymic	адипханович
patronymic	адирович
patronymic	адисеевич
patronymic	адиславович
patronymic	адисович
patronymic	адитович
patronymic	адифович
patronymic	адиширинович
patronymic	адланович
patronymic	адлиевич
patronymic	адлович
patronymic	адлыевич
patronymic	адманович
patronymic	аднанович
patronymic	адолатович
patronymic	адолетович
patronymic	адолиевич
patronymic	адоликович
patronymic	адолфович
patronymic	адольфасович
patronymic	адольфович
patronymic	адолятович
patronymic	адомасович
patronymic	адонович
patronymic	адреевич
patronymic	адрианович
patronymic	адрианусович
patronymic	адриевич
patronymic	адриенович
patronymic	адриянович
patronymic	адуевич
patronymic	адулкадерович
patronymic	адурахманович
patronymic	адхамжанович
patronymic	адхамжонович
patronymic	адхамович
patronymic	адыбекович
patronymic	адыевич
patronymic	адылжанович
patronymic	адылович
patronymic	адымович
patronymic	адыпович
patronymic	адырович
patronymic	адыхамович
patronymic	адыханович
patronymic	адьгамович
patronymic	адьямович
patronymic	адьянович
patronymic	адэлович
patronymic	аеатолиевич
patronymic	аедреевич
patronymic	ажаевич
patronymic	ажарович
patronymic	аждаакович
patronymic	аждарович
patronymic	ажейранович
patronymic	ажемакович
patronymic	ажимович
patronymic	ажмамбетович
patronymic	азадаханович
patronymic	азадиевич
patronymic	азадович
patronymic	азадунович
patronymic	азаевич
patronymic	азазеллович
patronymic	азалиевич
patronymic	азалович
patronymic	азалханович
patronymic	азалшович
patronymic	азаматжонович
patronymic	азаматович
patronymic	азамбаевич
patronymic	азамджонович
patronymic	азаметович
patronymic	азамжанович
patronymic	азамжонович
patronymic	азамович
patronymic	азариевич
patronymic	азарович
patronymic	азатанович
patronymic	азатбаевич
patronymic	азатович
patronymic	азатуиевич
patronymic	азатханович
patronymic	азауханович
patronymic	азафович
patronymic	азгамович
patronymic	азгарович
patronymic	азгатович
patronymic	азгушевич
patronymic	азевич
patronymic	азеддинович
patronymic	аземетович
patronymic	аземович
patronymic	азерович
patronymic	аззамович
patronymic	азиевич
patronymic	азиевович
patronymic	азизамиевич
patronymic	азизаханович
patronymic	азизахонович
patronymic	азизбекович
patronymic	азизжонович
patronymic	азизкулович
patronymic	азизович
patronymic	азизуллович
patronymic	азизхонович
patronymic	азикович
patronymic	азимбаевич
patronymic	азимджанович
patronymic	азимджонович
patronymic	азимжанович
patronymic	азимович
patronymic	азимханович
patronymic	азимшович
patronymic	азирович
patronymic	азисович
patronymic	азитович
patronymic	азманович
patronymic	азматович
patronymic	азметович
patronymic	азмиевич
patronymic	азнаурович
patronymic	азнафович
patronymic	азнивович
patronymic	азнифович
patronymic	азнывович
patronymic	азович
patronymic	азоматович
patronymic	азорович
patronymic	азрет-алиевич
patronymic	азретович
patronymic	азриелевич
patronymic	азрилевич
patronymic	азриэлевич
patronymic	азхарович
patronymic	азымович
patronymic	азэрович
patronymic	азярович
patronymic	аивазович
patronymic	аиварович
patronymic	аивирович
patronymic	аидерович
patronymic	аидиевич
patronymic	аидынович
patronymic	аиевич
patronymic	аизорович
patronymic	аиказович
patronymic	аикович
patronymic	аикторович
patronymic	аилазович
patronymic	аиманович
patronymic	аинарсович
patronymic	аиниевич
patronymic	аинович
patronymic	аисерович
patronymic	аислуевич
patronymic	аисович
patronymic	аитбаевич
patronymic	аитович
patronymic	айарович
patronymic	айарпиевич
patronymic	айасерович
patronymic	айастанович
patronymic	айбанизович
patronymic	айбарович
patronymic	айбекович
patronymic	айбенизович
patronymic	айбулатович
patronymic	айвазович
patronymic	айварасович
patronymic	айварович
patronymic	айварсович
patronymic	айвасович
patronymic	айвенгович
patronymic	айвизович
patronymic	айвикович
patronymic	айвович
patronymic	айгазович
patronymic	айганушевич
patronymic	айгарович
patronymic	айгарсович
patronymic	айгинович
patronymic	айгозелевич
patronymic	айгубович
patronymic	айгулович
patronymic	айгунович
patronymic	айгушевич
patronymic	айгюнович
patronymic	айдамирович
patronymic	айдаралиевич
patronymic	айдарбекович
patronymic	айдарович
patronymic	айдарханович
patronymic	айдасович
patronymic	айдевич
patronymic	айдемирович
patronymic	айденович
patronymic	айдерович
patronymic	айджамалович
patronymic	айджанович
patronymic	айджемалович
patronymic	айдимирович
patronymic	айдинбекович
patronymic	айдинович
patronymic	айдирович
patronymic	айдоганович
patronymic	айдогдыевич
patronymic	айдосович
patronymic	айдукович
patronymic	айдумович
patronymic	айдунович
patronymic	айдыкович
patronymic	айдымович
patronymic	айдынбекович
patronymic	айдынович
patronymic	айдыпович
patronymic	айдырович
patronymic	айедович
patronymic	айерович
patronymic	айжамалович
patronymic	айзанатович
patronymic	айзанович
patronymic	айзатович
patronymic	айзерович
patronymic	айзикович
patronymic	айзудинович
patronymic	айзыкович
patronymic	айисатович
patronymic	айишатович
patronymic	айкаевич
patronymic	айказович
patronymic	айказунович
patronymic	айкандухтович
patronymic	айканушевич
patronymic	айкарамович
patronymic	айкаранович
patronymic	айкасович
patronymic	айкизович
patronymic	айкович
patronymic	айкуиевич
patronymic	айкунович
patronymic	айкутович
patronymic	айкушевич
patronymic	айкюнович
patronymic	айлазович
patronymic	айленович
patronymic	айлиевич
patronymic	айлинович
patronymic	айманиевич
patronymic	айманович
patronymic	аймевич
patronymic	айменович
patronymic	аймерович
patronymic	аймисеевич
patronymic	айнагулович
patronymic	айнарович
patronymic	айнарсович
patronymic	айнасович
patronymic	айндиевич
patronymic	айнерович
patronymic	айниддинович
patronymic	айнидинович
patronymic	айниевич
patronymic	айнижанович
patronymic	айнитдинович
patronymic	айнович
patronymic	айнуддинович
patronymic	айнудинович
patronymic	айнулович
patronymic	айнуревич
patronymic	айнутдинович
patronymic	айович
patronymic	айоделевич
patronymic	айразатович
patronymic	айранетович
patronymic	айрапетович
patronymic	айратович
patronymic	айресович
patronymic	айрикович
patronymic	айрович
patronymic	айсаратович
patronymic	айсарович
patronymic	айселович
patronymic	айселуевич
patronymic	айсенович
patronymic	айсерович
patronymic	айсилуевич
patronymic	айстанович
patronymic	айсуевич
patronymic	айсылуевич
patronymic	айсынович
patronymic	айтакинович
patronymic	айтанович
patronymic	айтачович
patronymic	айтевич
patronymic	айтекович
patronymic	айтемирович
patronymic	айтжанович
patronymic	айткалиевич
patronymic	айтмаматович
patronymic	айтмухамедович
patronymic	айтпаевич
patronymic	айтуганович
patronymic	айтэнович
patronymic	айтянович
patronymic	айферович
patronymic	айхалович
patronymic	айхамович
patronymic	айханович
patronymic	айхунович
patronymic	айцемникович
patronymic	айчанович
patronymic	айчжунович
patronymic	айшанович
patronymic	айшатович
patronymic	айшаханович
patronymic	айшахонович
patronymic	айшетович
patronymic	айшиевич
patronymic	айщевич
patronymic	айыгович
patronymic	айюбович
patronymic	айядович
patronymic	айянович
patronymic	айярович
patronymic	айятович
patronymic	ак-бозатович
patronymic	акабирович
patronymic	акавович
patronymic	акадиевич
patronymic	акадович
patronymic	акайимович
patronymic	акакиевич
patronymic	акариевич
patronymic	акашевич
patronymic	акбалович
patronymic	акбаралиевич
patronymic	акбариевич
patronymic	акбарович
patronymic	акбарханович
patronymic	акбаршович
patronymic	акбекович
patronymic	акберович
patronymic	акбирович
patronymic	акбулатович
patronymic	акверович
patronymic	акдясович
patronymic	акелович
patronymic	акендинович
patronymic	акзамович
patronymic	акивович
patronymic	акиевич
patronymic	акилевич
patronymic	акилович
patronymic	акимбекович
patronymic	акимджанович
patronymic	акимжанович
patronymic	акимжонович
patronymic	акимович
patronymic	акиндинович
patronymic	акинорович
patronymic	акинфиевич
patronymic	акинфович
patronymic	акиович
patronymic	акипович
patronymic	акирович
patronymic	акифович
patronymic	акйолович
patronymic	аккакиевич
patronymic	аккалиевич
patronymic	аккиевич
patronymic	аккуевич
patronymic	аклиевич
patronymic	акмалжанович
patronymic	акмалжонович
patronymic	акмалович
patronymic	акмаралович
patronymic	акмович
patronymic	акмурадович
patronymic	акмуратович
patronymic	акобирович
patronymic	акобович
patronymic	акович
patronymic	аконович
patronymic	акопикович
patronymic	акопович
patronymic	акошевич
patronymic	акпарович
patronymic	акперович
patronymic	акрамбекович
patronymic	акрамджанович
patronymic	акрамжанович
patronymic	акрамжонович
patronymic	акрамзонович
patronymic	акрамович
patronymic	акрамутдинович
patronymic	акрамхонович
patronymic	акрамхужевич
patronymic	акремович
patronymic	акромжонович
patronymic	акромович
patronymic	акрямович
patronymic	аксандрович
patronymic	аксанияевич
patronymic	аксанович
patronymic	акселович
patronymic	аксениевич
patronymic	аксентиевич
patronymic	акслуевич
patronymic	аксёнович
patronymic	актавианович
patronymic	актавиевич
patronymic	актавович
patronymic	актамович
patronymic	актарович
patronymic	актемович
patronymic	актовианович
patronymic	акушеванович
patronymic	акхилешевич
patronymic	акхилович
patronymic	акшинович
patronymic	акыевич
patronymic	акылбекович
patronymic	акырович
patronymic	ал-дрович
patronymic	алаббасович
patronymic	алабергенович
patronymic	алабердыевич
patronymic	алавдинович
patronymic	алавиевич
patronymic	алавсатович
patronymic	алагарович
patronymic	аладарович
patronymic	аладинович
patronymic	алаевич
patronymic	алаеддинович
patronymic	алазович
patronymic	алайбекович
patronymic	алакберович
patronymic	аламанович
patronymic	аламгирович
patronymic	аламдарович
patronymic	аламзарович
patronymic	аламович
patronymic	аланазарович
patronymic	аланбекович
patronymic	аландарович
patronymic	аландинович
patronymic	аланович
patronymic	алаович
patronymic	аларович
patronymic	аласкарович
patronymic	алаудиевич
patronymic	алаудинович
patronymic	алаутдинович
patronymic	алахвердиевич
patronymic	алахвердыевич
patronymic	алахмедович
patronymic	алашрафович
patronymic	алаярович
patronymic	алббертович
patronymic	албегович
patronymic	албекович
patronymic	албертович
patronymic	албикович
patronymic	албинович
patronymic	албирович
patronymic	албуриевич
patronymic	алванович
patronymic	алвардович
patronymic	алварович
patronymic	алвартович
patronymic	алвертович
patronymic	алвианович
patronymic	алвикович
patronymic	алвинович
patronymic	алвисович
patronymic	алвиянович
patronymic	алгамович
patronymic	алгасанович
patronymic	алгатович
patronymic	алгимантасович
patronymic	алгирдасович
patronymic	алгисович
patronymic	алдабергенович
patronymic	алдамович
patronymic	алдарович
patronymic	алдисович
patronymic	алдиярович
patronymic	алдович
patronymic	алдузович
patronymic	алеанович
patronymic	алебарцумович
patronymic	алевич
patronymic	алевович
patronymic	алевтинович
patronymic	алегович
patronymic	алегрович
patronymic	аледдинович
patronymic	аледиевич
patronymic	алединович
patronymic	алеевич
patronymic	алеександрович
patronymic	алезиевич
patronymic	алекандрович
patronymic	алеканович
patronymic	алекбарович
patronymic	алекберович
patronymic	алекеевич
patronymic	алекович
patronymic	алекперович
patronymic	алексагдрович
patronymic	алексаевич
patronymic	александерович
patronymic	александович
patronymic	александорович
patronymic	александрасович
patronymic	александрович
patronymic	александросович
patronymic	александэрович
patronymic	алексанжрович
patronymic	алексанович
patronymic	алексанрович
patronymic	алексасович
patronymic	алексеевич
patronymic	алексендович
patronymic	алексендрович
patronymic	алексенович
patronymic	алексерович
patronymic	алексецевич
patronymic	алексидович
patronymic	алексиевич
patronymic	алексисович
patronymic	алексндрович
patronymic	алексович
patronymic	алексчандрович
patronymic	алектинович
patronymic	алектионович
patronymic	алекуевич
patronymic	алекшерович
patronymic	алемайехуевич
patronymic	алемович
patronymic	алемпиевич
patronymic	аленович
patronymic	алентиевич
patronymic	алентинович
patronymic	алеодорович
patronymic	алеонорович
patronymic	алериевич
patronymic	алесандрович
patronymic	алесевич
patronymic	алесеевич
patronymic	алескандрович
patronymic	алескарович
patronymic	алескерович
patronymic	алессандрович
patronymic	алессиович
patronymic	алетдинович
patronymic	алетович
patronymic	алеуксандрович
patronymic	алефтинович
patronymic	алехандрович
patronymic	алеханович
patronymic	алехович
patronymic	алехонович
patronymic	алешевич
patronymic	алжанатович
patronymic	алжанбекович
patronymic	али-аскарович
patronymic	али-аскерович
patronymic	али-бекович
patronymic	али-султанович
patronymic	алиаббасович
patronymic	алиагович
patronymic	алиадинович
patronymic	алиадович
patronymic	алиакбарович
patronymic	алиакберович
patronymic	алиакперович
patronymic	алиакрамович
patronymic	алианович
patronymic	алиарович
patronymic	алиаскерович
patronymic	алиасхабович
patronymic	алиахмадович
patronymic	алиахмедович
patronymic	алиашевич
patronymic	алибабович
patronymic	алибаевич
patronymic	алибайрамович
patronymic	алибегович
patronymic	алибеевич
patronymic	алибекович
patronymic	алибович
patronymic	алибулатович
patronymic	аливердиевич
patronymic	аливианович
patronymic	аливович
patronymic	аливтинович
patronymic	алигаджиевич
patronymic	алиганович
patronymic	алигасанович
patronymic	алигейдарович
patronymic	алигузуевич
patronymic	алигулуевич
patronymic	алигусейнович
patronymic	алиданович
patronymic	алидарович
patronymic	алидевич
patronymic	алидерович
patronymic	алиджанович
patronymic	алиджонович
patronymic	алидинович
patronymic	алидович
patronymic	алиевич
patronymic	алижанович
patronymic	алижонович
patronymic	ализадевич
patronymic	ализаманович
patronymic	ализаминович
patronymic	ализарович
patronymic	ализович
patronymic	ализорович
patronymic	алииевич
patronymic	аликанович
patronymic	аликберович
patronymic	аликеримович
patronymic	аликерович
patronymic	аликиевич
patronymic	аликович
patronymic	аликперович
patronymic	аликрамович
patronymic	аликсанович
patronymic	аликсеевич
patronymic	аликсович
patronymic	аликулович
patronymic	аликулуевич
patronymic	аликушадович
patronymic	аликшерович
patronymic	алилиевич
patronymic	алилович
patronymic	алим-абдулович
patronymic	алимагамедович
patronymic	алимагомедович
patronymic	алимаджанович
patronymic	алимамедович
patronymic	алиманович
patronymic	алимарданович
patronymic	алиматович
patronymic	алимахмадович
patronymic	алимбаевич
patronymic	алимбекович
patronymic	алимгереевич
patronymic	алимджанович
patronymic	алимджонович
patronymic	алимевич
patronymic	алимерденович
patronymic	алимерзович
patronymic	алимерович
patronymic	алиметович
patronymic	алимжанович
patronymic	алимжевич
patronymic	алимжонович
patronymic	алимзянович
patronymic	алимирович
patronymic	алимович
patronymic	алимпиевич
patronymic	алимсолтанович
patronymic	алимсултанович
patronymic	алимурадович
patronymic	алимуратович
patronymic	алимусович
patronymic	алимухтарович
patronymic	алимхажиевич
patronymic	алимханович
patronymic	алимхонович
patronymic	алиназарович
patronymic	алинарович
patronymic	алинатович
patronymic	алиневич
patronymic	алиниязович
patronymic	алинович
patronymic	алинтинович
patronymic	алиотович
patronymic	алипашевич
patronymic	алипиевич
patronymic	алипович
patronymic	алисагович
patronymic	алисаламович
patronymic	алисахибович
patronymic	алисевич
patronymic	алисейранович
patronymic	алисиевич
patronymic	алискендарович
patronymic	алискерович
patronymic	алиславович
patronymic	алисламович
patronymic	алисович
patronymic	алисонович
patronymic	алистарфович
patronymic	алистерович
patronymic	алистратович
patronymic	алистрахович
patronymic	алисултанович
patronymic	алисханович
patronymic	алитдинович
patronymic	алитерович
patronymic	алитетович
patronymic	алитжанович
patronymic	алитович
patronymic	алиуевич
patronymic	алифатович
patronymic	алифендиевич
patronymic	алифериевич
patronymic	алиферович
patronymic	алифович
patronymic	алифтинович
patronymic	алифханович
patronymic	алихамович
patronymic	алиханович
patronymic	алихасанович
patronymic	алихманович
patronymic	алихмедович
patronymic	алихович
patronymic	алихонович
patronymic	аличович
patronymic	аличубанович
patronymic	алишанович
patronymic	алишевич
patronymic	алишевович
patronymic	алишерович
patronymic	алиширович
patronymic	алищерович
patronymic	алиюсифович
patronymic	алияддинович
patronymic	алиякбярович
patronymic	алиямович
patronymic	алиярович
patronymic	алказарович
patronymic	алканович
patronymic	алкенович
patronymic	алкетович
patronymic	алкивиадович
patronymic	алкисович
patronymic	алкишиевич
patronymic	алкснисович
patronymic	алкунович
patronymic	аллабергенович
patronymic	алладинович
patronymic	алладурдыевич
patronymic	аллазович
patronymic	аллакович
patronymic	аллакулыевич
patronymic	аллалович
patronymic	алламурадович
patronymic	алламуратович
patronymic	алланазарович
patronymic	алланович
patronymic	алларович
patronymic	аллахвердиевич
patronymic	аллахвердыевич
patronymic	аллахярович
patronymic	аллаярович
patronymic	аллевич
patronymic	алленович
patronymic	аллиевич
patronymic	алликович
patronymic	аллимович
patronymic	аллович
patronymic	алляметдинович
patronymic	аллямович
patronymic	алмажанович
patronymic	алмамбетович
patronymic	алманович
patronymic	алмасбекович
patronymic	алмасович
patronymic	алмастович
patronymic	алмасханович
patronymic	алматович
patronymic	алмевич
patronymic	алнисович
patronymic	аловатович
patronymic	алович
patronymic	аловсатович
patronymic	алоександрович
patronymic	алоизасович
patronymic	алоизиевич
patronymic	алоизович
patronymic	алоисович
patronymic	алойзович
patronymic	алойсович
patronymic	алокович
patronymic	аломатович
patronymic	аломович
patronymic	алонович
patronymic	алосатович
patronymic	алоуевич
patronymic	алпарсланович
patronymic	алпасланович
patronymic	алпашевич
patronymic	алпдимирович
patronymic	алперович
patronymic	алпыспаевич
patronymic	алтарович
patronymic	алтиевич
patronymic	алтнаевич
patronymic	алтунович
patronymic	алтыбаевич
patronymic	алтыевич
patronymic	алтынбекович
patronymic	алуаевич
patronymic	алуевич
patronymic	алуксандрович
patronymic	алфатович
patronymic	алфеевич
patronymic	алфесович
patronymic	алфиевич
patronymic	алфимович
patronymic	алфинурович
patronymic	алфирович
patronymic	алфович
patronymic	алфонсасович
patronymic	алфонсович
patronymic	алфонсусович
patronymic	алфредович
patronymic	алфритович
patronymic	алхаддинович
patronymic	алхазурович
patronymic	алхамович
patronymic	алханович
patronymic	алхасович
patronymic	алхатович
patronymic	алширович
patronymic	алыгджерович
patronymic	алыевич
patronymic	алымбекович
patronymic	алымович
patronymic	алышанович
patronymic	альбартович
patronymic	альбацевич
patronymic	альбекович
patronymic	альбердович
patronymic	альберович
patronymic	альбертасович
patronymic	альбертинович
patronymic	альбертович
patronymic	альбертсович
patronymic	альбетрович
patronymic	альбиевич
patronymic	альбинасович
patronymic	альбинович
patronymic	альбинурович
patronymic	альбинусович
patronymic	альбиртович
patronymic	альбович
patronymic	альбрехтович
patronymic	альбяртасович
patronymic	альвардович
patronymic	альваресович
patronymic	альвартович
patronymic	альверович
patronymic	альвертович
patronymic	альвианович
patronymic	альвидасович
patronymic	альвинович
patronymic	альвионович
patronymic	альвирович
patronymic	альвиртович
patronymic	альвиянович
patronymic	альгердасович
patronymic	альгердович
patronymic	альгертович
patronymic	альгидасович
patronymic	альгидрасович
patronymic	альгимантасович
patronymic	альгимонтасович
patronymic	альгинатович
patronymic	альгирдасович
patronymic	альгисович
patronymic	альдерович
patronymic	альдинович
patronymic	альдович
patronymic	альдонович
patronymic	альзамович
patronymic	алькенович
patronymic	альмазович
patronymic	альмарович
patronymic	альмевич
patronymic	альмерович
patronymic	альминурович
patronymic	альмирович
patronymic	альмухаметович
patronymic	альнурович
patronymic	альперович
patronymic	альпович
patronymic	альтафович
patronymic	альтерович
patronymic	альтусович
patronymic	альтюсович
patronymic	альфадович
patronymic	альфанисович
patronymic	альфанович
patronymic	альфаридович
patronymic	альфатович
patronymic	альфедович
patronymic	альфеевич
patronymic	альферович
patronymic	альфертович
patronymic	альфетович
patronymic	альфиевич
patronymic	альфикович
patronymic	альфинович
patronymic	альфинорович
patronymic	альфинурович
patronymic	альфиович
patronymic	альфирович
patronymic	альфисович
patronymic	альфитович
patronymic	альфович
patronymic	альфонасович
patronymic	альфонович
patronymic	альфоносович
patronymic	альфонсасович
patronymic	альфонсович
patronymic	альфонсосович
patronymic	альфонсусович
patronymic	альфредасович
patronymic	альфредович
patronymic	альфретович
patronymic	альфридович
patronymic	альфритович
patronymic	альхаджевич
patronymic	альхалабиевич
patronymic	альхатович
patronymic	альчисович
patronymic	альшерович
patronymic	альшмантасович
patronymic	альяевич
patronymic	альярович
patronymic	альясович
patronymic	алэнович
patronymic	алюсович
patronymic	аляддинович
patronymic	алядинович
patronymic	алязович
patronymic	аляксасович
patronymic	алямдинович
patronymic	алянович
patronymic	алярович
patronymic	алятович
patronymic	амадеович
patronymic	амадович
patronymic	амаевич
patronymic	амазасович
patronymic	амазаспович
patronymic	амаилович
patronymic	амалевич
patronymic	амаликович
patronymic	аманбаевич
patronymic	аманбекович
patronymic	амангалдыевич
patronymic	амангелдиевич
patronymic	амангельдиевич
patronymic	амангельдыевич
patronymic	аманджонович
patronymic	амандиевич
patronymic	амандипович
patronymic	амандурдыевич
patronymic	амандыкович
patronymic	аманжолович
patronymic	аманилдиевич
patronymic	аманкелдыевич
patronymic	аманкосович
patronymic	аманкулович
patronymic	аманмурадович
patronymic	аманмуратович
patronymic	аманович
patronymic	амантаевич
patronymic	амануилович
patronymic	амануллович
patronymic	аманулович
patronymic	аманязович
patronymic	амарбиевич
patronymic	амарджитович
patronymic	амардипович
patronymic	амардитович
patronymic	амарешевич
patronymic	амарович
patronymic	амасиевич
patronymic	амаспюрович
patronymic	амаякович
patronymic	амаянович
patronymic	амбарумович
patronymic	амбарцумович
patronymic	амбевич
patronymic	амбович
patronymic	амбросиевич
patronymic	амбросович
patronymic	амверович
patronymic	амвирович
patronymic	амвросиевич
patronymic	амгаланович
patronymic	амджадович
patronymic	амджедович
patronymic	амеджанович
patronymic	амедович
patronymic	аменатович
patronymic	амеранович
patronymic	амерович
patronymic	амерханович
patronymic	аместович
patronymic	амет-ханович
patronymic	аметович
patronymic	аметханович
patronymic	амжадович
patronymic	амидевич
patronymic	амиевич
patronymic	амикович
patronymic	амимович
patronymic	аминадович
patronymic	аминатович
patronymic	аминбаевич
patronymic	аминетович
patronymic	аминиевич
patronymic	аминович
patronymic	аминулович
patronymic	аминя-ханович
patronymic	аминяевич
patronymic	амир-алиевич
patronymic	амирагович
patronymic	амиракович
patronymic	амиралиевич
patronymic	амирамович
patronymic	амиранович
patronymic	амирасланович
patronymic	амиратович
patronymic	амирахмедович
patronymic	амирахович
patronymic	амирбекович
patronymic	амиргамзович
patronymic	амирджанович
patronymic	амирджонович
patronymic	амиржанович
patronymic	амирзанович
patronymic	амиридонович
patronymic	амиринович
patronymic	амирканович
patronymic	амирович
patronymic	амиронович
patronymic	амиросланович
patronymic	амирсултанович
patronymic	амирушевич
patronymic	амирханович
patronymic	амирхонович
patronymic	амирхоссейнович
patronymic	амиршахович
patronymic	амиршович
patronymic	амирьянович
patronymic	амирянович
patronymic	амитабхович
patronymic	амитович
patronymic	амлетович
patronymic	аммарович
patronymic	аммиевич
patronymic	амнатович
patronymic	амниевич
patronymic	амнонович
patronymic	амович
patronymic	амонович
patronymic	амонуллович
patronymic	аморович
patronymic	амосович
patronymic	амоякович
patronymic	амплеевич
patronymic	амплиевич
patronymic	амрагович
patronymic	амралиевич
patronymic	амрамович
patronymic	амранович
patronymic	амрасланович
patronymic	амрастанович
patronymic	амрахович
patronymic	амревич
patronymic	амриддинович
patronymic	амридинович
patronymic	амриевич
patronymic	амрикович
patronymic	амрович
patronymic	амросиевич
patronymic	амруллахович
patronymic	амруллович
patronymic	амуевич
patronymic	амурбекович
patronymic	амурбиевич
patronymic	амурханович
patronymic	амушевич
patronymic	амырханович
patronymic	анабибиевич
patronymic	анавович
patronymic	анагидович
patronymic	анагитович
patronymic	анадович
patronymic	анаидович
patronymic	анайтович
patronymic	анакиевич
patronymic	анакреонович
patronymic	аналиевич
patronymic	аналолиевич
patronymic	анандович
patronymic	ананиевич
patronymic	ананикович
patronymic	ананинович
patronymic	ананович
patronymic	анантович
patronymic	анаотлиевич
patronymic	анарбаевич
patronymic	анарбекович
patronymic	анареевич
patronymic	анариевич
patronymic	анарикович
patronymic	анарович
patronymic	анасович
patronymic	анассович
patronymic	анастазиевич
patronymic	анастасиевич
patronymic	анастасович
patronymic	анаталиевич
patronymic	анатилиевич
patronymic	анатлиевич
patronymic	анатович
patronymic	анатодиевич
patronymic	анатодлиевич
patronymic	анатоевич
patronymic	анатолевич
patronymic	анатолиевич
patronymic	анатолинович
patronymic	анатолисович
patronymic	анатониевич
patronymic	анатонович
patronymic	анатрлиевич
patronymic	анафиевич
patronymic	анафисович
patronymic	анаханумович
patronymic	анбарович
patronymic	анберович
patronymic	анварбекович
patronymic	анварбикович
patronymic	анварджанович
patronymic	анваржанович
patronymic	анваржонович
patronymic	анварович
patronymic	анварпашевич
patronymic	анвелович
patronymic	анвербекович
patronymic	анвербикович
patronymic	анверович
patronymic	анвирович
patronymic	анвтолиевич
patronymic	анвэрович
patronymic	анвярович
patronymic	ангамович
patronymic	ангелиевич
patronymic	ангилович
patronymic	ангонович
patronymic	андарович
patronymic	андеевич
patronymic	анденович
patronymic	андерсович
patronymic	анджеевич
patronymic	анджелович
patronymic	анджиевич
patronymic	анджреевич
patronymic	андзорович
patronymic	андианович
patronymic	андиевич
patronymic	андинович
patronymic	андович
patronymic	андонович
patronymic	андореевич
patronymic	андориевич
patronymic	андорович
patronymic	андпеевич
patronymic	андранекович
patronymic	андраникович
patronymic	андранинович
patronymic	андранникович
patronymic	андрасович
patronymic	андрашевич
patronymic	андреанович
patronymic	андреасович
patronymic	андревич
patronymic	андревович
patronymic	андреевич
patronymic	андреиевич
patronymic	андрейсович
patronymic	андрейцевич
patronymic	андреникович
patronymic	андресович
patronymic	андреюсович
patronymic	андреянович
patronymic	андрианикович
patronymic	андрианович
patronymic	андриасович
patronymic	андриевич
patronymic	андриенович
patronymic	андриешевич
patronymic	андрикович
patronymic	андрионович
patronymic	андрисович
patronymic	андриянович
patronymic	андрович
patronymic	андрониевич
patronymic	андроникович
patronymic	андронович
patronymic	андрошевич
patronymic	андрусович
patronymic	андрушевич
patronymic	андрюсович
patronymic	андтеевич
patronymic	анеевич
patronymic	анектович
patronymic	анелович
patronymic	анемподистович
patronymic	анерович
patronymic	анестисович
patronymic	анжеевич
patronymic	анжелинович
patronymic	анжелович
patronymic	анжиевич
patronymic	анжикович
patronymic	анжреевич
patronymic	анзарович
patronymic	анзаурович
patronymic	анзельмасович
patronymic	анзельмович
patronymic	анзиратович
patronymic	анзовович
patronymic	анзориевич
patronymic	анзорович
patronymic	анзуратович
patronymic	анзурович
patronymic	анивасович
patronymic	аниевич
patronymic	аникеевич
patronymic	аникиевич
patronymic	аникович
patronymic	анилович
patronymic	аниманович
patronymic	анинович
patronymic	анипович
patronymic	анирудхович
patronymic	анисатович
patronymic	анисиевич
patronymic	анисимович
patronymic	аниславович
patronymic	анисович
patronymic	анисуззаманович
patronymic	анисурович
patronymic	анитович
patronymic	анифович
patronymic	аницетасович
patronymic	анишевич
patronymic	анкинович
patronymic	анкитович
patronymic	анкович
patronymic	анкурович
patronymic	анманович
patronymic	анмарович
patronymic	аннабердыевич
patronymic	аннагельдыевич
patronymic	аннагиевич
patronymic	анназарович
patronymic	аннаитович
patronymic	аннамурадович
patronymic	аннамухамметович
patronymic	аннамыратович
patronymic	аннаниевич
patronymic	аннариевич
patronymic	аннасахатович
patronymic	анниевич
patronymic	анникович
patronymic	аннманович
patronymic	аннович
patronymic	аннушевич
patronymic	ановарович
patronymic	анович
patronymic	аноидович
patronymic	аноитович
patronymic	анолиевич
patronymic	анонович
patronymic	анорбаевич
patronymic	анорович
patronymic	анорхалович
patronymic	анорхонович
patronymic	анраникович
patronymic	анреевич
patronymic	анриевич
patronymic	анрикович
patronymic	анрисович
patronymic	ансарович
patronymic	ансафович
patronymic	ансерович
patronymic	анслемович
patronymic	ансович
patronymic	ансурович
patronymic	анталович
patronymic	антанасович
patronymic	антанович
patronymic	антаносович
patronymic	антарамович
patronymic	антарович
patronymic	антиевич
patronymic	антикович
patronymic	антимозович
patronymic	антинович
patronymic	антиногенович
patronymic	антипиевич
patronymic	антипович
patronymic	антоевич
patronymic	антолиевич
patronymic	антолович
patronymic	антонандрович
patronymic	антонасович
patronymic	антонгович
patronymic	антонианович
patronymic	антонидович
patronymic	антониевич
patronymic	антонинович
patronymic	антониович
patronymic	антониосович
patronymic	антониусович
patronymic	антонович
patronymic	антоносович
patronymic	антосевич
patronymic	антосович
patronymic	антраникович
patronymic	антропович
patronymic	антсович
patronymic	антуанович
patronymic	антунович
patronymic	антушевич
patronymic	ануарбекович
patronymic	ануарович
patronymic	ануджевич
patronymic	анумович
patronymic	анупамович
patronymic	анупович
patronymic	анурагович
patronymic	анурович
patronymic	ануфриевич
patronymic	анушаванович
patronymic	анушванович
patronymic	анушеванович
patronymic	анушикович
patronymic	анушованович
patronymic	анфарович
patronymic	анфилович
patronymic	анфилофиевич
patronymic	анфимович
patronymic	анфинович
patronymic	анфиногенович
patronymic	анфирович
patronymic	анфисович
patronymic	анхелович
patronymic	анхимович
patronymic	анхович
patronymic	анчелович
patronymic	аныевич
patronymic	анымович
patronymic	аньвярович
patronymic	аньесович
patronymic	аньциевич
patronymic	аодович
patronymic	аоретович
patronymic	апалонович
patronymic	апандиевич
patronymic	апасович
patronymic	апетнакович
patronymic	апетович
patronymic	апимович
patronymic	аполинариевич
patronymic	аполлинариевич
patronymic	аполлониевич
patronymic	аполлонович
patronymic	аполониевич
patronymic	аполонович
patronymic	аполосович
patronymic	аппазович
patronymic	аппасович
patronymic	апполинариевич
patronymic	апполинарович
patronymic	апполониевич
patronymic	апполонович
patronymic	апресович
patronymic	апсилиевич
patronymic	апсуевич
patronymic	аптиевич
patronymic	арабханович
patronymic	аравелович
patronymic	аравикович
patronymic	аравилевич
patronymic	арадиевич
patronymic	араевич
patronymic	аразиевич
patronymic	аразикович
patronymic	аразмуратович
patronymic	аразович
patronymic	аразханович
patronymic	араикович
patronymic	араинович
patronymic	арайикович
patronymic	арайкович
patronymic	арайрович
patronymic	аракелович
patronymic	араксилович
patronymic	арамаисович
patronymic	арамайсович
patronymic	арамансович
patronymic	арамбиевич
patronymic	арамикович
patronymic	арамисович
patronymic	арамович
patronymic	аранович
patronymic	арапатович
patronymic	арарадович
patronymic	арарашевич
patronymic	арасдунович
patronymic	арасович
patronymic	арастунович
patronymic	араступович
patronymic	арасулович
patronymic	аратолиевич
patronymic	аратюнович
patronymic	арашевич
patronymic	арбакович
patronymic	арбертович
patronymic	арбиевич
patronymic	арбикович
patronymic	арбиятович
patronymic	арбуханович
patronymic	арведович
patronymic	арвелодович
patronymic	арвидасович
patronymic	арвидович
patronymic	арвиевич
patronymic	арвиндович
patronymic	арвинович
patronymic	арвисович
patronymic	арвитович
patronymic	арвович
patronymic	аргамович
patronymic	аргенович
patronymic	аргентович
patronymic	аргилович
patronymic	аргиштиевич
patronymic	аргиштыевич
patronymic	аргурович
patronymic	ардаваздович
patronymic	ардавазович
patronymic	ардавасович
patronymic	ардавастович
patronymic	ардалионович
patronymic	ардальонович
patronymic	ардамонович
patronymic	ардашевич
patronymic	ардашесович
patronymic	ардеванович
patronymic	ардемович
patronymic	арджунович
patronymic	ардикович
patronymic	ардович
patronymic	ардольонович
patronymic	аревакович
patronymic	аревалуйсович
patronymic	ареватович
patronymic	аревгатович
patronymic	аревикович
patronymic	аревович
patronymic	аревхатович
patronymic	аревшадович
patronymic	аревшатович
patronymic	арегназанович
patronymic	арегназович
patronymic	арегович
patronymic	ареевич
patronymic	ареенович
patronymic	арекназанович
patronymic	арекназович
patronymic	арекович
patronymic	ареланович
patronymic	арелович
patronymic	аремович
patronymic	аренгольдович
patronymic	аренович
patronymic	аресланович
patronymic	арестакесович
patronymic	арестакович
patronymic	арестидиевич
patronymic	арефеевич
patronymic	арефиевич
patronymic	арефович
patronymic	аржанович
patronymic	арзаметович
patronymic	арзенович
patronymic	арзиевич
patronymic	арзикович
patronymic	арзикулович
patronymic	арзинович
patronymic	арзович
patronymic	арзонович
patronymic	арзуевич
patronymic	арзуманович
patronymic	арзыевич
patronymic	ариадиевич
patronymic	арианович
patronymic	ариасович
patronymic	арибжанович
patronymic	арибжонович
patronymic	аригович
patronymic	ариевич
patronymic	ариелович
patronymic	аризович
patronymic	арикович
patronymic	ариматович
patronymic	аримович
patronymic	аринархович
patronymic	аринович
patronymic	ариович
patronymic	ариольдович
patronymic	арионович
patronymic	арипжанович
patronymic	арипович
patronymic	арисланович
patronymic	арисович
patronymic	аристакесович
patronymic	аристанович
patronymic	аристарфович
patronymic	аристархович
patronymic	аристидович
patronymic	аристович
patronymic	аристокесович
patronymic	аристотелевич
patronymic	арисханович
patronymic	аритович
patronymic	арифевич
patronymic	арифжанович
patronymic	арифович
patronymic	арифуллович
patronymic	ариэлевич
patronymic	ариямович
patronymic	аркадиевич
patronymic	аркадикович
patronymic	аркадиушевич
patronymic	аркадович
patronymic	аркалиевич
patronymic	аркамович
patronymic	аркелович
patronymic	аркенович
patronymic	аркимедович
patronymic	аркиназович
patronymic	арксович
patronymic	арланович
patronymic	арлиевич
patronymic	арликинович
patronymic	арлинович
patronymic	армаганович
patronymic	армадович
patronymic	армаисович
patronymic	армакович
patronymic	армалуисович
patronymic	армалуйсович
patronymic	армандович
patronymic	арманисович
patronymic	арманович
patronymic	армансович
patronymic	арманушевич
patronymic	армасович
patronymic	армашевич
patronymic	арменакович
patronymic	арменахович
patronymic	армениевич
patronymic	арменикович
patronymic	арменович
patronymic	арменуевич
patronymic	арменулович
patronymic	арменунович
patronymic	арменушевич
patronymic	арменциевич
patronymic	армиевич
patronymic	армикович
patronymic	арминакович
patronymic	арминевич
patronymic	арминович
patronymic	арминсович
patronymic	арминуиевич
patronymic	арминэевич
patronymic	армович
patronymic	армондович
patronymic	армэнович
patronymic	арнабович
patronymic	арнадиевич
patronymic	арнадович
patronymic	арнакович
patronymic	арнгольдович
patronymic	арнгольтович
patronymic	арндович
patronymic	арневич
patronymic	арнесович
patronymic	арнестович
patronymic	арниевич
patronymic	арникович
patronymic	арнисович
patronymic	арнодикович
patronymic	арнолдович
patronymic	арнолиевич
patronymic	арнольдасович
patronymic	арнольдович
patronymic	арозович
patronymic	арольдович
patronymic	аромаисович
patronymic	аронович
patronymic	аропович
patronymic	аросланович
patronymic	аротович
patronymic	арпадович
patronymic	арпеникович
patronymic	арпиарович
patronymic	арпиевич
patronymic	арпикович
patronymic	арсаланович
patronymic	арсаналиевич
patronymic	арсанович
patronymic	арсанофиевич
patronymic	арсбиевич
patronymic	арсеевич
patronymic	арсемович
patronymic	арсениевич
patronymic	арсенович
patronymic	арсентиевич
patronymic	арсентинович
patronymic	арсиневич
patronymic	арсинович
patronymic	арсламбекович
patronymic	арслан-алиевич
patronymic	арсланалиевич
patronymic	арсланбекович
patronymic	арслангалиевич
patronymic	арсланович
patronymic	арсломович
patronymic	арслонбекович
patronymic	арсмович
patronymic	арсонович
patronymic	арстанбекович
patronymic	арстанович
patronymic	арсыевич
patronymic	арсэнович
patronymic	артаваздович
patronymic	артавазович
patronymic	артавасович
patronymic	артакович
patronymic	арталуйсович
patronymic	артамасович
patronymic	артамесович
patronymic	артамович
patronymic	артамонович
patronymic	артанисович
patronymic	артанович
patronymic	арташевич
patronymic	арташекович
patronymic	арташесович
patronymic	артемиевич
patronymic	артеминович
patronymic	артемонович
patronymic	артенович
patronymic	артиевич
patronymic	артимович
patronymic	артимонович
patronymic	артинович
patronymic	артович
patronymic	арториксович
patronymic	артошевич
patronymic	артошесович
patronymic	артугович
patronymic	артунович
patronymic	артурасович
patronymic	артуриевич
patronymic	артурикович
patronymic	артурович
patronymic	артурсович
patronymic	артушевич
patronymic	артыкбаевич
patronymic	артыкович
patronymic	артэкович
patronymic	артюмович
patronymic	артюнович
patronymic	артюхович
patronymic	артюшевич
patronymic	артёмович
patronymic	арувикович
patronymic	аруевич
patronymic	аружанович
patronymic	арунасович
patronymic	арундатиевич
patronymic	арунович
patronymic	арупович
patronymic	арурович
patronymic	аруруниевич
patronymic	арурунович
patronymic	арусакович
patronymic	арусикович
patronymic	арустамович
patronymic	арусьякович
patronymic	арусякович
patronymic	арусянович
patronymic	арутикович
patronymic	арутинович
patronymic	арутович
patronymic	арутюкович
patronymic	арутюнович
patronymic	арутянович
patronymic	аруханович
patronymic	арфеникович
patronymic	арфенович
patronymic	арфикович
patronymic	арфиневич
patronymic	арханович
patronymic	архимедович
patronymic	архинович
patronymic	архипович
patronymic	архирович
patronymic	арцвикович
patronymic	арцевикович
patronymic	арцруниевич
patronymic	арцруникович
patronymic	арцрунович
patronymic	арчанович
patronymic	арчибальдович
patronymic	арчилевич
patronymic	арчилиевич
patronymic	арчилович
patronymic	аршавелович
patronymic	аршавирович
patronymic	аршадович
patronymic	аршакович
patronymic	аршалуевич
patronymic	аршалуисович
patronymic	аршалуйевич
patronymic	аршалуйсович
patronymic	аршалусевич
patronymic	аршалусович
patronymic	аршалуюсович
patronymic	аршалюсович
patronymic	аршамович
patronymic	аршедович
patronymic	аршенович
patronymic	аршиевич
patronymic	аршикович
patronymic	арширович
patronymic	аршокович
patronymic	арщавирович
patronymic	арщакович
patronymic	арысланович
patronymic	арыстамбекович
patronymic	арыстанович
patronymic	арьянович
patronymic	арэнович
patronymic	арянович
patronymic	асаадович
patronymic	асаатович
patronymic	асабалиевич
patronymic	асадович
patronymic	асадуллахович
patronymic	асадуллович
patronymic	асадулович
patronymic	асадурович
patronymic	асаевич
patronymic	асаиевич
patronymic	асалевич
patronymic	асалиевич
patronymic	асамбекович
patronymic	асамович
patronymic	асаналиевич
patronymic	асанбегович
patronymic	асанбекович
patronymic	асанбоевич
patronymic	асанетович
patronymic	асанович
patronymic	асарович
patronymic	асатович
patronymic	асатуллович
patronymic	асатурович
patronymic	асафиевич
patronymic	асафович
patronymic	асвадурович
patronymic	асвальдович
patronymic	асванович
patronymic	асварович
patronymic	асгарович
patronymic	асгатович
patronymic	асданович
patronymic	аседович
patronymic	асеевич
patronymic	асельдарович
patronymic	асельдерович
patronymic	асенович
patronymic	асетович
patronymic	асетурович
patronymic	асефович
patronymic	асиатович
patronymic	асиевич
patronymic	асиетович
patronymic	асикович
patronymic	асилдарович
patronymic	асилевич
patronymic	асилиевич
patronymic	асилханович
patronymic	асилхонович
patronymic	асильдарович
patronymic	асильдерович
patronymic	асиманович
patronymic	асимович
patronymic	асинатович
patronymic	асирович
patronymic	асисович
patronymic	асифович
patronymic	асиятович
patronymic	аскадович
patronymic	асканазович
patronymic	аскарбекович
patronymic	аскарбиевич
patronymic	аскардович
patronymic	аскарович
patronymic	аскатович
patronymic	аскералиевич
patronymic	аскербиевич
patronymic	аскиназович
patronymic	аскольдович
patronymic	аскярович
patronymic	асламбегович
patronymic	асламбекович
patronymic	асламович
patronymic	асланбегович
patronymic	асланбекович
patronymic	асланбечович
patronymic	асланович
patronymic	асланханович
patronymic	аслаханович
patronymic	аслиддинович
patronymic	аслиевич
patronymic	асликович
patronymic	аслович
patronymic	асломбекович
patronymic	аслонович
patronymic	аслудинович
patronymic	аслямович
patronymic	асманович
patronymic	асмарович
patronymic	асматиевич
patronymic	асматович
patronymic	асметович
patronymic	асминович
patronymic	асмирович
patronymic	асникович
patronymic	асович
patronymic	асомиддинович
patronymic	асомидинович
patronymic	асонович
patronymic	аспазиевич
patronymic	аспарухович
patronymic	аспрамович
patronymic	аспуракович
patronymic	асрарович
patronymic	асратович
patronymic	асретович
patronymic	асриевич
patronymic	асролович
patronymic	асрорович
patronymic	ассаадович
patronymic	ассадович
patronymic	ассанович
patronymic	ассафович
patronymic	асседуллович
patronymic	ассирович
patronymic	ассович
patronymic	астамурович
patronymic	астанович
patronymic	астапович
patronymic	астафиевич
patronymic	астахикович
patronymic	астахович
patronymic	астгикович
patronymic	астемирович
patronymic	астериевич
patronymic	астикович
patronymic	астичикович
patronymic	астрович
patronymic	астхикович
patronymic	астхинович
patronymic	астчикович
patronymic	асуатович
patronymic	асуевич
patronymic	асфандиярович
patronymic	асфанович
patronymic	асфарович
patronymic	асфатович
patronymic	асфирович
patronymic	асхабалиевич
patronymic	асхабжамалович
patronymic	асхабович
patronymic	асхадович
patronymic	асхарбекович
patronymic	асхарович
patronymic	асхатович
patronymic	асцатурович
patronymic	асылбекович
patronymic	асылгареевич
patronymic	асылканович
patronymic	асылович
patronymic	асылханович
patronymic	асымович
patronymic	асэфович
patronymic	асятович
patronymic	атабабович
patronymic	атабаевич
patronymic	атабалович
patronymic	атабекович
patronymic	атавович
patronymic	атагелдиевич
patronymic	атаджанович
patronymic	атаевич
patronymic	атажанович
patronymic	атаканович
patronymic	атакишиевич
patronymic	аталаевич
patronymic	аталлович
patronymic	аталович
patronymic	атамогланович
patronymic	атамурадович
patronymic	атамуратович
patronymic	атаназарович
patronymic	атанасиосович
patronymic	атанасович
patronymic	атанесович
patronymic	атарович
patronymic	атаханович
patronymic	аташевич
patronymic	ателлович
patronymic	атефович
patronymic	атешевич
patronymic	атигович
patronymic	атикович
patronymic	атикулович
patronymic	атикурович
patronymic	атилиович
patronymic	атиллович
patronymic	атинович
patronymic	атирович
patronymic	атиславович
patronymic	атисович
patronymic	атифович
patronymic	атобекович
patronymic	атобуллович
patronymic	атович
patronymic	атолиевич
patronymic	атолович
patronymic	атомогланович
patronymic	атонович
patronymic	атосович
patronymic	атотович
patronymic	атрафович
patronymic	атремович
patronymic	аттамович
patronymic	аттилиович
patronymic	аттилович
patronymic	аттокурович
patronymic	атулович
patronymic	атурович
patronymic	атхамович
patronymic	атхарович
patronymic	атхенович
patronymic	атыфович
patronymic	аубекирович
patronymic	аугениюсович
patronymic	аугустинасович
patronymic	аугустинович
patronymic	аугустович
patronymic	аудрисович
patronymic	аудриусович
patronymic	аудрюсович
patronymic	ауесович
patronymic	ауниевич
patronymic	аурелианович
patronymic	аурелиевич
patronymic	аурелиович
patronymic	аурелиуевич
patronymic	аурелович
patronymic	ауренович
patronymic	аурикович
patronymic	аурилович
patronymic	аусович
patronymic	аухатович
patronymic	афагович
patronymic	афанасиевич
patronymic	афанасович
patronymic	афандиевич
patronymic	афанисиевич
patronymic	афанович
patronymic	афаносиевич
patronymic	афатович
patronymic	афаятович
patronymic	афганович
patronymic	афгонович
patronymic	афеногенович
patronymic	афетович
patronymic	афзалович
patronymic	афигович
patronymic	афиевич
patronymic	афизович
patronymic	афикович
patronymic	афимович
patronymic	афиногенович
patronymic	афисатович
patronymic	афисович
patronymic	афитович
patronymic	афифович
patronymic	афичович
patronymic	афияддинович
patronymic	афиятович
patronymic	афладдинович
patronymic	афлатулович
patronymic	афлатунович
patronymic	афлятович
patronymic	афляхович
patronymic	афонасиевич
patronymic	афонасович
patronymic	афониевич
patronymic	афоняевич
patronymic	афраддинович
patronymic	афраилович
patronymic	афраниевич
patronymic	афратович
patronymic	афремович
patronymic	афридиевич
patronymic	африканович
patronymic	африкантович
patronymic	афроимович
patronymic	афросиабович
patronymic	афросимович
patronymic	афрузович
patronymic	афсаладдинович
patronymic	афсалович
patronymic	афсарович
patronymic	афсунович
patronymic	афтандилович
patronymic	афтандинович
patronymic	афтанович
patronymic	афтахович
patronymic	афтениевич
patronymic	афтондилович
patronymic	афхатович
patronymic	афшинович
patronymic	ахадович
patronymic	ахадуллович
patronymic	ахаитович
patronymic	ахаткулович
patronymic	ахатович
patronymic	ахбарович
patronymic	ахвердиевич
patronymic	ахданович
patronymic	ахедович
patronymic	ахемедович
patronymic	ахиадович
patronymic	ахиарович
patronymic	ахибович
patronymic	ахидович
patronymic	ахиевич
patronymic	ахилесович
patronymic	ахиллесович
patronymic	ахимович
patronymic	ахитович
patronymic	ахиядович
patronymic	ахиярович
patronymic	ахиятович
patronymic	ахкамович
patronymic	ахкамутдинович
patronymic	ахкямович
patronymic	ахлидинович
patronymic	ахлиманович
patronymic	ахмадалиевич
patronymic	ахмадбекович
patronymic	ахмаджанович
patronymic	ахмаджонович
patronymic	ахмадович
patronymic	ахмадханович
patronymic	ахмадшахович
patronymic	ахмадшохович
patronymic	ахмарович
patronymic	ахматгалиевич
patronymic	ахматжанович
patronymic	ахматнурович
patronymic	ахматович
patronymic	ахмед-ханович
patronymic	ахмедагович
patronymic	ахмедалиевич
patronymic	ахмедалыевич
patronymic	ахмедбекович
patronymic	ахмедгалиевич
patronymic	ахмеджанович
patronymic	ахмедзянович
patronymic	ахмедиевич
patronymic	ахмедович
patronymic	ахмедулахович
patronymic	ахмедулович
patronymic	ахмедханович
patronymic	ахмеевич
patronymic	ахмеманович
patronymic	ахмерович
patronymic	ахметалимович
patronymic	ахметвалиевич
patronymic	ахметжанович
patronymic	ахметзилович
patronymic	ахметзянович
patronymic	ахметович
patronymic	ахметшарипович
patronymic	ахмидович
patronymic	ахмитович
patronymic	ахмуратович
patronymic	ахмярович
patronymic	ахмятевич
patronymic	ахмятович
patronymic	ахнавович
patronymic	ахнадович
patronymic	ахнарович
patronymic	ахнафович
patronymic	ахнетович
patronymic	ахонович
patronymic	ахралович
patronymic	ахрориддинович
patronymic	ахроркулович
patronymic	ахрорович
patronymic	ахсанович
patronymic	ахсапетович
patronymic	ахсарбегович
patronymic	ахсарбекович
patronymic	ахсарович
patronymic	ахсартагович
patronymic	ахсенович
patronymic	ахтамович
patronymic	ахтамянович
patronymic	ахтангович
patronymic	ахтанович
patronymic	ахтариевич
patronymic	ахтарович
patronymic	ахтемирович
patronymic	ахтемович
patronymic	ахтенович
patronymic	ахтибарович
patronymic	ахтимович
patronymic	ахтямович
patronymic	ахударович
patronymic	ахундович
patronymic	ахунзянович
patronymic	ахунович
patronymic	ахурбекович
patronymic	ахшарович
patronymic	ацамазович
patronymic	ациевич
patronymic	ацович
patronymic	ачикович
patronymic	ачилович
patronymic	ашакович
patronymic	ашарович
patronymic	ашатович
patronymic	ашваниевич
patronymic	ашгатович
patronymic	ашерович
patronymic	ашетович
patronymic	ашикович
patronymic	ашимович
patronymic	аширбаевич
patronymic	аширбердиевич
patronymic	аширмурадович
patronymic	аширмуратович
patronymic	аширович
patronymic	ашишевич
patronymic	ашканович
patronymic	ашкарович
patronymic	ашмевич
patronymic	ашогович
patronymic	ашодович
patronymic	ашокович
patronymic	ашонович
patronymic	ашотикович
patronymic	ашотович
patronymic	ашрапович
patronymic	ашрафович
patronymic	ашрефович
patronymic	ашуевич
patronymic	ашукуллович
patronymic	ашуралиевич
patronymic	ашурбаевич
patronymic	ашурбекович
patronymic	ашурелиевич
patronymic	ашурович
patronymic	ашутошевич
patronymic	ашфакович
patronymic	ашханович
patronymic	ашхарикович
patronymic	ашхеникович
patronymic	ашхинович
patronymic	ашшурович
patronymic	аэлитович
patronymic	аюбович
patronymic	аюпович
patronymic	аягозович
patronymic	аязович
patronymic	аязханович
patronymic	аярович
patronymic	аясуевич
patronymic	баадурович
patronymic	бабакович
patronymic	бабамурадович
patronymic	бабамуратович
patronymic	багавудинович
patronymic	багаддинович
patronymic	багадирович
patronymic	багадурович
patronymic	багадырович
patronymic	багаудинович
patronymic	багаутдинович
patronymic	багданович
patronymic	багиевич
patronymic	багирович
patronymic	багитжанович
patronymic	багитович
patronymic	багишевич
patronymic	багомедович
patronymic	баграмович
patronymic	багратович
patronymic	бадертдинович
patronymic	бадмаевич
patronymic	бадриевич
patronymic	бадруддинович
patronymic	бадрудиевич
patronymic	бадрудинович
patronymic	бадрутдинович
patronymic	бажанович
patronymic	базиевич
patronymic	базикович
patronymic	базилович
patronymic	баирович
patronymic	бай-алиевич
patronymic	байандурович
patronymic	байбактыевич
patronymic	байбулатович
patronymic	байгазович
patronymic	байгинатович
patronymic	байданович
patronymic	байдуллевич
patronymic	баймирзович
patronymic	баймурадович
patronymic	баймуратович
patronymic	баймурзович
patronymic	байогланович
patronymic	байрамкизович
patronymic	байраммурадович
patronymic	байраммухамедович
patronymic	байрамович
patronymic	байранович
patronymic	байсангурович
patronymic	байсултанович
patronymic	байтемирович
patronymic	байханович
patronymic	байырович
patronymic	бакирович
patronymic	бакрузович
patronymic	бактиярович
patronymic	бактурдиевич
patronymic	бактыгулевич
patronymic	бакурович
patronymic	бакырович
patronymic	бакытбекович
patronymic	бакытжанович
patronymic	бакытович
patronymic	балабегович
patronymic	балабеевич
patronymic	балабекович
patronymic	балагардашевич
patronymic	балагасанович
patronymic	балагусейнович
patronymic	балакеримович
patronymic	балакизович
patronymic	баласанович
patronymic	баласарович
patronymic	баласултанович
patronymic	балахмедович
patronymic	балданович
patronymic	балтабаевич
patronymic	балтабекович
patronymic	бальтович
patronymic	барабашевич
patronymic	баракович
patronymic	баранович
patronymic	барбарашевич
patronymic	барниевич
patronymic	барриевич
patronymic	бартанович
patronymic	бартович
patronymic	бартоломеевич
patronymic	барыевич
patronymic	басамович
patronymic	басимович
patronymic	басирович
patronymic	баталович
patronymic	батирбекович
patronymic	батуханович
patronymic	батыевич
patronymic	батыр-бекович
patronymic	батыралиевич
patronymic	батырбекович
patronymic	батырбулатович
patronymic	батырджанович
patronymic	батырович
patronymic	баудинович
patronymic	бахадырович
patronymic	бахлулович
patronymic	бахмутович
patronymic	баходурович
patronymic	бахтемирович
patronymic	бахтиярович
patronymic	бахтиёрович
patronymic	бахтурасович
patronymic	бахурович
patronymic	бахусович
patronymic	бахытжанович
patronymic	бахытович
patronymic	башарович
patronymic	баширович
patronymic	баязитович
patronymic	баязович
patronymic	баярович
patronymic	бегмуратович
patronymic	бегмуродович
patronymic	бегназарович
patronymic	бедретдинович
patronymic	бекзатович
patronymic	бекзодович
patronymic	бекирович
patronymic	бекмухамадович
patronymic	бекмухамбетович
patronymic	бекмухамедович
patronymic	бекназарович
patronymic	бексолтанович
patronymic	бексултанович
patronymic	бектемирович
patronymic	бектимарович
patronymic	бекханович
patronymic	бембеевич
patronymic	бембулатович
patronymic	бембяевич
patronymic	бенаминович
patronymic	бенджаменович
patronymic	бенджаминович
patronymic	бенедиктасович
patronymic	бенедиктович
patronymic	бениаминович
patronymic	бенович
patronymic	бенцианович
patronymic	бенционович
patronymic	бергутович
patronymic	берикович
patronymic	берикханович
patronymic	берметович
patronymic	бернандович
patronymic	бернардович
patronymic	бернарович
patronymic	бернгардович
patronymic	бернхардович
patronymic	берсович
patronymic	бертович
patronymic	бертолонович
patronymic	бертольдович
patronymic	бертонович
patronymic	бертрамович
patronymic	бертрандович
patronymic	бертранович
patronymic	бесланович
patronymic	бессарабович
patronymic	беханович
patronymic	бехрузович
patronymic	биасланович
patronymic	бибикамалович
patronymic	бибинурович
patronymic	бидзинович
patronymic	биймурзович
patronymic	бийсолтанович
patronymic	бикбаевич
patronymic	бикбулатович
patronymic	билалович
patronymic	биланович
patronymic	билелевич
patronymic	биллович
patronymic	биньяминович
patronymic	биргерович
patronymic	биркунович
patronymic	бисланович
patronymic	бичикович
patronymic	биякаевич
patronymic	блямович
patronymic	боббиевич
patronymic	бобиевич
patronymic	бобович
patronymic	бобомуратович
patronymic	бобомуродович
patronymic	бобоназарович
patronymic	бобоханович
patronymic	бобошерович
patronymic	бобуржонович
patronymic	богадурович
patronymic	богданасович
patronymic	богданович
patronymic	богдасарович
patronymic	богодарович
patronymic	боголюбович
patronymic	богомирович
patronymic	богосович
patronymic	богратович
patronymic	богумилович
patronymic	богуславович
patronymic	боданович
patronymic	боеславович
patronymic	божидарович
patronymic	божинович
patronymic	болесавович
patronymic	болеславович
patronymic	болиславович
patronymic	болобекович
patronymic	болотбекович
patronymic	бониславович
patronymic	бонифациевич
patronymic	бораевич
patronymic	бореславович
patronymic	борикович
patronymic	борисасович
patronymic	бориславович
patronymic	борисович
patronymic	боходирович
patronymic	боянович
patronymic	боярович
patronymic	брагимович
patronymic	брайанович
patronymic	брандтович
patronymic	браниславович
patronymic	брендонович
patronymic	брентович
patronymic	бриевич
patronymic	бронеславович
patronymic	брониславасович
patronymic	брониславович
patronymic	брунович
patronymic	брэдович
patronymic	брюсович
patronymic	бубакарович
patronymic	бугадинович
patronymic	бугаудинович
patronymic	бугданович
patronymic	бугримович
patronymic	будажапович
patronymic	будимирович
patronymic	будионович
patronymic	будулаевич
patronymic	бузджигитович
patronymic	бузжигитович
patronymic	булалович
patronymic	буланович
patronymic	булатович
patronymic	булахович
patronymic	булачович
patronymic	булашевич
patronymic	бунимович
patronymic	буранбаевич
patronymic	бурангулович
patronymic	бурастанович
patronymic	буратинович
patronymic	бурганович
patronymic	бургович
patronymic	бурулканович
patronymic	бурханович
patronymic	бутросович
patronymic	бухарбаевич
patronymic	бхартрихариевич
patronymic	бэлзевич
patronymic	бяшимович
patronymic	ваанович
patronymic	вавжинецевич
patronymic	вавилиевич
patronymic	вавилович
patronymic	ваганович
patronymic	вагаршакович
patronymic	вагевич
patronymic	вагизович
patronymic	вагисович
patronymic	вагистович
patronymic	вагитович
patronymic	вагифович
patronymic	вагнерович
patronymic	вагнорович
patronymic	вагоршакович
patronymic	ваграмович
patronymic	вагранович
patronymic	вагубович
patronymic	вагыйзович
patronymic	ваделенович
patronymic	ваделинович
patronymic	вадериевич
patronymic	ваджибович
patronymic	ваджидович
patronymic	ваджихович
patronymic	вадидович
patronymic	вадиевич
patronymic	вадикович
patronymic	вадимирович
patronymic	вадимович
patronymic	вадинович
patronymic	вадиславович
patronymic	вадлеевич
patronymic	вадленович
patronymic	вадлентинович
patronymic	вадудович
patronymic	вадутович
patronymic	вазгенович
patronymic	вазерович
patronymic	вазизович
patronymic	вазилович
patronymic	вазинович
patronymic	вазипатович
patronymic	вазирович
patronymic	вазирханович
patronymic	вазихович
patronymic	вазыкович
patronymic	ваидович
patronymic	ваилиевич
patronymic	вайрамович
patronymic	вайсович
patronymic	вайцехович
patronymic	вакилович
patronymic	вакторович
patronymic	вакулевич
patronymic	валаддинович
patronymic	валадинович
patronymic	валантинович
patronymic	валариевич
patronymic	валдасович
patronymic	валдемарасович
patronymic	валдериевич
patronymic	валдисович
patronymic	валевиевич
patronymic	валегиевич
patronymic	валегович
patronymic	валеевич
patronymic	валекиевич
patronymic	валенгтинович
patronymic	валениевич
patronymic	валенинович
patronymic	валенович
patronymic	валенсевич
patronymic	валенсович
patronymic	валентиевич
patronymic	валентинасович
patronymic	валентинатович
patronymic	валентинович
patronymic	валентович
patronymic	валерианович
patronymic	валериевич
patronymic	валерикович
patronymic	валерионасович
patronymic	валериусович
patronymic	валериянович
patronymic	валерьянович
patronymic	валерянович
patronymic	валетиевич
patronymic	валетинович
patronymic	валехович
patronymic	валиддинович
patronymic	валиджанович
patronymic	валиджонович
patronymic	валидович
patronymic	валиевич
patronymic	валикович
patronymic	валилиевич
patronymic	валимирович
patronymic	валимович
patronymic	валимухамедович
patronymic	валинович
patronymic	валиуллович
patronymic	валиханович
patronymic	валоериевич
patronymic	вальдекович
patronymic	вальдемарович
patronymic	вальдимарасович
patronymic	вальдимарович
patronymic	вальтерович
patronymic	валяддинович
patronymic	ванатолиевич
patronymic	вангович
patronymic	ванданович
patronymic	ванесович
patronymic	ваниаминович
patronymic	ваникович
patronymic	ванифантиевич
patronymic	ванифатиевич
patronymic	ванович
patronymic	ванцетиевич
patronymic	варастатович
patronymic	варданович
patronymic	вардкесович
patronymic	вардуаевич
patronymic	вареанофиевич
patronymic	вариевич
patronymic	варикович
patronymic	варламиевич
patronymic	варламович
patronymic	варсанофиевич
patronymic	варсонофиевич
patronymic	вартазарович
patronymic	вартанович
patronymic	варткезович
patronymic	варфаламеевич
patronymic	варфаломеевич
patronymic	варфоломеевич
patronymic	варшамович
patronymic	васгенович
patronymic	васидиевич
patronymic	васиевич
patronymic	василдиевич
patronymic	василевич
patronymic	василиевич
patronymic	василович
patronymic	василтиевич
patronymic	васимович
patronymic	васифович
patronymic	ваславович
patronymic	вассилович
patronymic	вассимович
patronymic	вастилиевич
patronymic	васылевич
patronymic	ваталиевич
patronymic	ватиславович
patronymic	ватславович
patronymic	вафович
patronymic	вахабович
patronymic	вахидович
patronymic	вахимович
patronymic	вахирович
patronymic	вахитович
patronymic	вахобович
patronymic	вахович
patronymic	вахтангиевич
patronymic	вахтангович
patronymic	вахтаншевич
patronymic	вахурович
patronymic	вацлавасович
patronymic	вацлавович
patronymic	вацловович
patronymic	вачирович
patronymic	ваэлевич
patronymic	вгениевич
patronymic	веденеевич
patronymic	вейкович
patronymic	велентинович
patronymic	велериевич
patronymic	велиевич
patronymic	велизарович
patronymic	велимамедович
patronymic	велиметович
patronymic	велимирович
patronymic	велимурадович
patronymic	велиорович
patronymic	велиславович
patronymic	велияддинович
patronymic	веллович
patronymic	велориевич
patronymic	венадиевич
patronymic	венаевич
patronymic	веналиевич
patronymic	венариевич
patronymic	венделинович
patronymic	венеаминович
patronymic	венегдитович
patronymic	венедиевич
patronymic	венедиктович
patronymic	венедимович
patronymic	венекдитович
patronymic	вениаминович
patronymic	венидиктович
patronymic	вениславович
patronymic	веннадиевич
patronymic	венорович
patronymic	венсанович
patronymic	вентаминович
patronymic	венцеславович
patronymic	венциславович
patronymic	веонидович
patronymic	вергилиевич
patronymic	веремеевич
patronymic	вержилиевич
patronymic	вернерович
patronymic	верославович
patronymic	веславович
patronymic	вестиславович
patronymic	веталиевич
patronymic	ветиславович
patronymic	ветославович
patronymic	вечаславович
patronymic	вечеславович
patronymic	вечиславович
patronymic	вечяславович
patronymic	виалиевич
patronymic	виарелович
patronymic	виаталиевич
patronymic	виатлиевич
patronymic	виаторович
patronymic	вивторович
patronymic	вигдорович
patronymic	видадиевич
patronymic	видалиевич
patronymic	видиславович
patronymic	видославович
patronymic	вииалиевич
patronymic	викентиевич
patronymic	виккентиевич
patronymic	викорович
patronymic	викситиевич
patronymic	викталиевич
patronymic	виктарович
patronymic	викторавович
patronymic	викторасович
patronymic	викторианович
patronymic	викториевич
patronymic	викторинович
patronymic	викториович
patronymic	викторисович
patronymic	викторович
patronymic	викторосович
patronymic	викторсович
patronymic	виктрович
patronymic	викулович
patronymic	вилалиевич
patronymic	вилариевич
patronymic	вилатиевич
patronymic	вилевич
patronymic	вилемович
patronymic	вилениевич
patronymic	виленинович
patronymic	виленович
patronymic	вилерович
patronymic	вилианович
patronymic	вилиевич
patronymic	вилисович
patronymic	виллевич
patronymic	виллемович
patronymic	вилленович
patronymic	виллиаминович
patronymic	виллианович
patronymic	виллибальдович
patronymic	виллиевич
patronymic	виллович
patronymic	виллориевич
patronymic	виллорович
patronymic	вилльямович
patronymic	вилляевич
patronymic	вилонович
patronymic	вилордович
patronymic	вилориевич
patronymic	вилорикович
patronymic	вилоркович
patronymic	вилорович
patronymic	вилотович
patronymic	вилоятович
patronymic	вильгельмасович
patronymic	вильгельмович
patronymic	вильгельмусович
patronymic	вильгениевич
patronymic	вильгенович
patronymic	вильданович
patronymic	вилькенович
patronymic	вильманович
patronymic	вильмарович
patronymic	вильмирович
patronymic	вильяминович
patronymic	вильямович
patronymic	винариевич
patronymic	виниаминович
patronymic	винидиктович
patronymic	виниславович
patronymic	винцасович
patronymic	винцентович
patronymic	вионорович
patronymic	виорелович
patronymic	виоренович
patronymic	виорилович
patronymic	виорович
patronymic	вирабович
patronymic	виралиевич
patronymic	висентевич
patronymic	виссамович
patronymic	виссарианович
patronymic	виссариевич
patronymic	виссарионович
patronymic	витадиевич
patronymic	виталиевич
patronymic	виталикович
patronymic	витальдович
patronymic	витасович
patronymic	витаутасович
patronymic	витаутович
patronymic	витаутосович
patronymic	витаутсович
patronymic	вителиевич
patronymic	витерович
patronymic	витеславович
patronymic	витиалиевич
patronymic	витович
patronymic	витольдович
patronymic	витославович
patronymic	витрасович
patronymic	витториович
patronymic	витусович
patronymic	витчеславович
patronymic	витчиславович
patronymic	вишанович
patronymic	вишванатанович
patronymic	владанович
patronymic	владарович
patronymic	владасович
patronymic	владекович
patronymic	владеленович
patronymic	владелинович
patronymic	владенович
patronymic	владерович
patronymic	владеславович
patronymic	владжимирович
patronymic	владжиславович
patronymic	владиевич
patronymic	владиимирович
patronymic	владиимрович
patronymic	владикович
patronymic	владилавович
patronymic	владилеевич
patronymic	владиленович
patronymic	владилентович
patronymic	владилинович
patronymic	владилленович
patronymic	владильенович
patronymic	владимарович
patronymic	владимерович
patronymic	владимирасович
patronymic	владимирович
patronymic	владимович
patronymic	владимрович
patronymic	владинович
patronymic	владирович
patronymic	владиславович
patronymic	владисмирович
patronymic	владленович
patronymic	владлимирович
patronymic	владмиирович
patronymic	владович
patronymic	владщимирович
patronymic	влажимирович
patronymic	влалимирович
patronymic	влалиславович
patronymic	вламирович
patronymic	влариевич
patronymic	власиевич
patronymic	власимирович
patronymic	влаславович
patronymic	власович
patronymic	властимилович
patronymic	властимирович
patronymic	властиславович
patronymic	влацлавович
patronymic	влеволодович
patronymic	влентинович
patronymic	влодимирович
patronymic	влпдимирович
patronymic	воалимирович
patronymic	вовикович
patronymic	водимович
patronymic	водиславович
patronymic	возгенович
patronymic	возирович
patronymic	воиславович
patronymic	войтехович
patronymic	войткович
patronymic	войтыкович
patronymic	войцехович
patronymic	войцикович
patronymic	войцихович
patronymic	войчехович
patronymic	вокторович
patronymic	воладимирович
patronymic	воладиславович
patronymic	волдемарович
patronymic	волдисович
patronymic	волентинович
patronymic	волеславович
patronymic	волиевич
patronymic	володариевич
patronymic	володарович
patronymic	володиевич
patronymic	володимирович
patronymic	волтерович
patronymic	волфгангович
patronymic	вольдемарасович
patronymic	вольдемарович
patronymic	вольдемирович
patronymic	вольдимарович
patronymic	вольмирович
patronymic	вольфгангович
patronymic	вольфгантович
patronymic	вольфович
patronymic	вонифатиевич
patronymic	востаникович
patronymic	воцлавович
patronymic	врамович
patronymic	врежикович
patronymic	всеволодович
patronymic	всеславович
patronymic	вугорович
patronymic	вуколович
patronymic	вульфович
patronymic	вчеславович
patronymic	вягизович
patronymic	вязирович
patronymic	вякилович
patronymic	вялиевич
patronymic	вятеславович
patronymic	вятиславович
patronymic	вятчеславович
patronymic	вячелавович
patronymic	вячесвалович
patronymic	вячеславасович
patronymic	вячеславович
patronymic	вячиславович
patronymic	вячуславович
patronymic	габарович
patronymic	габделбарович
patronymic	габдельбарович
patronymic	габдельжабарович
patronymic	габдельхаевич
patronymic	габдинурович
patronymic	габдрауфович
patronymic	габдрафикович
patronymic	габдрашитович
patronymic	габдулахаевич
patronymic	габдулахатович
patronymic	габдулбарович
patronymic	габдулвахидович
patronymic	габдулвахитович
patronymic	габдулкаримович
patronymic	габдуллевич
patronymic	габдуллович
patronymic	габдулхакович
patronymic	габибатович
patronymic	габибович
patronymic	габибулахович
patronymic	габибуллахович
patronymic	габибуллович
patronymic	габибулович
patronymic	габидатович
patronymic	габиденович
patronymic	габидович
patronymic	габидуллович
patronymic	габилевич
patronymic	габилович
patronymic	габирович
patronymic	габитович
patronymic	габитьянович
patronymic	габорович
patronymic	габриелович
patronymic	габрилович
patronymic	габриэлевич
patronymic	гавриилович
patronymic	гаврилович
patronymic	гаврушевич
patronymic	гагаевич
patronymic	гагакович
patronymic	гаганович
patronymic	гагикович
patronymic	гадеевич
patronymic	гаджи-агович
patronymic	гаджи-ибрагимович
patronymic	гаджи-курбанович
patronymic	гаджи-магомедович
patronymic	гаджиахмедович
patronymic	гаджибекович
patronymic	гаджиевич
patronymic	гаджикадырович
patronymic	гаджикаибович
patronymic	гаджикаримович
patronymic	гаджикеримович
patronymic	гаджикович
patronymic	гаджикурбанович
patronymic	гаджимагамедович
patronymic	гаджимагомедович
patronymic	гаджиметович
patronymic	гаджимурадович
patronymic	гаджимуратович
patronymic	гаджирамазанович
patronymic	гадиевич
patronymic	гадимович
patronymic	гадисович
patronymic	гаевич
patronymic	газиевич
patronymic	газизович
patronymic	газимагомедович
patronymic	газимович
patronymic	газисович
patronymic	гаикович
patronymic	гайдарбекович
patronymic	гайипназарович
patronymic	гайнитдинович
patronymic	гайнуллович
patronymic	гайнутдинович
patronymic	гайсович
patronymic	гайфутдинович
patronymic	галакович
patronymic	галактионович
patronymic	галандарович
patronymic	галеевич
patronymic	галентинович
patronymic	галериевич
patronymic	галианович
patronymic	галиаскарович
patronymic	галиевич
patronymic	галимджанович
patronymic	галимжанович
patronymic	галимович
patronymic	галимуллинович
patronymic	галимханович
patronymic	галипович
patronymic	галиулович
patronymic	галлилеевич
patronymic	галлямович
patronymic	галсанович
patronymic	галымжанович
patronymic	галымович
patronymic	галямович
patronymic	галяутдинович
patronymic	гамбарович
patronymic	гамзатович
patronymic	гамидович
patronymic	гамизович
patronymic	гамилевич
patronymic	гамилович
patronymic	гамирович
patronymic	гамитович
patronymic	гамлетович
patronymic	ганибалович
patronymic	ганибекович
patronymic	ганиджонович
patronymic	ганиевич
patronymic	ганисович
patronymic	ганифович
patronymic	ганнибалович
patronymic	ганс-юргенович
patronymic	гансович
patronymic	гапанович
patronymic	гаппарович
patronymic	гапурович
patronymic	гараевич
patronymic	гаральдович
patronymic	гаранович
patronymic	гарафеевич
patronymic	гарафиевич
patronymic	гарафилович
patronymic	гарафудинович
patronymic	гарафутдинович
patronymic	гарегенович
patronymic	гарегиевич
patronymic	гарегинович
patronymic	гареевич
patronymic	гарекинович
patronymic	гариевич
patronymic	гарикович
patronymic	гарипович
patronymic	гариславович
patronymic	гарифович
patronymic	гармажапович
patronymic	гарникович
patronymic	гарнукович
patronymic	гарольдович
patronymic	гарриевич
patronymic	гарриславович
patronymic	гаррисович
patronymic	гаррисонович
patronymic	гарсиаевич
patronymic	гарсияевич
patronymic	гарунович
patronymic	гарягдыевич
patronymic	гаряевич
patronymic	гасанович
patronymic	гаспарович
patronymic	гасратович
patronymic	гатапович
patronymic	гатаулович
patronymic	гатуфович
patronymic	гаугарович
patronymic	гафарович
patronymic	гафуржанович
patronymic	гафурович
patronymic	гаффарович
patronymic	гаязетдинович
patronymic	гаязович
patronymic	гаязутдинович
patronymic	гаярович
patronymic	гвидович
patronymic	гвидонович
patronymic	гдалиевич
patronymic	гебхардович
patronymic	гевартович
patronymic	гевенович
patronymic	гевондович
patronymic	геворгизович
patronymic	геворгович
patronymic	геворикович
patronymic	геворкович
patronymic	гевортович
patronymic	геворхович
patronymic	гедалиевич
patronymic	гедеванович
patronymic	гедевонович
patronymic	гедеминасович
patronymic	гедеонович
patronymic	гедиминасович
patronymic	гедионович
patronymic	гедминасович
patronymic	гедрюсович
patronymic	гезович
patronymic	гейбадулевич
patronymic	гейдарович
patronymic	гейдаровович
patronymic	гейзович
patronymic	геймуразович
patronymic	гейнихович
patronymic	гейнрихович
patronymic	гейранович
patronymic	гейратович
patronymic	гейсович
patronymic	гекович
patronymic	гекторович
patronymic	гекчекович
patronymic	гелариевич
patronymic	гелиардович
patronymic	гелиевич
patronymic	гелиосович
patronymic	геллариевич
patronymic	гельбертович
patronymic	гельдыевич
patronymic	гельдымурадович
patronymic	гельметдинович
patronymic	гельмутович
patronymic	генадиевич
patronymic	генанадиевич
patronymic	генандиевич
patronymic	гендрикович
patronymic	гендрихович
patronymic	генжебаевич
patronymic	геннадиевич
patronymic	генналиевич
patronymic	геннедиевич
patronymic	генниевич
patronymic	генриевич
patronymic	генрикович
patronymic	генрихович
patronymic	геняевич
patronymic	геогиевич
patronymic	георгевич
patronymic	георгесович
patronymic	георгиадисович
patronymic	георгиевич
patronymic	георгиосович
patronymic	георгисович
patronymic	георгицевич
patronymic	георгович
patronymic	геориевич
patronymic	герадиевич
patronymic	гераклитович
patronymic	гераклович
patronymic	геральдович
patronymic	герантиевич
patronymic	герардович
patronymic	герасиевич
patronymic	герасимович
patronymic	герасимосович
patronymic	гербертович
patronymic	гервасиевич
patronymic	гергардович
patronymic	гергиевич
patronymic	гердович
patronymic	герейханович
patronymic	герекович
patronymic	гериевич
patronymic	герикназович
patronymic	герикович
patronymic	герихович
patronymic	гермагенович
patronymic	германнович
patronymic	германович
patronymic	германсович
patronymic	гермесович
patronymic	герминович
patronymic	гермогенович
patronymic	гермогентович
patronymic	гернольдович
patronymic	герогиевич
patronymic	героидович
patronymic	герольдович
patronymic	герониевич
patronymic	геронимович
patronymic	геронович
patronymic	геронтиевич
patronymic	геррадиевич
patronymic	герргиевич
patronymic	гертович
patronymic	герфанович
patronymic	герхардович
patronymic	гершевич
patronymic	гершинович
patronymic	гершкович
patronymic	гершонович
patronymic	гиаевич
patronymic	гибадуллович
patronymic	гиваргизович
patronymic	гивиевич
patronymic	гиворгович
patronymic	гигориевич
patronymic	гигорович
patronymic	гигранович
patronymic	гидалиевич
patronymic	гиджранович
patronymic	гидонович
patronymic	гизарович
patronymic	гикметович
patronymic	гиколаевич
patronymic	гилалович
patronymic	гиланиевич
patronymic	гилариевич
patronymic	гилимханович
patronymic	гильдебертович
patronymic	гильдегардович
patronymic	гильматдинович
patronymic	гильметдинович
patronymic	гильмуллович
patronymic	гильмутдинович
patronymic	гильфанович
patronymic	гиляриевич
patronymic	гимальдинович
patronymic	гиматович
patronymic	гимбатович
patronymic	гимранович
patronymic	гинадиевич
patronymic	гиниятович
patronymic	гиннесович
patronymic	гинтарасович
patronymic	гинтарисович
patronymic	гиоргиевич
patronymic	гипполитович
patronymic	гирфанович
patronymic	гиршевич
patronymic	гияевич
patronymic	гиязович
patronymic	гиямович
patronymic	гиясович
patronymic	глебович
patronymic	гленович
patronymic	глориевич
patronymic	гнатович
patronymic	гнелович
patronymic	гоарикович
patronymic	гоарович
patronymic	говардович
patronymic	говикович
patronymic	говхерович
patronymic	гогарикович
patronymic	гогарович
patronymic	гогиевич
patronymic	гогович
patronymic	голамович
patronymic	голанович
patronymic	гонориевич
patronymic	гонсалесович
patronymic	горальдович
patronymic	горанович
patronymic	горациевич
patronymic	горгиевич
patronymic	гордеевич
patronymic	гордиевич
patronymic	гордонович
patronymic	гориевич
patronymic	горикович
patronymic	горимирович
patronymic	гориславович
patronymic	горович
patronymic	горольдович
patronymic	готлибович
patronymic	готлипович
patronymic	готфридович
patronymic	гофарович
patronymic	гофикович
patronymic	гочевич
patronymic	гоярикович
patronymic	гоярович
patronymic	градиславович
patronymic	граниславович
patronymic	грачикович
patronymic	грегориевич
patronymic	грегорович
patronymic	григоориевич
patronymic	григориевич
patronymic	григоринович
patronymic	григорович
patronymic	григортиевич
patronymic	григриевич
patronymic	григшориевич
patronymic	грицькович
patronymic	грэмович
patronymic	губайдуллович
patronymic	гугович
patronymic	гугонович
patronymic	гудратович
patronymic	гудретдинович
patronymic	гуламджанович
patronymic	гуламжанович
patronymic	гуламжонович
patronymic	гуламидинович
patronymic	гуламович
patronymic	гуливерович
patronymic	гулимбаевич
patronymic	гулияевич
patronymic	гулливерович
patronymic	гуломалиевич
patronymic	гуломович
patronymic	гульжиханович
patronymic	гульзиганович
patronymic	гульманович
patronymic	гульсемович
patronymic	гультанович
patronymic	гульчачакович
patronymic	гульчечекович
patronymic	гульчиганович
patronymic	гумерович
patronymic	гумирович
patronymic	гуннарович
patronymic	гунтисович
patronymic	гурамиевич
patronymic	гурамович
patronymic	гуратович
patronymic	гургенович
patronymic	гуреевич
patronymic	гуренович
patronymic	гурешевич
patronymic	гуриевич
patronymic	гусейнгулуевич
patronymic	гусейнович
patronymic	гусейханович
patronymic	густавович
patronymic	гэриевич
patronymic	гюладдинович
patronymic	гюлаевич
patronymic	гюлхарович
patronymic	гюльаддинович
patronymic	гюльахмедович
patronymic	гюльбагарович
patronymic	гюльвардович
patronymic	гюльвартович
patronymic	гюльгусейнович
patronymic	гюльдаранович
patronymic	гюльджаханович
patronymic	гюльджиганович
patronymic	гюльжаганович
patronymic	гюльзаманович
patronymic	гюльмагомедович
patronymic	гюльмамедович
patronymic	гюльнарович
patronymic	гюнтерович
patronymic	гёкханович
patronymic	давеевич
patronymic	давидбекович
patronymic	давидович
patronymic	давладович
patronymic	давлатбаевич
patronymic	давлатжонович
patronymic	давлаткадамович
patronymic	давлатмирович
patronymic	давлатович
patronymic	давлетбаевич
patronymic	давлетмурадович
patronymic	давлетович
patronymic	давранбекович
patronymic	давранович
patronymic	давронбаевич
patronymic	давронбекович
patronymic	давронович
patronymic	даврончонович
patronymic	давудович
patronymic	давыдович
patronymic	даганович
patronymic	дагистанович
patronymic	дагитович
patronymic	дагларович
patronymic	дагобертович
patronymic	дадашбаевич
patronymic	даждамирович
patronymic	даирбекович
patronymic	дайнисович
patronymic	дакарович
patronymic	далаевич
patronymic	далерович
patronymic	далиевич
patronymic	дамедович
patronymic	даметович
patronymic	дамианович
patronymic	дамирович
patronymic	данатарович
patronymic	данатович
patronymic	данаторович
patronymic	дангович
patronymic	данзанович
patronymic	даниевич
patronymic	даниелевич
patronymic	даниелович
patronymic	даниерович
patronymic	даниилович
patronymic	данилбекович
patronymic	данилевич
patronymic	даниллович
patronymic	данилович
patronymic	даниэлевич
patronymic	даниэлович
patronymic	даниялович
patronymic	даниянович
patronymic	даниярович
patronymic	данкович
patronymic	данович
patronymic	дарианович
patronymic	дариевич
patronymic	дарренович
patronymic	дартаньянович
patronymic	даршанович
patronymic	дасиевич
patronymic	дасимович
patronymic	датикович
patronymic	даудович
patronymic	даулеткалиевич
patronymic	даулетканович
patronymic	даулетович
patronymic	даурбекович
patronymic	даурович
patronymic	даутович
patronymic	дашипылович
patronymic	даянович
patronymic	двойрович
patronymic	девидович
patronymic	девлетович
patronymic	дедалович
patronymic	дезидериевич
patronymic	дейвидович
patronymic	дейвисович
patronymic	дейлинович
patronymic	делиевич
patronymic	демедович
patronymic	дементиевич
patronymic	деметерович
patronymic	демидович
patronymic	демирович
patronymic	демисович
patronymic	демитриевич
patronymic	демович
patronymic	демокритович
patronymic	демурович
patronymic	демьянович
patronymic	демянович
patronymic	денгизович
patronymic	дениевич
patronymic	денизович
patronymic	денисиевич
patronymic	денискович
patronymic	дениславович
patronymic	денисламович
patronymic	денисович
patronymic	денниевич
patronymic	деннисович
patronymic	денович
patronymic	деонидович
patronymic	деонизиевич
patronymic	деонизович
patronymic	деонисиевич
patronymic	деонисович
patronymic	дерекович
patronymic	дереникович
patronymic	деркович
patronymic	десмондович
patronymic	дехканович
patronymic	дехтярович
patronymic	дечебалович
patronymic	дечкович
patronymic	джабарович
patronymic	джаббарович
patronymic	джабборович
patronymic	джаберович
patronymic	джабирович
patronymic	джабраилович
patronymic	джавадович
patronymic	джаванширович
patronymic	джавгарович
patronymic	джавдатович
patronymic	джавдетович
patronymic	джаведович
patronymic	джавидович
patronymic	джагафарович
patronymic	джаидович
patronymic	джайдипович
patronymic	джакобович
patronymic	джакомович
patronymic	джалаладдинович
patronymic	джалалович
patronymic	джалалутдинович
patronymic	джалелович
patronymic	джалилевич
patronymic	джалилович
patronymic	джалолидинович
patronymic	джалялович
patronymic	джамавович
patronymic	джамадинович
patronymic	джамаладдинович
patronymic	джамалддинович
patronymic	джамалдинович
patronymic	джамалевич
patronymic	джамаледдинович
patronymic	джамалетдинович
patronymic	джамалиддинович
patronymic	джамалидинович
patronymic	джамалиевич
patronymic	джамалович
patronymic	джамалудинович
patronymic	джамалутдинович
patronymic	джамбекович
patronymic	джамбулиевич
patronymic	джамидинович
patronymic	джамидович
patronymic	джамилатович
patronymic	джамилевич
patronymic	джамилович
patronymic	джамолдинович
patronymic	джамолиддинович
patronymic	джамолидинович
patronymic	джамолитдинович
patronymic	джамшедович
patronymic	джанбекович
patronymic	джангирович
patronymic	джангюрович
patronymic	джанибекович
patronymic	джаникович
patronymic	джанниевич
patronymic	джаннович
patronymic	джанович
patronymic	джаныбекович
patronymic	джапарович
patronymic	джаппарович
patronymic	джастинович
patronymic	джасурович
patronymic	джафарович
patronymic	джаферович
patronymic	джафирович
patronymic	джаффарович
patronymic	джахадович
patronymic	джахангирович
patronymic	джахандарович
patronymic	джаханович
patronymic	джегутович
patronymic	джеймсович
patronymic	джейрах-таргимович
patronymic	джейсонович
patronymic	джекиевич
patronymic	джекович
patronymic	джемаилович
patronymic	джемалетдинович
patronymic	джемалеттинович
patronymic	джемалович
patronymic	дженет-ханович
patronymic	джеральдович
patronymic	джерардович
patronymic	джеромович
patronymic	джефферсонович
patronymic	джеффович
patronymic	джеффриевич
patronymic	джиммович
patronymic	джимович
patronymic	джиферович
patronymic	джиханович
patronymic	джович
patronymic	джоганович
patronymic	джозефович
patronymic	джозефсонович
patronymic	джонатанович
patronymic	джонгович
patronymic	джонибекович
patronymic	джониевич
patronymic	джоникович
patronymic	джонмамадович
patronymic	джонмахмадович
patronymic	джонниевич
patronymic	джонович
patronymic	джонсович
patronymic	джонсонович
patronymic	джорданович
patronymic	джорджевич
patronymic	джорджович
patronymic	джориевич
patronymic	джохарович
patronymic	джошуаевич
patronymic	джоэлович
patronymic	джуевич
patronymic	джузеппевич
patronymic	джуканович
patronymic	джулианович
patronymic	джумабекович
patronymic	джумадович
patronymic	джумальдинович
patronymic	джумблатович
patronymic	джунайдович
patronymic	джунитович
patronymic	джурабекович
patronymic	джутейлевич
patronymic	джутейлович
patronymic	дзеронович
patronymic	дзивгисович
patronymic	дзюнъитирович
patronymic	дзяудинович
patronymic	дибаханович
patronymic	дивакович
patronymic	дигранович
patronymic	дидалович
patronymic	дидухович
patronymic	дидьевич
patronymic	диегович
patronymic	дизендорфович
patronymic	дикович
patronymic	диланович
patronymic	диларамович
patronymic	дилманович
patronymic	дилшадович
patronymic	дильматович
patronymic	дильмурадович
patronymic	дильмуратович
patronymic	диляверович
patronymic	дилярович
patronymic	диляромович
patronymic	димевич
patronymic	диментиевич
patronymic	димидович
patronymic	димитриевич
patronymic	димьянович
patronymic	динадиевич
patronymic	динович
patronymic	диогенович
patronymic	диомидович
patronymic	дионизиевич
patronymic	дионисиевич
patronymic	дионисович
patronymic	дипкунович
patronymic	дираджевич
patronymic	дирарович
patronymic	дирекович
patronymic	диркович
patronymic	дирович
patronymic	дитерович
patronymic	дитрихович
patronymic	диттевич
patronymic	диярович
patronymic	дмитириевич
patronymic	дмитрианович
patronymic	дмитриевич
patronymic	дмитрикович
patronymic	дмитриосович
patronymic	дмитрисович
patronymic	дмитриянович
patronymic	дмитрович
patronymic	дмытрович
patronymic	добромирович
patronymic	доброславович
patronymic	добрушевич
patronymic	довлатович
patronymic	довлетбердиевич
patronymic	довлетбиевич
patronymic	довлетгельдыевич
patronymic	довлетмурадович
patronymic	довлетович
patronymic	довлетярович
patronymic	долиевич
patronymic	доминикович
patronymic	доналдович
patronymic	дональдович
patronymic	донатасович
patronymic	донатович
patronymic	донович
patronymic	дореаняевич
patronymic	дорианович
patronymic	дориевич
patronymic	дорикович
patronymic	доринович
patronymic	дорионович
patronymic	дормидонович
patronymic	дормидонтович
patronymic	дорофеевич
patronymic	досжанович
patronymic	досифеевич
patronymic	драголюбович
patronymic	драгомирович
patronymic	драгославович
patronymic	дубравкович
patronymic	дугаржапович
patronymic	дугарович
patronymic	дугласович
patronymic	дунович
patronymic	дунямалыевич
patronymic	дурмишханович
patronymic	дымбрылович
patronymic	дьюкович
patronymic	дэвидович
patronymic	дэйвович
patronymic	дэниелович
patronymic	дэнниевич
patronymic	дэннисович
patronymic	евангелович
patronymic	еванович
patronymic	евганиевич
patronymic	евгеевич
patronymic	евгениевич
patronymic	евгенович
patronymic	евграфиевич
patronymic	евграфович
patronymic	евдокимович
patronymic	евдохимович
patronymic	евениевич
patronymic	евклидович
patronymic	евладиевич
patronymic	евлампиевич
patronymic	евлантиевич
patronymic	евлогиевич
patronymic	евмениевич
patronymic	евменович
patronymic	евментиевич
patronymic	евнениевич
patronymic	евпатиевич
patronymic	еврениевич
patronymic	евсафиевич
patronymic	евсеевич
patronymic	евсениевич
patronymic	евстафиевич
patronymic	евстахиевич
patronymic	евстигнеевич
patronymic	евстихиевич
patronymic	евстратиевич
patronymic	евстратович
patronymic	евстрафиевич
patronymic	евтафиевич
patronymic	евтифиевич
patronymic	евтихиевич
patronymic	евтропиевич
patronymic	евтухович
patronymic	евфимиевич
patronymic	егвардович
patronymic	егисапетович
patronymic	егишевич
patronymic	егориевич
patronymic	егорович
patronymic	еграфиевич
patronymic	едвардович
patronymic	едвартович
patronymic	едгардович
patronymic	едгорович
patronymic	едуардович
patronymic	ежиевич
patronymic	елвинович
patronymic	елесеевич
patronymic	елефтериевич
patronymic	елизариевич
patronymic	елизарович
patronymic	елисеевич
patronymic	елисович
patronymic	елистратович
patronymic	елифериевич
patronymic	елладиевич
patronymic	елтаевич
patronymic	ельдарович
patronymic	ельматович
patronymic	емануилович
patronymic	емелиянович
patronymic	емельянович
patronymic	емзариевич
patronymic	емилевич
patronymic	емилианович
patronymic	емилиевич
patronymic	емилиянович
patronymic	емильянович
patronymic	ендреевич
patronymic	енохович
patronymic	енсович
patronymic	епифаниевич
patronymic	епифанович
patronymic	ераникович
patronymic	еранович
patronymic	ераносович
patronymic	еранушевич
patronymic	ерастович
patronymic	ерболатович
patronymic	ерболович
patronymic	ербулатович
patronymic	ервандович
patronymic	ервантович
patronymic	ервинович
patronymic	ергениевич
patronymic	еремеевич
patronymic	еремиевич
patronymic	ерихович
patronymic	еркебуланович
patronymic	еркевич
patronymic	еркежанович
patronymic	еркенович
patronymic	еркинович
patronymic	еркияевич
patronymic	ермакович
patronymic	ермекбаевич
patronymic	ермекович
patronymic	ермилович
patronymic	ермингельдович
patronymic	ерминингельдович
patronymic	ермолаевич
patronymic	ермолович
patronymic	ернеевич
patronymic	ернестович
patronymic	ернстович
patronymic	ерославович
patronymic	ерофеевич
patronymic	ерохимович
patronymic	етарович
patronymic	ефимиевич
patronymic	ефимович
patronymic	ефремиевич
patronymic	ефремович
patronymic	ефросиниевич
patronymic	ефстафиевич
patronymic	ефтеевич
patronymic	ефтемиевич
patronymic	жавдетович
patronymic	жаверович
patronymic	жавидович
patronymic	жавитович
patronymic	жавлонбекович
patronymic	жайранович
patronymic	жакович
patronymic	жакслыкович
patronymic	жамаладдинович
patronymic	жамалдинович
patronymic	жамалевич
patronymic	жамалетдинович
patronymic	жамалидинович
patronymic	жамалович
patronymic	жамалудинович
patronymic	жамальдинович
patronymic	жамбалович
patronymic	жамбекович
patronymic	жамбулатович
patronymic	жамилович
patronymic	жамоладдинович
patronymic	жамсаранович
patronymic	жан-клодович
patronymic	жан-полевич
patronymic	жан-полович
patronymic	жан-пьерович
patronymic	жанабекович
patronymic	жанжакович
patronymic	жанибекович
patronymic	жаннатович
patronymic	жанович
patronymic	жантемирович
patronymic	жаргалович
patronymic	жаргалсайханович
patronymic	жасуланович
patronymic	жасурбекович
patronymic	жасурович
patronymic	жафарович
patronymic	ждиханович
patronymic	жемалединович
patronymic	жерарович
patronymic	жеромович
patronymic	жигжитович
patronymic	жоакимович
patronymic	жозевич
patronymic	жолдасбаевич
patronymic	жолтович
patronymic	жоресович
patronymic	жоржевич
patronymic	жориевич
patronymic	жоффреевич
patronymic	жуанович
patronymic	забарович
patronymic	забиевич
patronymic	забирович
patronymic	забиуллахович
patronymic	забихуллович
patronymic	завдатович
patronymic	загидович
patronymic	загидуллович
patronymic	загидулович
patronymic	загирович
patronymic	загиряевич
patronymic	загитович
patronymic	загреевич
patronymic	загретдинович
patronymic	загрутдинович
patronymic	зазович
patronymic	заинидинович
patronymic	зайнуллович
patronymic	зайнутдинович
patronymic	закарияевич
patronymic	закирович
patronymic	закиулович
patronymic	закияевич
patronymic	закович
patronymic	залимканович
patronymic	залимханович
patronymic	залихманович
patronymic	залманович
patronymic	залумханович
patronymic	замамович
patronymic	замеддинович
patronymic	запрянович
patronymic	зарафутдинович
patronymic	заригович
patronymic	заринатович
patronymic	заринбаевич
patronymic	зарипович
patronymic	зарифович
patronymic	зарниярович
patronymic	заробиддинович
patronymic	заруиевич
patronymic	заурбегович
patronymic	заурбекович
patronymic	заурбиевич
patronymic	зауревич
patronymic	зауремович
patronymic	зауриевич
patronymic	зауринович
patronymic	заурович
patronymic	зафарджанович
patronymic	зафарович
patronymic	заферович
patronymic	захариевич
patronymic	захарияевич
patronymic	захарович
patronymic	захидович
patronymic	захирович
patronymic	збигневович
patronymic	збигнерович
patronymic	збигниевович
patronymic	звениславович
patronymic	звиадович
patronymic	звонимирович
patronymic	здеславович
patronymic	здзиславович
patronymic	здиславович
patronymic	зейнабович
patronymic	зейналабдинович
patronymic	зейналович
patronymic	зейнебович
patronymic	зейневович
patronymic	зейнекович
patronymic	зейненович
patronymic	зейнерович
patronymic	зейнетович
patronymic	зекерияевич
patronymic	зелентович
patronymic	зелимканович
patronymic	зельманович
patronymic	зельфигарович
patronymic	зеновиевич
patronymic	зенонович
patronymic	зигизмундович
patronymic	зигмундович
patronymic	зигмунтович
patronymic	зигфридович
patronymic	зикфридович
patronymic	зильфарович
patronymic	зинатуллович
patronymic	зиннурович
patronymic	зиновеевич
patronymic	зиновиевич
patronymic	зинонович
patronymic	зифкатович
patronymic	зифридович
patronymic	зиядович
patronymic	золтанович
patronymic	зоманович
patronymic	зоранович
patronymic	зореславович
patronymic	зорьянович
patronymic	зорянович
patronymic	зосимевич
patronymic	зосимович
patronymic	зосханович
patronymic	зотикович
patronymic	зубалович
patronymic	зурабович
patronymic	зуфарович
patronymic	зухрабекович
patronymic	зухрабович
patronymic	зухрахонович
patronymic	зюдерович
patronymic	зяйняпович
patronymic	иакимович
patronymic	иаковович
patronymic	иануариевич
patronymic	ибрагимович
patronymic	ибрагинович
patronymic	ибрахимович
patronymic	ивангович
patronymic	иванесович
patronymic	иваниевич
patronymic	иванкович
patronymic	иванович
patronymic	ивардович
patronymic	ивариевич
patronymic	иварович
patronymic	иварсович
patronymic	ивасевич
patronymic	ивелинович
patronymic	иверович
patronymic	ивлиевич
patronymic	ивович
patronymic	ивонович
patronymic	ивсталиевич
patronymic	игалевич
patronymic	игнатиевич
patronymic	игнатович
patronymic	игоревич
patronymic	игорович
patronymic	играмуддинович
patronymic	играмудинович
patronymic	идибекович
patronymic	идрисович
patronymic	иеговович
patronymic	иегудиевич
patronymic	иеронимович
patronymic	иешуаевич
patronymic	изатуллович
patronymic	изиевич
patronymic	изиславович
patronymic	измаилович
patronymic	изосимович
patronymic	изотович
patronymic	израилевич
patronymic	изьяславович
patronymic	изяславович
patronymic	иисусович
patronymic	икариевич
patronymic	икарович
patronymic	икрамжанович
patronymic	икранович
patronymic	иланович
patronymic	илариевич
patronymic	иларионович
patronymic	илдырович
patronymic	илианович
patronymic	илизарович
patronymic	илиодорович
patronymic	иллариевич
patronymic	илларионович
patronymic	илларович
patronymic	илмарович
patronymic	илмарсович
patronymic	илхомджонович
patronymic	илхомжанович
patronymic	илхомидинович
patronymic	илхомович
patronymic	ильварович
patronymic	ильгамович
patronymic	ильганович
patronymic	ильгардович
patronymic	ильгарович
patronymic	ильгесович
patronymic	ильгидович
patronymic	ильгизарович
patronymic	ильгизович
patronymic	ильдарович
patronymic	ильдорович
patronymic	ильдосович
patronymic	ильдурович
patronymic	ильдусевич
patronymic	ильдусович
patronymic	ильдюсович
patronymic	ильзатович
patronymic	ильич
patronymic	ильмарович
patronymic	ильмарсович
patronymic	ильмирович
patronymic	ильнурович
patronymic	ильхамбекович
patronymic	ильхамович
patronymic	ильханович
patronymic	ильшатович
patronymic	ильязович
patronymic	ильянурович
patronymic	ильярович
patronymic	ильясафович
patronymic	ильясович
patronymic	ильясханович
patronymic	ильяшевич
patronymic	иляриевич
patronymic	имадович
patronymic	ималович
patronymic	имамалиевич
patronymic	имамеддинович
patronymic	имамединович
patronymic	имамудинович
patronymic	имамутдинович
patronymic	иманакышевич
patronymic	иманович
patronymic	имантович
patronymic	имануилович
patronymic	имедович
patronymic	имомалиевич
patronymic	имранович
patronymic	имревич
patronymic	иналович
patronymic	инарович
patronymic	инарсович
patronymic	инверович
patronymic	ингварович
patronymic	индрекович
patronymic	индулисович
patronymic	иннокентиевич
patronymic	инносентович
patronymic	инокентиевич
patronymic	инсафович
patronymic	интигамович
patronymic	иоакимович
patronymic	иоаннисович
patronymic	иоаннович
patronymic	иоанович
patronymic	иоасафович
patronymic	иоахимович
patronymic	иовович
patronymic	иоганнович
patronymic	иожефович
patronymic	иозапасович
patronymic	иозасович
patronymic	иозифович
patronymic	ионасович
patronymic	ионович
patronymic	иосафатович
patronymic	иосипович
patronymic	иосифович
patronymic	ипатиевич
patronymic	ипатович
patronymic	ипполитович
patronymic	ираджевич
patronymic	ирадионович
patronymic	иразиятович
patronymic	ираклиевич
patronymic	иратович
patronymic	ирбекович
patronymic	ирвинович
patronymic	иргалиевич
patronymic	ирекович
patronymic	иренеевич
patronymic	иренеушевич
patronymic	иржиевич
patronymic	ирианович
patronymic	иринеевич
patronymic	ириниевич
patronymic	ирманович
patronymic	ирмантасович
patronymic	ирматович
patronymic	ирфанович
patronymic	исаакиевич
patronymic	исаакович
patronymic	исаевич
patronymic	исакиевич
patronymic	исакович
patronymic	исамагомедович
patronymic	исаметдинович
patronymic	исамидинович
patronymic	исамович
patronymic	исамутдинович
patronymic	исидорович
patronymic	искандарбекович
patronymic	искандарович
patronymic	искандербекович
patronymic	искандерович
patronymic	искендарович
patronymic	искендерович
patronymic	исламбекович
patronymic	исламгалеевич
patronymic	исламович
patronymic	ислямович
patronymic	исмагилович
patronymic	исмаилович
patronymic	исмайлович
patronymic	исматович
patronymic	исметович
patronymic	исович
patronymic	иссевич
patronymic	исфандиярович
patronymic	исхакович
patronymic	исхокович
patronymic	иттифакович
patronymic	итхаилович
patronymic	иувиналиевич
patronymic	иустинович
patronymic	ицхакович
patronymic	ишбулатович
patronymic	ишбулдыевич
patronymic	ишгильдыевич
patronymic	ишмухаметович
patronymic	иштванович
patronymic	иштуганович
patronymic	иювиналиевич
patronymic	июлиевич
patronymic	йванович
patronymic	йенсович
patronymic	йиржиевич
patronymic	йоанович
patronymic	йованович
patronymic	йовович
patronymic	йоганнесович
patronymic	йоганович
patronymic	йожефович
patronymic	йозасович
patronymic	йозефович
patronymic	йомерович
patronymic	йонасович
patronymic	йонатанович
patronymic	йоргенович
patronymic	йоргович
patronymic	йосефович
patronymic	йосипович
patronymic	йосифович
patronymic	йоханесович
patronymic	йоханнесович
patronymic	йошкович
patronymic	каадыр-оолович
patronymic	каадырович
patronymic	кабирович
patronymic	кадамбаевич
patronymic	кадамбоевич
patronymic	кадирбекович
patronymic	кадирбергенович
patronymic	кадирович
patronymic	кадырбекович
patronymic	кадыргулович
patronymic	кадырович
patronymic	каевич
patronymic	казбекович
patronymic	казбулатович
patronymic	казимагомедович
patronymic	казимбекович
patronymic	казимирасович
patronymic	казимирович
patronymic	казимович
patronymic	казыбекович
patronymic	казьмович
patronymic	кайратович
patronymic	кайроллович
patronymic	кайюсович
patronymic	какабаевич
patronymic	какимбекович
patronymic	каламутдинович
patronymic	калевович
patronymic	каленович
patronymic	калентиевич
patronymic	калимуллович
patronymic	калистратович
patronymic	калистрович
patronymic	калитович
patronymic	калифович
patronymic	каллистратович
patronymic	калманович
patronymic	кальверович
patronymic	камалевич
patronymic	камаледдинович
patronymic	камалетдинович
patronymic	камалитдинович
patronymic	камалович
patronymic	камалудинович
patronymic	камалутдинович
patronymic	камелевич
patronymic	камилевич
patronymic	камилович
patronymic	камронович
patronymic	кананович
patronymic	канареевич
patronymic	канафиевич
patronymic	кантемирович
patronymic	кантимирович
patronymic	капитонович
patronymic	капович
patronymic	каратаевич
patronymic	каренович
patronymic	каримбекович
patronymic	каримович
patronymic	карлисович
patronymic	карлович
patronymic	карлушевич
patronymic	карлыгашевич
patronymic	карпетович
patronymic	карпиевич
patronymic	карписович
patronymic	карпович
patronymic	карстенович
patronymic	касбулатович
patronymic	касемович
patronymic	касианович
patronymic	касимович
patronymic	касперович
patronymic	касьянович
patronymic	касянович
patronymic	кафилевич
patronymic	кахаберович
patronymic	кахович
patronymic	кахраманович
patronymic	кашфуллович
patronymic	каюмович
patronymic	квадратович
patronymic	квентинович
patronymic	кветославович
patronymic	кевинович
patronymic	кеворкович
patronymic	кевсерович
patronymic	кенжебекович
patronymic	кенжеханович
patronymic	кенжешевич
patronymic	кеннетович
patronymic	кенович
patronymic	керимбекович
patronymic	керимович
patronymic	кертулаевич
patronymic	кивенович
patronymic	кизханумович
patronymic	кимикович
patronymic	киммович
patronymic	кимович
patronymic	киприанович
patronymic	киприянович
patronymic	киреевич
patronymic	кириакович
patronymic	кириевич
patronymic	кирикияевич
patronymic	кириллович
patronymic	кирилович
patronymic	киримбаевич
patronymic	киримович
patronymic	кирсанович
patronymic	кирьякович
patronymic	клавдиевич
patronymic	клавдиянович
patronymic	клавиевич
patronymic	клаевич
patronymic	клайвович
patronymic	клариевич
patronymic	кларкович
patronymic	клаудиович
patronymic	клаусович
patronymic	клашевич
patronymic	клементиевич
patronymic	клементович
patronymic	клеоникович
patronymic	клеофасович
patronymic	клестилевич
patronymic	климентиевич
patronymic	климентович
patronymic	климович
patronymic	клинтович
patronymic	кнарикович
patronymic	кобиевич
patronymic	козимагомедович
patronymic	козимирович
patronymic	козьмевич
patronymic	козьмич
patronymic	колибабович
patronymic	колинович
patronymic	колистратович
patronymic	конгович
patronymic	кондратиевич
patronymic	кондратович
patronymic	конкордиевич
patronymic	кононович
patronymic	конрадович
patronymic	константинович
patronymic	корнеевич
patronymic	корнелиевич
patronymic	корнелиусович
patronymic	корнелович
patronymic	корнилиевич
patronymic	корнилович
patronymic	косимович
patronymic	костанович
patronymic	костантинович
patronymic	костович
patronymic	костянтинович
patronymic	кофиевич
patronymic	красномирович
patronymic	краснославович
patronymic	крейгович
patronymic	крисович
patronymic	кристакиевич
patronymic	кристалович
patronymic	кристафорович
patronymic	кристианович
patronymic	кристиянович
patronymic	кристович
patronymic	кристоферович
patronymic	кристофович
patronymic	кристофорович
patronymic	кристьянович
patronymic	кронидович
patronymic	ксавериевич
patronymic	ксавьевич
patronymic	ксемофонтович
patronymic	ксенофондович
patronymic	ксенофонович
patronymic	ксенофонтович
patronymic	куантаевич
patronymic	кудратович
patronymic	кужугетович
patronymic	кузьмич
patronymic	кумарович
patronymic	кунаевич
patronymic	куприянович
patronymic	курабекович
patronymic	курамбаевич
patronymic	куранбаевич
patronymic	курбаевич
patronymic	курбанбаевич
patronymic	курбанбекович
patronymic	курбангалеевич
patronymic	курбангалиевич
patronymic	курбанкадиевич
patronymic	курбанович
patronymic	куртович
patronymic	кусиелович
patronymic	кутусович
patronymic	кхаледович
patronymic	кшиштовович
patronymic	кшиштофович
patronymic	кямаледдинович
patronymic	кямалович
patronymic	кямамович
patronymic	кямранович
patronymic	кяримович
patronymic	лабибович
patronymic	лаврентиевич
patronymic	лаврович
patronymic	лагинович
patronymic	ладевич
patronymic	ладиевич
patronymic	ладиславович
patronymic	лазаревич
patronymic	лазариевич
patronymic	лазарович
patronymic	лазимович
patronymic	лазымович
patronymic	лайманисович
patronymic	лайошевич
patronymic	лайсович
patronymic	ламирович
patronymic	ларгиевич
patronymic	ларионович
patronymic	ларриевич
patronymic	ларьяевич
patronymic	ласлович
patronymic	ласловович
patronymic	латифович
patronymic	лаурентович
patronymic	лауриевич
patronymic	лаурович
patronymic	лацисович
patronymic	лашевич
patronymic	леандрович
patronymic	леванович
patronymic	левериевич
patronymic	левиевич
patronymic	левкиевич
patronymic	левкович
patronymic	левонович
patronymic	левонтиевич
patronymic	лембитович
patronymic	ленариевич
patronymic	ленарович
patronymic	лениславович
patronymic	леннартович
patronymic	леович
patronymic	леонардиевич
patronymic	леонардович
patronymic	леонасович
patronymic	леонидович
patronymic	леонитиевич
patronymic	леонович
patronymic	леонсович
patronymic	леонтиевич
patronymic	леопольдович
patronymic	лериевич
patronymic	лесгафтович
patronymic	леславович
patronymic	лехович
patronymic	лешекович
patronymic	лешикович
patronymic	ливериевич
patronymic	ливонович
patronymic	лидиевич
patronymic	лиевич
patronymic	ликандрович
patronymic	линардович
patronymic	линариевич
patronymic	линарович
patronymic	линдонович
patronymic	лионович
patronymic	лионтиевич
patronymic	лиорович
patronymic	лисицианович
patronymic	логвинович
patronymic	логманович
patronymic	лойошевич
patronymic	лонгинович
patronymic	лорандович
patronymic	лотфиевич
patronymic	лудвигович
patronymic	луиджиевич
patronymic	луиевич
patronymic	луизович
patronymic	луисович
patronymic	лукасович
patronymic	лукашевич
patronymic	лукианович
patronymic	лукич
patronymic	лукьянович
patronymic	лутфеевич
patronymic	лутфиевич
patronymic	лутфуллович
patronymic	львович
patronymic	любамирович
patronymic	любомирович
patronymic	любомырович
patronymic	любославович
patronymic	людвигович
patronymic	людвикович
patronymic	людовикович
patronymic	люманович
patronymic	люриевич
patronymic	люсианович
patronymic	люсикович
patronymic	люсьенович
patronymic	люцианович
patronymic	лязатович
patronymic	ляйсанович
patronymic	лятифевич
patronymic	мавзудинович
patronymic	мавиевич
patronymic	мавлоназарович
patronymic	мавлудинович
patronymic	мавлюдинович
patronymic	мавлютдинович
patronymic	мавлявиевич
patronymic	магамедалиевич
patronymic	магамедгаджиевич
patronymic	магамедзагидович
patronymic	магамедович
patronymic	магамедрасулович
patronymic	магамедшафиевич
patronymic	магаметович
patronymic	магаммадович
patronymic	магаммедович
patronymic	магановиевич
patronymic	магафурович
patronymic	магдиевич
patronymic	магерамович
patronymic	магзутович
patronymic	магидович
patronymic	магинюрович
patronymic	магомаевич
patronymic	магомедалиевич
patronymic	магомедалыевич
patronymic	магомедаминович
patronymic	магомедбегович
patronymic	магомедбекович
patronymic	магомедгабибович
patronymic	магомедгаджиевич
patronymic	магомедгазиевич
patronymic	магомедзагирович
patronymic	магомедзакирович
patronymic	магомедкеримович
patronymic	магомедмурадович
patronymic	магомедмуратович
patronymic	магомеднабиевич
patronymic	магомедович
patronymic	магомедрагимович
patronymic	магомедрасулович
patronymic	магомедсаидович
patronymic	магомедсултанович
patronymic	магомедтагирович
patronymic	магомедхабибович
patronymic	магомедханович
patronymic	магомедшапиевич
patronymic	магомедшарипович
patronymic	магомедэминович
patronymic	магометович
patronymic	магометханович
patronymic	магсумович
patronymic	мададович
patronymic	мадеевич
patronymic	маджадович
patronymic	мадждович
patronymic	маджедович
patronymic	маджетович
patronymic	маджидович
patronymic	маджиевич
patronymic	маджирович
patronymic	маджитович
patronymic	маджудович
patronymic	мадисович
patronymic	маерович
patronymic	мажитович
patronymic	мазитович
patronymic	мазияевич
patronymic	маирамович
patronymic	маирович
patronymic	майанович
patronymic	майерович
patronymic	майклович
patronymic	майкович
patronymic	майлзович
patronymic	майнорович
patronymic	майсаратович
patronymic	майсурович
patronymic	майтович
patronymic	макариевич
patronymic	макарович
patronymic	маквелович
patronymic	макрунович
patronymic	максатович
patronymic	максимианович
patronymic	максимилианович
patronymic	максимильянович
patronymic	максимович
patronymic	максович
patronymic	максудович
patronymic	максузович
patronymic	максутович
patronymic	малеевич
patronymic	маликович
patronymic	малютович
patronymic	мамаевич
patronymic	мамедович
patronymic	мамиканович
patronymic	мамиконович
patronymic	мамукович
patronymic	манвелович
patronymic	маневич
patronymic	манивальдович
patronymic	маннанович
patronymic	маннафович
patronymic	мансурович
patronymic	мануилович
patronymic	мануэлович
patronymic	маович
patronymic	маратович
patronymic	маргусович
patronymic	маргутович
patronymic	маргушевич
patronymic	мардариевич
patronymic	марекович
patronymic	марзагитович
patronymic	марикович
patronymic	маринович
patronymic	мариович
patronymic	мариттович
patronymic	марифатович
patronymic	мариянович
patronymic	маркелович
patronymic	маркиянович
patronymic	маркович
patronymic	маркосович
patronymic	маркуевич
patronymic	маркусович
patronymic	марленович
patronymic	марселевич
patronymic	марселович
patronymic	марсович
patronymic	мартамович
patronymic	мартанович
patronymic	мартемьянович
patronymic	мартериевич
patronymic	мартиевич
patronymic	мартикович
patronymic	мартимович
patronymic	мартимьянович
patronymic	мартинасович
patronymic	мартинесович
patronymic	мартинович
patronymic	мартиносович
patronymic	мартинусович
patronymic	мартириевич
patronymic	мартирович
patronymic	мартиросович
patronymic	мартиянович
patronymic	марткович
patronymic	мартович
patronymic	мартонович
patronymic	мартузович
patronymic	мартуникович
patronymic	мартунович
patronymic	мартынович
patronymic	мартьянович
patronymic	мартянович
patronymic	марусович
patronymic	мархабович
patronymic	марэкович
patronymic	марянович
patronymic	маславеевич
patronymic	маснавиевич
patronymic	матанатович
patronymic	матвеевич
patronymic	матеушевич
patronymic	маткаримович
patronymic	маттиевич
patronymic	матфеевич
patronymic	мафтунович
patronymic	махамеджанович
patronymic	махамедович
patronymic	махаметович
patronymic	махаммаджанович
patronymic	махаммаджонович
patronymic	махаммадович
patronymic	махамматович
patronymic	махаммедович
patronymic	махарович
patronymic	махерович
patronymic	махирович
patronymic	махмадиевич
patronymic	махмадрузиевич
patronymic	махмадулович
patronymic	махмадшукурович
patronymic	махмуджанович
patronymic	махмуджонович
patronymic	махмудович
patronymic	махмутжанович
patronymic	махмутжонович
patronymic	махмутович
patronymic	махомадович
patronymic	махомедович
patronymic	махоммадович
patronymic	махсудович
patronymic	махсутович
patronymic	мачеевич
patronymic	маэлевич
patronymic	мгерович
patronymic	меджидович
patronymic	меелисович
patronymic	мелентиевич
patronymic	мелетиевич
patronymic	меликович
patronymic	мелитонович
patronymic	мелитосович
patronymic	мельхиорович
patronymic	мергенович
patronymic	меркулович
patronymic	меруджанович
patronymic	меружанович
patronymic	меруманович
patronymic	мерутанович
patronymic	мерушанович
patronymic	месропович
patronymic	метиславович
patronymic	методиевич
patronymic	меттьювич
patronymic	мефистофелевич
patronymic	мефодиевич
patronymic	мехманович
patronymic	мехмедович
patronymic	мехметович
patronymic	мехтиевич
patronymic	мечеславович
patronymic	мечиславович
patronymic	миассарович
patronymic	мидхадович
patronymic	микаелович
patronymic	микаилевич
patronymic	микаэлевич
patronymic	микаэлович
patronymic	миккиевич
patronymic	миклошевич
patronymic	микович
patronymic	миколаевич
patronymic	миколович
patronymic	микулашевич
patronymic	миланович
patronymic	милантиевич
patronymic	милаушевич
patronymic	милиевич
patronymic	милович
patronymic	милорадович
patronymic	милославович
patronymic	милтонович
patronymic	мильграмович
patronymic	минабутдинович
patronymic	минаевич
patronymic	мингалеевич
patronymic	мингалиевич
patronymic	мингович
patronymic	миневич
patronymic	миннираисович
patronymic	миннулович
patronymic	минтимерович
patronymic	мирабович
patronymic	миранович
patronymic	миргаязович
patronymic	мирзович
patronymic	мирланович
patronymic	миролюбович
patronymic	миронович
patronymic	мирославович
patronymic	мирфатыхович
patronymic	мирхайдарович
patronymic	мирчевич
patronymic	мирьянович
patronymic	мисакович
patronymic	митрофанович
patronymic	мифтахович
patronymic	михаилович
patronymic	михалович
patronymic	михамлович
patronymic	михаэлевич
patronymic	михеевич
patronymic	михкелевич
patronymic	мичеславович
patronymic	мичиславович
patronymic	мишелевич
patronymic	мкртичович
patronymic	мкртычович
patronymic	модестович
patronymic	моисеевич
patronymic	мойсеевич
patronymic	мойшевич
patronymic	мокеевич
patronymic	молдабаевич
patronymic	молдагазыевич
patronymic	мордехаевич
patronymic	морисович
patronymic	мотович
patronymic	мохамадович
patronymic	мохамедалиевич
patronymic	мохамедович
patronymic	мохаммадалиевич
patronymic	мохаммадович
patronymic	мохаммадрезович
patronymic	мохаммедович
patronymic	мохдович
patronymic	мошевич
patronymic	мстиславович
patronymic	муамарович
patronymic	мубаризович
patronymic	мубарикович
patronymic	мубарисович
patronymic	мубарякович
patronymic	муддарисович
patronymic	музагиданович
patronymic	музаффаржанович
patronymic	музаффарович
patronymic	музафферович
patronymic	музаффорович
patronymic	муккарамович
patronymic	муктадович
patronymic	мулавиевич
patronymic	муллагалиевич
patronymic	мунирович
patronymic	мунисович
patronymic	мурадович
patronymic	муразович
patronymic	муратович
patronymic	мурзович
patronymic	мурсалович
patronymic	муртазович
patronymic	муртузалиевич
patronymic	муршидяевич
patronymic	мусагитдинович
patronymic	мусаевич
patronymic	муслимович
patronymic	мусович
patronymic	муссович
patronymic	мустафакулович
patronymic	мустафович
patronymic	муталлапович
patronymic	мухамадович
patronymic	мухамеддинович
patronymic	мухамедович
patronymic	мухамедьярович
patronymic	мухаметович
patronymic	мухаммадович
patronymic	мухамматович
patronymic	мухаммедович
patronymic	мухамметмуратович
patronymic	мухарбекович
patronymic	мухарбиевич
patronymic	мухитдинович
patronymic	мухмадович
patronymic	мухтарович
patronymic	мушегович
patronymic	мхитарович
patronymic	мэнниевич
patronymic	мэтьювич
patronymic	мякзюмович
patronymic	мяртович
patronymic	мячеславович
patronymic	мячиславович
patronymic	набиевич
patronymic	навидович
patronymic	надарович
patronymic	наджафович
patronymic	наджибович
patronymic	наджиевич
patronymic	надимович
patronymic	надирович
patronymic	нажмиддинович
patronymic	нажмидинович
patronymic	нажмуддинович
patronymic	нажмудинович
patronymic	нажмутдинович
patronymic	назарбекович
patronymic	назариевич
patronymic	назарович
patronymic	назерович
patronymic	назимович
patronymic	назипович
patronymic	назирович
patronymic	назифович
patronymic	наилевич
patronymic	наилович
patronymic	наличович
patronymic	намдакович
patronymic	намигович
patronymic	намизадович
patronymic	намикович
patronymic	напалеонович
patronymic	наранович
patronymic	наргизович
patronymic	нариевич
patronymic	нарикович
patronymic	нариманович
patronymic	наримович
patronymic	наримонович
patronymic	наркисович
patronymic	насираддинович
patronymic	насирович
patronymic	насихович
patronymic	насретдинович
patronymic	насруллович
patronymic	насрутдинович
patronymic	настасович
patronymic	натанович
patronymic	натикович
patronymic	наумович
patronymic	наурович
patronymic	нафисович
patronymic	нахманович
patronymic	нелевич
patronymic	нелсонович
patronymic	нелуевич
patronymic	нельсонович
patronymic	нериманович
patronymic	неримантасович
patronymic	неронович
patronymic	нестерович
patronymic	несторович
patronymic	нефодиевич
patronymic	нефёдович
patronymic	ниазович
patronymic	нигарович
patronymic	низадилович
patronymic	низамаддинович
patronymic	низамеддинович
patronymic	низаметдинович
patronymic	низамжанович
patronymic	низамиддинович
patronymic	низаминович
patronymic	низамуддинович
patronymic	низамудинович
patronymic	низамутдинович
patronymic	низарович
patronymic	никандрович
patronymic	никанорович
patronymic	никитиевич
patronymic	никитович
patronymic	никифорович
patronymic	никодимович
patronymic	николаевич
patronymic	николасович
patronymic	николяевич
patronymic	никонович
patronymic	никуевич
patronymic	никулаевич
patronymic	нилович
patronymic	нильсович
patronymic	нинович
patronymic	нисимович
patronymic	нифонтович
patronymic	ниязович
patronymic	ниямеддинович
patronymic	ноамович
patronymic	нодарович
patronymic	ноевич
patronymic	нойхович
patronymic	норбертович
patronymic	норвузович
patronymic	норминович
patronymic	нугзарович
patronymic	нурадинович
patronymic	нурбекович
patronymic	нургалеевич
patronymic	нургалиевич
patronymic	нуретдинович
patronymic	нуриахметович
patronymic	нурисламович
patronymic	нурланович
patronymic	нурлыхудович
patronymic	нурмагамедович
patronymic	нурмагомедович
patronymic	нурмамедович
patronymic	нурматович
patronymic	нурмухамедович
patronymic	нурмухаметович
patronymic	нурмухаммедович
patronymic	нурович
patronymic	нурсултанович
patronymic	нуруллович
patronymic	нурулович
patronymic	нурутдинович
patronymic	нурыевич
patronymic	нюргунович
patronymic	нязыфович
patronymic	овакимович
patronymic	ованесович
patronymic	овидиевич
patronymic	овидиович
patronymic	овикович
patronymic	овнанович
patronymic	овсеевич
patronymic	оганезович
patronymic	оганесович
patronymic	оглыевич
patronymic	огнянович
patronymic	огонесович
patronymic	огустинович
patronymic	одамбаевич
patronymic	одедович
patronymic	одисеевич
patronymic	одиссеевич
patronymic	озариевич
patronymic	ойнвидович
patronymic	оксениевич
patronymic	оксенович
patronymic	оксентиевич
patronymic	оксиевич
patronymic	октавианович
patronymic	октавиевич
patronymic	октавинович
patronymic	октавионович
patronymic	октавиянович
patronymic	октавович
patronymic	октавьянович
patronymic	октавянович
patronymic	октовианович
patronymic	олевович
patronymic	олегимирович
patronymic	олегович
patronymic	олександрович
patronymic	олексеевич
patronymic	олексиевич
patronymic	олесевич
patronymic	олесович
patronymic	олжасович
patronymic	оливерович
patronymic	олимпиевич
patronymic	олодарович
patronymic	омарович
patronymic	омельянович
patronymic	омелянович
patronymic	омерович
patronymic	онгарбаевич
patronymic	оникович
patronymic	онисимович
patronymic	оноревич
patronymic	онофриевич
patronymic	онуфриевич
patronymic	опанасович
patronymic	оразалыевич
patronymic	оразбаевич
patronymic	оразбердиевич
patronymic	оразгельдыевич
patronymic	оразклычович
patronymic	оразмурадович
patronymic	оразмухамедович
patronymic	оразович
patronymic	оракбаевич
patronymic	орестович
patronymic	орионович
patronymic	ористович
patronymic	орлегович
patronymic	оруджевич
patronymic	орфеевич
patronymic	осамович
patronymic	освальдович
patronymic	осербаевич
patronymic	осипович
patronymic	оскардович
patronymic	оскарович
patronymic	осланович
patronymic	османович
patronymic	остапович
patronymic	остафиевич
patronymic	отабекович
patronymic	отариевич
patronymic	отарович
patronymic	отеллович
patronymic	отманович
patronymic	оттович
patronymic	оферович
patronymic	офикович
patronymic	паатович
patronymic	паблитович
patronymic	паванович
patronymic	павеласович
patronymic	павиласович
patronymic	павликович
patronymic	павлинович
patronymic	павлович
patronymic	паисиевич
patronymic	пайзутдинович
patronymic	пайцарович
patronymic	паладович
patronymic	пальмирович
patronymic	памфилович
patronymic	панайотович
patronymic	панасович
patronymic	панкаджевич
patronymic	панкратиевич
patronymic	панкратович
patronymic	панталоневич
patronymic	пантейлемонович
patronymic	пантелеевич
patronymic	пантелеймонович
patronymic	пантелемонович
patronymic	пантелимонович
patronymic	пантилеевич
patronymic	пантилеймонович
patronymic	пантилимонович
patronymic	панфилиевич
patronymic	панфилович
patronymic	паолович
patronymic	парамонович
patronymic	парандземович
patronymic	парвинович
patronymic	парменович
patronymic	партосович
patronymic	паруирович
patronymic	паруйрович
patronymic	парфениевич
patronymic	парфентиевич
patronymic	парфериевич
patronymic	парфириевич
patronymic	парфирович
patronymic	парфёнович
patronymic	паскалевич
patronymic	патрикеевич
patronymic	патрикиевич
patronymic	патрикович
patronymic	патрисович
patronymic	паулевич
patronymic	паулович
patronymic	пафнутиевич
patronymic	пахомович
patronymic	пахритдинович
patronymic	пахрудинович
patronymic	певекович
patronymic	педрович
patronymic	пеетерович
patronymic	пеирович
patronymic	пентелеевич
patronymic	первезович
patronymic	пересветович
patronymic	перфилиевич
patronymic	петерисович
patronymic	петерович
patronymic	петрасович
patronymic	петрикович
patronymic	петрович
patronymic	пиевич
patronymic	пилипович
patronymic	пименович
patronymic	питерович
patronymic	питиримович
patronymic	пифагорович
patronymic	пиюсович
patronymic	пласидович
patronymic	платонович
patronymic	плутархович
patronymic	плутович
patronymic	погосович
patronymic	полад-задевич
patronymic	поладович
patronymic	полатович
patronymic	полевич
patronymic	полиевктович
patronymic	полиектович
patronymic	поликарпович
patronymic	полинариевич
patronymic	полиэктович
patronymic	полович
patronymic	полтаракович
patronymic	понтелеймонович
patronymic	порсорович
patronymic	порфилиевич
patronymic	порфириевич
patronymic	потапович
patronymic	пранасович
patronymic	приамович
patronymic	проклович
patronymic	прокопиевич
patronymic	прокопович
patronymic	прокофиевич
patronymic	прометеевич
patronymic	протасиевич
patronymic	протасович
patronymic	прохорович
patronymic	птолемеевич
patronymic	пулатович
patronymic	пшемахович
patronymic	пьерович
patronymic	пятрасович
patronymic	пятрович
patronymic	рабаданович
patronymic	рабазанович
patronymic	рабданович
patronymic	рабихович
patronymic	равзович
patronymic	равикович
patronymic	равилевич
patronymic	равилович
patronymic	равиндерович
patronymic	равхатович
patronymic	равшанович
patronymic	рагимович
patronymic	радамирович
patronymic	радаславович
patronymic	радванович
patronymic	раджабович
patronymic	раджамадович
patronymic	раджанович
patronymic	раджафович
patronymic	раджебович
patronymic	раджевич
patronymic	раджешварович
patronymic	раджешевич
patronymic	радживович
patronymic	раджинальдович
patronymic	радиевич
patronymic	радикович
patronymic	радимирович
patronymic	радионович
patronymic	радиславович
patronymic	радифович
patronymic	радмирович
patronymic	раднаевич
patronymic	радованович
patronymic	радомирович
patronymic	радославович
patronymic	радуевич
patronymic	ражабаевич
patronymic	ражаббаевич
patronymic	ражаббоевич
patronymic	ражабоевич
patronymic	разилевич
patronymic	размикович
patronymic	раидович
patronymic	раилевич
patronymic	раилович
patronymic	раисович
patronymic	раифович
patronymic	раймондасович
patronymic	раймондович
patronymic	раймондсович
patronymic	раймундасович
patronymic	раймундович
patronymic	райнерович
patronymic	райнисович
patronymic	райнольдович
patronymic	райнхардович
patronymic	райханович
patronymic	райхонович
patronymic	ралиевич
patronymic	ралифович
patronymic	ральфович
patronymic	рамазанович
patronymic	рамазонович
patronymic	рамзанович
patronymic	рамзесович
patronymic	рамизович
patronymic	рамилевич
patronymic	рамилович
patronymic	рамимович
patronymic	раминатович
patronymic	раминович
patronymic	рамиресович
patronymic	рамирович
patronymic	рамисович
patronymic	рамихович
patronymic	рамишевич
patronymic	рамонович
patronymic	рамуальдович
patronymic	ранатович
patronymic	ранидович
patronymic	раниевич
patronymic	расидович
patronymic	расилевич
patronymic	расимович
patronymic	расихович
patronymic	растиславович
patronymic	растямович
patronymic	расулевич
patronymic	расулович
patronymic	ратиборович
patronymic	ратмирович
patronymic	рауанович
patronymic	раулевич
patronymic	раулович
patronymic	рауфович
patronymic	раушанович
patronymic	рафагутдинович
patronymic	рафаддинович
patronymic	рафаевич
patronymic	рафаелович
patronymic	рафаилевич
patronymic	рафаилович
patronymic	рафаэлевич
patronymic	рафаэлович
patronymic	рафгатович
patronymic	рафикович
patronymic	рафилевич
patronymic	рафилович
patronymic	рафимович
patronymic	рафисович
patronymic	рафкатович
patronymic	рафович
patronymic	рахатович
patronymic	рахилевич
patronymic	рахилович
patronymic	рахимбаевич
patronymic	рахимжанович
patronymic	рахимович
patronymic	рахимьянович
patronymic	рахманович
patronymic	рахматович
patronymic	рахматуллович
patronymic	рахмонджонович
patronymic	рахмонович
patronymic	рахмуддинович
patronymic	рахмудинович
patronymic	рашадович
patronymic	рашедович
patronymic	рашелевич
patronymic	рашидович
patronymic	рашитович
patronymic	ревазович
patronymic	ревалевич
patronymic	реванович
patronymic	ревасович
patronymic	реватович
patronymic	ревгатович
patronymic	ревилевич
patronymic	ревилиевич
patronymic	ревомирович
patronymic	реджепович
patronymic	резванович
patronymic	резович
patronymic	рейимбаевич
patronymic	рейнальдович
patronymic	рейнардович
patronymic	рейнатович
patronymic	рейнгардович
patronymic	рейнгольдович
patronymic	рейнгольдтович
patronymic	рейнович
patronymic	рейнольдович
patronymic	рейнольдсович
patronymic	рейнхардович
patronymic	рейнхольдович
patronymic	рексович
patronymic	ремигиюсович
patronymic	ремиевич
patronymic	ремикович
patronymic	реминович
patronymic	ремирович
patronymic	ремисович
patronymic	ремович
patronymic	ренадиевич
patronymic	ренардович
patronymic	ренартович
patronymic	ренатасович
patronymic	ренатович
patronymic	реневич
patronymic	реннадиевич
patronymic	ренольдович
patronymic	реональдович
patronymic	реувенович
patronymic	реуфович
patronymic	рефадович
patronymic	рефатович
patronymic	рефович
patronymic	ривхатович
patronymic	риджинальдович
patronymic	ризабекович
patronymic	ризванович
patronymic	ризуанович
patronymic	рикович
patronymic	римантасович
patronymic	римасович
patronymic	римвидасович
patronymic	римзилович
patronymic	ринадович
patronymic	ринатович
patronymic	ристович
patronymic	рифагатович
patronymic	рифадович
patronymic	рифатович
patronymic	рифкатович
patronymic	рифхатович
patronymic	рифянович
patronymic	риханевич
patronymic	риханиевич
patronymic	риханович
patronymic	рихардович
patronymic	ричардович
patronymic	ришадович
patronymic	ришанович
patronymic	ришардович
patronymic	ришарович
patronymic	ришатович
patronymic	риязович
patronymic	риянович
patronymic	ркияевич
patronymic	роальдович
patronymic	робенович
patronymic	робертасович
patronymic	робертинович
patronymic	робертович
patronymic	робеспьерович
patronymic	робинович
patronymic	ровшанович
patronymic	родерикович
patronymic	родженальдович
patronymic	родикович
patronymic	родионович
patronymic	родольфович
patronymic	родомирович
patronymic	родославович
patronymic	роевич
patronymic	рожевич
patronymic	роландасович
patronymic	роландиевич
patronymic	роландович
patronymic	роланович
patronymic	ролландович
patronymic	ролланович
patronymic	ромазанович
patronymic	ромазович
patronymic	романович
patronymic	роменович
patronymic	ромеович
patronymic	ромикович
patronymic	ромилович
patronymic	ромуальдович
patronymic	ромулович
patronymic	рональдович
patronymic	ронниевич
patronymic	ронович
patronymic	ростеславович
patronymic	ростикович
patronymic	ростилавович
patronymic	ростиславович
patronymic	ростямович
patronymic	ротиславович
patronymic	рубенович
patronymic	рубертович
patronymic	рубинович
patronymic	рувилевич
patronymic	рувимович
patronymic	рувинович
patronymic	рудолфович
patronymic	рудольфович
patronymic	рупертович
patronymic	русифович
patronymic	русламович
patronymic	русланбекович
patronymic	русланович
patronymic	руслонович
patronymic	рустамбаевич
patronymic	рустамбекович
patronymic	рустамович
patronymic	рустемович
patronymic	руфанович
patronymic	руфатович
patronymic	рушанович
patronymic	рэмирович
patronymic	рэммович
patronymic	рэмович
patronymic	рюрикович
patronymic	ряисович
patronymic	саадович
patronymic	саакович
patronymic	сабидович
patronymic	сабирович
patronymic	сабитович
patronymic	сабурович
patronymic	савватеевич
patronymic	савватиевич
patronymic	саввевич
patronymic	саввович
patronymic	савелиевич
patronymic	савикович
patronymic	савостьянович
patronymic	сагитович
patronymic	сагытович
patronymic	саддамович
patronymic	садегович
patronymic	садехович
patronymic	садриевич
patronymic	садртдинович
patronymic	садыкбекович
patronymic	садыкович
patronymic	саедович
patronymic	саидакрамович
patronymic	саидалиевич
patronymic	саидахмадович
patronymic	саидахматович
patronymic	саидахмедович
patronymic	саидахонович
patronymic	саидбегович
patronymic	саидикромович
patronymic	саидмагомедович
patronymic	саидмурадович
patronymic	саидмуратович
patronymic	саидмуродович
patronymic	саидмухамедович
patronymic	саидназарович
patronymic	саидович
patronymic	саидрасулович
patronymic	саитович
patronymic	сайгидпашевич
patronymic	сайгидулбаталович
patronymic	сайдалимович
patronymic	саймонович
patronymic	сайфуллович
patronymic	сайынович
patronymic	сакитович
patronymic	салаваевич
patronymic	салаватович
patronymic	саламшович
patronymic	салахаддинович
patronymic	салахадинович
patronymic	салахиддинович
patronymic	салахитдинович
patronymic	салахович
patronymic	салахутдинович
patronymic	салехович
patronymic	салиевич
patronymic	саликджанович
patronymic	салимбаевич
patronymic	салимбекович
patronymic	салимович
patronymic	салихович
patronymic	салихьянович
patronymic	салманович
patronymic	сальбиевич
patronymic	сальвадорович
patronymic	сальваторович
patronymic	саляхетдинович
patronymic	самаддинович
patronymic	самадович
patronymic	самарханович
patronymic	саматович
patronymic	самбелович
patronymic	самвелович
patronymic	самерович
patronymic	самирович
patronymic	самойлович
patronymic	самсонович
patronymic	самуелович
patronymic	самуилович
patronymic	самуэлевич
patronymic	самуэлович
patronymic	сананович
patronymic	сандарович
patronymic	сандахмедович
patronymic	санджитович
patronymic	сандипович
patronymic	сандмурадович
patronymic	сандрович
patronymic	санжаевич
patronymic	санжарбекович
patronymic	санжарович
patronymic	санжеевич
patronymic	санирович
patronymic	саниславович
patronymic	санисович
patronymic	санниевич
patronymic	сапарбаевич
patronymic	сапарбекович
patronymic	сапармурадович
patronymic	сапармуратович
patronymic	сарварович
patronymic	саргонович
patronymic	саркисович
patronymic	сарменович
patronymic	сархаддинович
patronymic	сатниславович
patronymic	саттарович
patronymic	саудатович
patronymic	саудевич
patronymic	саудович
patronymic	саулемович
patronymic	саулович
patronymic	сафарбекович
patronymic	сафонович
patronymic	сафрониевич
patronymic	сафронович
patronymic	сафтарович
patronymic	сахатмурадович
patronymic	саядович
patronymic	саярович
patronymic	свенович
patronymic	светиславович
patronymic	светлозарович
patronymic	светломирович
patronymic	светозарович
patronymic	светомирович
patronymic	светославович
patronymic	свиридович
patronymic	свитланович
patronymic	свитославович
patronymic	святиславович
patronymic	святогорович
patronymic	святозарович
patronymic	святополкович
patronymic	святославович
patronymic	себастианович
patronymic	себастьянович
patronymic	севастианович
patronymic	севастьянович
patronymic	севенардович
patronymic	северьянович
patronymic	севович
patronymic	сегелиелевич
patronymic	сегизмундович
patronymic	седрикович
patronymic	сеилбекович
patronymic	сеиталиевич
patronymic	сеитович
patronymic	сеитхалилевич
patronymic	сейдаметович
patronymic	сейедович
patronymic	сеймуратович
patronymic	сейранович
patronymic	сейтмуратович
patronymic	сейтович
patronymic	сейфаддинович
patronymic	сейфадинович
patronymic	сейфеддинович
patronymic	сейфединович
patronymic	сейфетдинович
patronymic	сейфиддинович
patronymic	сейфидинович
patronymic	сейфуддинович
patronymic	сейфутдинович
patronymic	селиванович
patronymic	селимханович
patronymic	селифанович
patronymic	сельверстович
patronymic	сельвестрович
patronymic	семергеевич
patronymic	семёнович
patronymic	сеппович
patronymic	серафимович
patronymic	сергеевич
patronymic	сергиевич
patronymic	сергиусович
patronymic	сердакович
patronymic	серджиуевич
patronymic	сержевич
patronymic	сериканович
patronymic	серикбаевич
patronymic	сериккалиевич
patronymic	серикканович
patronymic	серикович
patronymic	серикпаевич
patronymic	серканович
patronymic	серобович
patronymic	серожевич
patronymic	серожиддинович
patronymic	серожидинович
patronymic	серофимович
patronymic	серхатович
patronymic	сечкинович
patronymic	сибатович
patronymic	сибгатович
patronymic	сибгатуллович
patronymic	сигизмундович
patronymic	сигмундович
patronymic	сигэкиевич
patronymic	сидорович
patronymic	силантиевич
patronymic	сильванович
patronymic	сильвардович
patronymic	сильвартович
patronymic	сильвериович
patronymic	сильверович
patronymic	сильверстович
patronymic	сильвестрович
patronymic	сильвиевич
patronymic	сильвикович
patronymic	сильвиович
patronymic	сильвиянович
patronymic	симеонович
patronymic	симзарович
patronymic	симизарович
patronymic	симинович
patronymic	симионович
patronymic	симонович
patronymic	синариевич
patronymic	сиранович
patronymic	скоттович
patronymic	славентиевич
patronymic	славиевич
patronymic	славикович
patronymic	славиславович
patronymic	славомирович
patronymic	слободанович
patronymic	смитович
patronymic	созонтиевич
patronymic	сократович
patronymic	соломонович
patronymic	солтанович
patronymic	сопович
patronymic	сосланович
patronymic	софонович
patronymic	софрониевич
patronymic	софронович
patronymic	спартакович
patronymic	спиридонович
patronymic	срулевич
patronymic	ставриевич
patronymic	сталинославович
patronymic	станимирович
patronymic	станиславасович
patronymic	станиславович
patronymic	стариславович
patronymic	стасикович
patronymic	стасович
patronymic	стахович
patronymic	стенлиевич
patronymic	степанович
patronymic	стефаниевич
patronymic	стефанович
patronymic	стивенович
patronymic	стивович
patronymic	стиллианович
patronymic	стюартович
patronymic	судабевич
patronymic	судипович
patronymic	сулевович
patronymic	сулейманович
patronymic	суликович
patronymic	султанахмадович
patronymic	султанахмедович
patronymic	султанбаевич
patronymic	султанбекович
patronymic	султанбоевич
patronymic	султангараевич
patronymic	султангареевич
patronymic	султангереевич
patronymic	султанович
patronymic	сумбатович
patronymic	сунгатуллович
patronymic	сурабаевич
patronymic	сурабович
patronymic	суранович
patronymic	суренович
patronymic	сутрикович
patronymic	сухрабович
patronymic	сыздыкович
patronymic	сысоевич
patronymic	сэмович
patronymic	сэмуэлевич
patronymic	сяидович
patronymic	таалайбекович
patronymic	таарович
patronymic	тагаймуратович
patronymic	тагирзянович
patronymic	тагирович
patronymic	тадеевич
patronymic	тадеушевич
patronymic	таджаддинович
patronymic	таджуддинович
patronymic	тадэушевич
patronymic	таирбекович
patronymic	таирович
patronymic	тайманович
patronymic	таймурадович
patronymic	таймуразович
patronymic	таймурович
patronymic	тайпурович
patronymic	тайчубекович
patronymic	такасиевич
patronymic	талаатович
patronymic	талабович
patronymic	талабшович
patronymic	талагатович
patronymic	талаевич
patronymic	талалевич
patronymic	талалович
patronymic	талантбекович
patronymic	талапович
patronymic	талатович
patronymic	талгатович
patronymic	талипович
patronymic	талович
patronymic	талятович
patronymic	тамазович
patronymic	тамерланович
patronymic	тамирланович
patronymic	тамирович
patronymic	танелович
patronymic	таниович
patronymic	таниславович
patronymic	тарасович
patronymic	тарвович
patronymic	таригович
patronymic	тариевич
patronymic	тариелевич
patronymic	тариелович
patronymic	тарикович
patronymic	тарислович
patronymic	тарихович
patronymic	тариэлевич
patronymic	тариэлович
patronymic	тариянович
patronymic	тарланович
patronymic	тармович
patronymic	тарпович
patronymic	тарханович
patronymic	татэвикович
patronymic	таусович
patronymic	тауфикович
patronymic	тафигович
patronymic	тахирджанович
patronymic	тахирджонович
patronymic	тахиржанович
patronymic	тахиржонович
patronymic	тахириевич
patronymic	тахирович
patronymic	тахирянович
patronymic	тахмасибович
patronymic	тахович
patronymic	тахтарович
patronymic	таштанович
patronymic	тедвортович
patronymic	тедович
patronymic	теймразович
patronymic	теймуразович
patronymic	теймурович
patronymic	темирбекович
patronymic	темирбулатович
patronymic	темиргалеевич
patronymic	тенгизович
patronymic	тенгисович
patronymic	теодозиевич
patronymic	теодорасович
patronymic	теодориевич
patronymic	теодорович
patronymic	теодоросович
patronymic	теодосиевич
patronymic	теофилевич
patronymic	терентиевич
patronymic	терриевич
patronymic	тибериевич
patronymic	тиборович
patronymic	тигранович
patronymic	тиджаниевич
patronymic	тиитович
patronymic	тимербаевич
patronymic	тимербулатович
patronymic	тимергалеевич
patronymic	тимерханович
patronymic	тимотиевич
patronymic	тимофеевич
patronymic	тимуразович
patronymic	тимурбекович
patronymic	тимурбулатович
patronymic	тимурланович
patronymic	тимурович
patronymic	тинамагомедович
patronymic	титович
patronymic	титусович
patronymic	тихомирович
patronymic	тихонович
patronymic	товиевич
patronymic	тодосович
patronymic	тойвович
patronymic	тойгонбаевич
patronymic	тойирович
patronymic	тойлиевич
patronymic	тойниевич
patronymic	томазович
patronymic	томарович
patronymic	томасович
patronymic	томашевич
patronymic	томиславович
patronymic	томмиевич
patronymic	томович
patronymic	тониевич
patronymic	тоомасович
patronymic	торгомович
patronymic	торгонович
patronymic	тофигович
patronymic	тофикович
patronymic	тофирович
patronymic	тофичович
patronymic	тристанович
patronymic	тристонович
patronymic	трифилиевич
patronymic	трифонович
patronymic	троадиевич
patronymic	тронгович
patronymic	трондович
patronymic	трофимович
patronymic	троянович
patronymic	трудомирович
patronymic	трудославович
patronymic	тулегенович
patronymic	тунджаевич
patronymic	тунзалович
patronymic	тураджевич
patronymic	туратбекович
patronymic	тургунович
patronymic	турлубекович
patronymic	турсунбекович
patronymic	турсунханович
patronymic	турысович
patronymic	тутсиевич
patronymic	туфанович
patronymic	тухватуллинович
patronymic	тхиевич
patronymic	тынисович
patronymic	тынуевич
patronymic	тьерриевич
patronymic	тэмурович
patronymic	тюнович
patronymic	тюняевич
patronymic	увайсович
patronymic	увгениевич
patronymic	увевич
patronymic	увеналиевич
patronymic	угович
patronymic	удович
patronymic	узакбаевич
patronymic	уиллиамович
patronymic	уильямович
patronymic	уильямсович
patronymic	уинстонович
patronymic	уинтерович
patronymic	уйгунович
patronymic	уллович
patronymic	уллубиевич
patronymic	улугбекович
patronymic	улукбекович
patronymic	улусбекович
patronymic	ульбрихтович
patronymic	ульмасович
patronymic	ульрихович
patronymic	ульфатович
patronymic	ульянович
patronymic	умайсатович
patronymic	умалатович
patronymic	умаралиевич
patronymic	умарасхабович
patronymic	умарджонович
patronymic	умаржанович
patronymic	умаржонович
patronymic	умарович
patronymic	уматгиреевич
patronymic	умербекович
patronymic	умерджонович
patronymic	умержанович
patronymic	умерханович
patronymic	умирбекович
patronymic	умирзакович
patronymic	умярович
patronymic	уолдронович
patronymic	уоллесович
patronymic	уолтерович
patronymic	уолтович
patronymic	уорденович
patronymic	уорренович
patronymic	урмасович
patronymic	урматбекович
patronymic	урматович
patronymic	урсович
patronymic	урузмагович
patronymic	усамович
patronymic	усмангалиевич
patronymic	усманджонович
patronymic	усманжанович
patronymic	усманович
patronymic	уссамович
patronymic	устимович
patronymic	устинович
patronymic	усубекович
patronymic	ушерович
patronymic	уэслиевич
patronymic	фаазович
patronymic	фаатович
patronymic	фабианович
patronymic	фабиович
patronymic	фабиянович
patronymic	фабрисович
patronymic	фабрициович
patronymic	фабьянович
patronymic	фавадович
patronymic	фавазович
patronymic	фаварисович
patronymic	фавасимович
patronymic	фавелевич
patronymic	фавелович
patronymic	фавзавович
patronymic	фавиевич
patronymic	фавилевич
patronymic	фависович
patronymic	фавстович
patronymic	фаганиевич
patronymic	фагемович
patronymic	фагилевич
patronymic	фагилович
patronymic	фагимович
patronymic	фагинович
patronymic	фагитович
patronymic	фагманович
patronymic	фаградович
patronymic	фагратович
patronymic	фадагатович
patronymic	фадаилович
patronymic	фадалович
patronymic	фаданович
patronymic	фаддеевич
patronymic	фаддиевич
patronymic	фадеевич
patronymic	фаделович
patronymic	фадиевич
patronymic	фадикович
patronymic	фадилович
patronymic	фадимевич
patronymic	фадинович
patronymic	фадирович
patronymic	фадитович
patronymic	фадлиевич
patronymic	фадмевич
patronymic	фаедович
patronymic	фаезович
patronymic	фаекович
patronymic	фажрудинович
patronymic	фазаилович
patronymic	фазаирович
patronymic	фазалович
patronymic	фазидинович
patronymic	фазилатович
patronymic	фазилевич
patronymic	фазилжанович
patronymic	фазилович
patronymic	фазлетдинович
patronymic	фазлиддинович
patronymic	фазлидинович
patronymic	фазмеддинович
patronymic	фазылович
patronymic	фаизович
patronymic	фаизрахманович
patronymic	фаикович
patronymic	фаимович
patronymic	файзуллович
patronymic	фалилеевич
patronymic	фандасович
patronymic	фаниевич
patronymic	фанилевич
patronymic	фанилович
patronymic	фанисович
patronymic	фанурович
patronymic	фардович
patronymic	фаридович
patronymic	фарисович
patronymic	фаритович
patronymic	фартобеевич
patronymic	фархаджанович
patronymic	фархадович
patronymic	фарханович
patronymic	фархатович
patronymic	фархидович
patronymic	фархинурович
patronymic	фарходжанович
patronymic	фарходжонович
patronymic	фарходович
patronymic	фархудович
patronymic	фархутдинович
patronymic	фастович
patronymic	фатеевич
patronymic	фатекович
patronymic	фатехович
patronymic	фатихович
patronymic	фатыхович
patronymic	фахедович
patronymic	фахразеевич
patronymic	фахратдинович
patronymic	фахреддинович
patronymic	фахрединович
patronymic	фахретдинович
patronymic	фахриддинович
patronymic	фахридинович
patronymic	фахрисламович
patronymic	фахритдинович
patronymic	фахроддинович
patronymic	фахруддинович
patronymic	фахрудинович
patronymic	фахрутдинович
patronymic	фаязович
patronymic	февзиевич
patronymic	федерикович
patronymic	федориевич
patronymic	федосеевич
patronymic	федосиевич
patronymic	федосович
patronymic	федотович
patronymic	федулович
patronymic	фейгович
patronymic	фейрудинович
patronymic	фелексович
patronymic	феликсасович
patronymic	феликсович
patronymic	феникович
patronymic	фениморович
patronymic	феногенович
patronymic	феодосиевич
patronymic	феоктистович
patronymic	феофаниевич
patronymic	феофанович
patronymic	феофилактович
patronymic	феофилович
patronymic	феохариевич
patronymic	ферапонтович
patronymic	ферасович
patronymic	фердависович
patronymic	фердинандович
patronymic	фердинантович
patronymic	ференцевич
patronymic	фернандович
patronymic	фернанович
patronymic	ферузович
patronymic	ферхадович
patronymic	ферхатович
patronymic	фиделевич
patronymic	фикратович
patronymic	фикретович
patronymic	фикрятович
patronymic	филаретович
patronymic	филатович
patronymic	филиевич
patronymic	филимонович
patronymic	филипович
patronymic	филиппович
patronymic	филович
patronymic	филоретович
patronymic	финатович
patronymic	фиорентинович
patronymic	фирагатович
patronymic	фираддинович
patronymic	фирадович
patronymic	фиразович
patronymic	фирангизович
patronymic	фирасович
patronymic	фиратович
patronymic	фираусович
patronymic	фиринатович
patronymic	фирсович
patronymic	флавианович
patronymic	флавиевич
patronymic	флавиович
patronymic	флегонтович
patronymic	флексович
patronymic	флорианович
patronymic	флориевич
patronymic	флорисович
patronymic	флорович
patronymic	флюнович
patronymic	флюрович
patronymic	фокиевич
patronymic	фокович
patronymic	фолькерович
patronymic	фомич
patronymic	фотиевич
patronymic	фрагонарович
patronymic	франгизович
patronymic	франисович
patronymic	франсисович
patronymic	франсович
patronymic	франсуаевич
patronymic	франтишекович
patronymic	францевич
patronymic	францискович
patronymic	францишекович
patronymic	франческович
patronymic	франчишкович
patronymic	фреддиевич
patronymic	фредерикович
patronymic	фредиевич
patronymic	фредикович
patronymic	фредиславович
patronymic	фредович
patronymic	фредрикович
patronymic	фриделевич
patronymic	фриденович
patronymic	фриджериович
patronymic	фридович
patronymic	фридрихович
patronymic	фролович
patronymic	фрэнкович
patronymic	фрэнсисович
patronymic	фуадович
patronymic	фуарович
patronymic	фуатович
patronymic	фуратович
patronymic	фёдорович
patronymic	хабибович
patronymic	хабибрахманович
patronymic	хабибулатович
patronymic	хабибулахович
patronymic	хабибуллахович
patronymic	хабибуллович
patronymic	хаварович
patronymic	хавьерович
patronymic	хадерович
patronymic	хаджибаевич
patronymic	хаджимуратович
patronymic	хаджимурзович
patronymic	хаджимухамедович
patronymic	хадисович
patronymic	хазалович
patronymic	хазаниевич
patronymic	хазанович
patronymic	хаземович
patronymic	хазиахметович
patronymic	хаимович
patronymic	хаитбаевич
patronymic	хайдарович
patronymic	хайретдинович
patronymic	хайреттинович
patronymic	хайруллович
patronymic	хакимович
patronymic	халбаевич
patronymic	халеддинович
patronymic	халедович
patronymic	халезович
patronymic	халидович
patronymic	халикназарович
patronymic	халикович
patronymic	халилевич
patronymic	халилович
patronymic	халимович
patronymic	халипатович
patronymic	халисович
patronymic	халитович
patronymic	халиуллович
patronymic	халыкбердыевич
patronymic	хамедович
patronymic	хаметович
patronymic	хамзаевич
patronymic	хамзатович
patronymic	хамзович
patronymic	хамидович
patronymic	хамилевич
patronymic	хамитович
patronymic	хамлетович
patronymic	хамудович
patronymic	хамуевич
patronymic	хамулович
patronymic	хамурзович
patronymic	ханалиевич
patronymic	хананович
patronymic	ханафиевич
patronymic	ханиевич
patronymic	харисович
patronymic	харитонович
patronymic	харламиевич
patronymic	харлампиевич
patronymic	харлампович
patronymic	харольдович
patronymic	харриевич
patronymic	харрисович
patronymic	харукиевич
patronymic	хасанбаевич
patronymic	хасанбекович
patronymic	хасанбович
patronymic	хасанович
patronymic	хасбулатович
patronymic	хассанович
patronymic	хасянович
patronymic	хатамович
patronymic	хатемович
patronymic	хатибович
patronymic	хатмуллович
patronymic	хаттабович
patronymic	хатуевич
patronymic	хауаевич
patronymic	хафизович
patronymic	хачикович
patronymic	хачимович
patronymic	хашимович
patronymic	хаялович
patronymic	хейдович
patronymic	хельдурович
patronymic	хельмутович
patronymic	хендрикович
patronymic	хенриевич
patronymic	хенрикасович
patronymic	хенрикович
patronymic	хенрихович
patronymic	хербертович
patronymic	херлиевич
patronymic	херманович
patronymic	хидэкиевич
patronymic	хикматович
patronymic	хикметович
patronymic	хименесович
patronymic	ходжевич
patronymic	ходсонович
patronymic	хозевич
patronymic	холисович
patronymic	хомович
patronymic	хоренович
patronymic	хосевич
patronymic	хосниевич
patronymic	хоссейнович
patronymic	хрисанфович
patronymic	християнович
patronymic	христофович
patronymic	христофорович
patronymic	христьянович
patronymic	хуанович
patronymic	хубертович
patronymic	хубертусович
patronymic	худобердыевич
patronymic	хулиович
patronymic	хусаинович
patronymic	хусейнович
patronymic	хусинович
patronymic	хуссейнович
patronymic	хустович
patronymic	хусяинович
patronymic	хушнудбекович
patronymic	хьович
patronymic	хьювич
patronymic	хьюгович
patronymic	хьюнович
patronymic	цагаанович
patronymic	цагикович
patronymic	цаевич
patronymic	цайпинович
patronymic	цайсяевич
patronymic	цацгаевич
patronymic	цезариевич
patronymic	цезарович
patronymic	цзянович
patronymic	цицеронович
patronymic	цолакович
patronymic	чакович
patronymic	чарлиевич
patronymic	чарльзович
patronymic	черкезович
patronymic	чеславович
patronymic	чикович
patronymic	чингизович
patronymic	чингизханович
patronymic	чингисович
patronymic	чингисханович
patronymic	чинкизович
patronymic	чионгович
patronymic	числавович
patronymic	чистославович
patronymic	шабаддинович
patronymic	шабадович
patronymic	шабанович
patronymic	шавкатович
patronymic	шагимарданович
patronymic	шагинович
patronymic	шаидович
patronymic	шаинович
patronymic	шайбекович
patronymic	шайдабегович
patronymic	шайдуллович
patronymic	шаймиевич
patronymic	шакарбекович
patronymic	шакирович
patronymic	шаккумович
patronymic	шаклович
patronymic	шалалович
patronymic	шалвович
patronymic	шамалович
patronymic	шамбулатович
patronymic	шамгунович
patronymic	шамдинович
patronymic	шамеддинович
patronymic	шамединович
patronymic	шамилович
patronymic	шамильевич
patronymic	шамсиевич
patronymic	шандрович
patronymic	шарафаддинович
patronymic	шарафадинович
patronymic	шарафатдинович
patronymic	шарафеддинович
patronymic	шарафединович
patronymic	шарафович
patronymic	шарипович
patronymic	шарифзянович
patronymic	шарифович
patronymic	шарифуллович
patronymic	шарифулович
patronymic	шарифчонович
patronymic	шарифьянович
patronymic	шарифянович
patronymic	шарлевич
patronymic	шарович
patronymic	шарофидинович
patronymic	шаулевич
patronymic	шафгатович
patronymic	шафикович
patronymic	шаханович
patronymic	шахбалович
patronymic	шахвердиевич
patronymic	шахзадович
patronymic	шахмамедович
patronymic	шахмурадович
patronymic	шахмуратович
patronymic	шахриевич
patronymic	шахриярович
patronymic	шевкетович
patronymic	шеллиевич
patronymic	шендляевич
patronymic	шеннонович
patronymic	шериг-оолович
patronymic	шерлокович
patronymic	шигабович
patronymic	шигапович
patronymic	шимонович
patronymic	ширакович
patronymic	шихбалович
patronymic	шихкеримович
patronymic	шихмагомедович
patronymic	шихмамедович
patronymic	шихмурадович
patronymic	шломович
patronymic	шодович
patronymic	шоломович
patronymic	шотович
patronymic	шохзодович
patronymic	шукурович
patronymic	шухратович
patronymic	шушаникович
patronymic	эбергардович
patronymic	эберхардович
patronymic	эвалдасович
patronymic	эвалдикович
patronymic	эвалдович
patronymic	эвальдасович
patronymic	эвальдович
patronymic	эвальтович
patronymic	эварестович
patronymic	эвгениевич
patronymic	эвольдович
patronymic	эвольтович
patronymic	эвханович
patronymic	эгедиевич
patronymic	эгидиюсович
patronymic	эгонович
patronymic	эдвардасович
patronymic	эдвардович
patronymic	эдвардосович
patronymic	эдвинасович
patronymic	эдвинович
patronymic	эдвинсович
patronymic	эдгардович
patronymic	эдгарович
patronymic	эдгарсович
patronymic	эдгартович
patronymic	эддиевич
patronymic	эденович
patronymic	эдитович
patronymic	эдиятович
patronymic	эдмондович
patronymic	эдмундасович
patronymic	эдмундович
patronymic	эдмундсович
patronymic	эдрианович
patronymic	эдуардасович
patronymic	эдуардович
patronymic	эждерович
patronymic	эженович
patronymic	эзопович
patronymic	эйдяевич
patronymic	эйженович
patronymic	эйнович
patronymic	эланович
patronymic	элбаевич
patronymic	элвардович
patronymic	элвинович
patronymic	элвисович
patronymic	элгинович
patronymic	элемирович
patronymic	элеонардович
patronymic	элеторович
patronymic	элиаевич
patronymic	элиазарович
patronymic	элианович
patronymic	элиасович
patronymic	элиахуевич
patronymic	элиашевич
patronymic	элибекович
patronymic	элиевич
patronymic	элиезерович
patronymic	элимирович
patronymic	элифериевич
patronymic	эллазович
patronymic	элланович
patronymic	элларович
patronymic	эллерович
patronymic	эллиевич
patronymic	эллисонович
patronymic	элтонович
patronymic	элчинович
patronymic	элшанович
patronymic	эльбаевич
patronymic	эльгарович
patronymic	эльданизович
patronymic	эльдарович
patronymic	эльдатович
patronymic	эльденизович
patronymic	эльдерович
patronymic	эльдерханович
patronymic	эльджанович
patronymic	эльдинович
patronymic	эльдиярович
patronymic	эльдонизович
patronymic	эльдорович
patronymic	эльзамович
patronymic	эльзарович
patronymic	эльмазович
patronymic	эльманович
patronymic	эльмарович
patronymic	эльмартович
patronymic	эльмасович
patronymic	эльмирович
patronymic	эльнурович
patronymic	эльферович
patronymic	эльфисович
patronymic	эльханович
patronymic	эльхапович
patronymic	эльчибеевич
patronymic	эльчинович
patronymic	эльшанович
patronymic	эльясович
patronymic	эмануилович
patronymic	эмерихович
patronymic	эмилевич
patronymic	эмилианович
patronymic	эмилиевич
patronymic	эмилиович
patronymic	эмилович
patronymic	эминович
patronymic	эмирбекович
patronymic	эмирсултанович
patronymic	эммануилович
patronymic	эмомалиевич
patronymic	эмревич
patronymic	энверович
patronymic	энгельсович
patronymic	энгемович
patronymic	эндиевич
patronymic	эндревич
patronymic	эндрюевич
patronymic	эннанович
patronymic	энрикевич
patronymic	энрикович
patronymic	энтониевич
patronymic	эразмович
patronymic	эранович
patronymic	эрастович
patronymic	эрвинович
patronymic	эргартович
patronymic	эриевич
patronymic	эрикасович
patronymic	эрикиевич
patronymic	эрикназович
patronymic	эрикович
patronymic	эрикосович
patronymic	эриксович
patronymic	эриксонович
patronymic	эрихович
patronymic	эрканович
patronymic	эркибаевич
patronymic	эркиевич
patronymic	эркинбаевич
patronymic	эркинжанович
patronymic	эркинжонович
patronymic	эркинович
patronymic	эркияевич
patronymic	эрландасович
patronymic	эрландович
patronymic	эрланович
patronymic	эрлендович
patronymic	эрленович
patronymic	эрнандесович
patronymic	эрнанович
patronymic	эрнестасович
patronymic	эрнестович
patronymic	эрнестрович
patronymic	эрнстович
patronymic	эстерович
patronymic	этериевич
patronymic	этьенович
patronymic	эфраимович
patronymic	эхабович
patronymic	эхатович
patronymic	эхудович
patronymic	эшлиевич
patronymic	ювеналиевич
patronymic	ювиналиевич
patronymic	юджинович
patronymic	юзефиевич
patronymic	юзефович
patronymic	юлдашевич
patronymic	юлдусович
patronymic	юлианович
patronymic	юлиевич
patronymic	юликович
patronymic	юлиянович
patronymic	юнелевич
patronymic	юнисович
patronymic	юнусович
patronymic	юргенович
patronymic	юргисович
patronymic	юриевич
patronymic	юрикович
patronymic	юриславович
patronymic	юрисламович
patronymic	юрисович
patronymic	юрицевич
patronymic	юричович
patronymic	юриюсович
patronymic	юрниевич
patronymic	юрчикович
patronymic	юсефович
patronymic	юсифович
patronymic	юстинианович
patronymic	юсубович
patronymic	юсупалиевич
patronymic	юсупович
patronymic	юсуфович
patronymic	ютанович
patronymic	ягович
patronymic	ядгарович
patronymic	язмурадович
patronymic	язмуратович
patronymic	яирович
patronymic	якимович
patronymic	якобович
patronymic	яковлевич
patronymic	якубович
patronymic	якушевич
patronymic	ялгинович
patronymic	ялмазович
patronymic	янакиевич
patronymic	яникович
patronymic	яниславович
patronymic	янисович
patronymic	янкелевич
patronymic	янникович
patronymic	яннисович
patronymic	янович
patronymic	яношевич
patronymic	януариевич
patronymic	янусович
patronymic	янушевич
patronymic	яраславович
patronymic	яромирович
patronymic	яронович
patronymic	ярополкович
patronymic	яросдавович
patronymic	ярославович
patronymic	яруллович
patronymic	ярёмович
patronymic	ясевич
patronymic	ясерович
patronymic	ясикович
patronymic	ясинович
patronymic	ясирович
patronymic	ясонович
patronymic	яссерович
patronymic	ятимович
patronymic	яудатович
patronymic	яхебекович
patronymic	яцекович
patronymic	ячеславович
patronymic	яшарович
surname	аарон
surname	абазев
surname	абазов
surname	абаимов
surname	абакадзе
surname	абакумов
surname	абалихин
surname	абалкин
surname	абалмасов
surname	абалымов
surname	абальян
surname	абаляев
surname	абарин
surname	абарчук
surname	абаршалин
surname	абатуров
surname	абашеев
surname	абашкин
surname	аббас
surname	аббасов
surname	аббясов
surname	абдрахманов
surname	абдрашитов
surname	абдул-рахман
surname	абдулаев
surname	абдулатипов
surname	абдулбасиров
surname	абдулгани
surname	абдулин
surname	абдуллаев
surname	абдуллин
surname	абдулмуталибов
surname	абдулхаликов
surname	абдуль-гани
surname	абдульмянов
surname	абдурахман
surname	абдурахманов
surname	абдылдаев
surname	абдыллаев
surname	абдюшев
surname	абельман
surname	абельцев
surname	абесадзе
surname	абжалимов
surname	абинаев
surname	абинов
surname	аблаев
surname	аблогин
surname	аблязов
surname	аблякимов
surname	абношкин
surname	абоимов
surname	аболдуев
surname	аболин
surname	абрамашвили
surname	абраменко
surname	абраменков
surname	абрамкин
surname	абрамов
surname	абрамович
surname	абрамовских
surname	абрамсон
surname	абрамушкин
surname	абрамченков
surname	абрамчик
surname	абрамчук
surname	абрамян
surname	абрахин
surname	абрашитов
surname	абрашкин
surname	абрелян
surname	абрин
surname	абросимов
surname	аброськин
surname	абрукин
surname	абрывалин
surname	абсалямов
surname	абубакиров
surname	абубякеров
surname	абук
surname	абусагитов
surname	абуселидзе
surname	абусеридзе
surname	абуталибов
surname	абутидзе
surname	абутков
surname	абызгареев
surname	абызов
surname	абышев
surname	авагимян
surname	авакимов
surname	авакян
surname	авалиани
surname	авалишвили
surname	аванесов
surname	аванесьянц
surname	аванов
surname	авачев
surname	аввакумов
surname	аввакумцев
surname	авдашин
surname	авдеев
surname	авдеенко
surname	авдейчук
surname	авдиенко
surname	авдокушин
surname	авдонин
surname	авдонькин
surname	авдохин
surname	авдошкин
surname	авдуевский
surname	авдышев
surname	авдюхин
surname	авдюшев
surname	авдюшин
surname	авербах
surname	аверенков
surname	аверин
surname	аверинский
surname	аверинцев
surname	аверкиев
surname	аверкин
surname	аверочкин
surname	аверчев
surname	аверченко
surname	аверченков
surname	авершин
surname	аверьянов
surname	аветисов
surname	аветисянц
surname	авешников
surname	авилин
surname	авилов
surname	авксентюк
surname	авраамиев
surname	авраменко
surname	аврорин
surname	аврорский
surname	аврутин
surname	авсенев
surname	автаев
surname	автайкин
surname	автурханов
surname	автух
surname	автушенко
surname	авхачёв
surname	авченко
surname	авшалумов
surname	агаджанов
surname	агаев
surname	агажанов
surname	агальцов
surname	агамогланов
surname	аганбегян
surname	аганин
surname	агапенов
surname	агапитов
surname	агапов
surname	агапудов
surname	агарев
surname	агарков
surname	агасси
surname	агафонов
surname	агаян
surname	агеев
surname	агеенко
surname	агибенин
surname	агирбов
surname	агишев
surname	аглеев
surname	аглямов
surname	агранат
surname	аграновский
surname	агриппа
surname	агроскин
surname	агузаров
surname	агулов
surname	агуреев
surname	адаев
surname	адаевский
surname	адайкин
surname	адаменко
surname	адамишин
surname	адамов
surname	адамс
surname	адамсон
surname	адамчик
surname	адамчук
surname	адашев
surname	адгамов
surname	адеков
surname	аделин
surname	аденауэр
surname	адер
surname	адеянов
surname	аджиев
surname	адизян
surname	адипинов
surname	адомавичюс
surname	адомайтис
surname	адонин
surname	адоньев
surname	адрахман
surname	адрианов
surname	адров
surname	адушев
surname	адушкин
surname	адырбаев
surname	аедоницкий
surname	ажаханов
surname	азадов
surname	азанов
surname	азарапин
surname	азаренко
surname	азаренков
surname	азариев
surname	азарин
surname	азарнов
surname	азаров
surname	азарухин
surname	азарцев
surname	азбаров
surname	азбукин
surname	азелаинов
surname	азелин
surname	азерский
surname	азеф
surname	азизбаев
surname	азизов
surname	азимов
surname	азмагулов
surname	азнакаев
surname	азоркин
surname	азрельян
surname	азроянц
surname	азыркин
surname	аистов
surname	аитов
surname	айвазовский
surname	айданов
surname	айдзердзис
surname	айдов
surname	айзатуллин
surname	айзатулов
surname	айздердзис
surname	айзенберг
surname	айзенманн
surname	айламазян
surname	айнштейн
surname	айпалов
surname	айпин
surname	айрапетов
surname	айрапетян
surname	айрин
surname	айтекин
surname	айтматов
surname	акаев
surname	акантьев
surname	акаткин
surname	акатнов
surname	акатов
surname	акатовский
surname	акашев
surname	акбаев
surname	акбашев
surname	акбулатов
surname	акименко
surname	акимов
surname	акимочкин
surname	акимышев
surname	акиндинов
surname	акинин
surname	акинфиев
surname	акиншин
surname	акипов
surname	акифьев
surname	акишев
surname	акишин
surname	аккалаев
surname	аккинцев
surname	акмадыев
surname	акмалов
surname	акмалутдинов
surname	акопов
surname	акопян
surname	акпорисов
surname	аксаетов
surname	аксаков
surname	аксаментов
surname	аксарковский
surname	аксельрод
surname	аксенкин
surname	аксюточкин
surname	аксючиц
surname	аксёненко
surname	аксёнов
surname	акулин
surname	акулинин
surname	акулинчев
surname	акулов
surname	акунеев
surname	акунин
surname	акунов
surname	акутин
surname	акчурин
surname	алабин
surname	алабьев
surname	алабян
surname	алавердов
surname	аладдин
surname	аладышев
surname	аладышкин
surname	аладьин
surname	алайкин
surname	алакин
surname	алакоз
surname	аламасов
surname	алампиев
surname	алаторцев
surname	алатырев
surname	алафинов
surname	алафузов
surname	алашинов
surname	албегов
surname	албетков
surname	албогачиев
surname	алборов
surname	алданов
surname	алдашов
surname	алдонин
surname	алдошин
surname	алдунгаров
surname	алдушин
surname	алейник
surname	алейников
surname	алекберов
surname	алекперов
surname	алексаев
surname	александренко
surname	александров
surname	александрович
surname	александровский
surname	алексанин
surname	алексанов
surname	алексаньянц
surname	алексахин
surname	алексашенко
surname	алексашин
surname	алексашкин
surname	алексеев
surname	алексеевский
surname	алексеенко
surname	алексейчук
surname	алексенко
surname	алексенцев
surname	алексюк
surname	алексютин
surname	алемасов
surname	алеми
surname	аленев
surname	аленин
surname	аленич
surname	аленичев
surname	алентьев
surname	алехин
surname	алешинский
surname	алешкевич
surname	алешко
surname	алешонков
surname	алещенко
surname	алибегов
surname	алибеков
surname	алиев
surname	аликин
surname	аликов
surname	алимбаев
surname	алимкин
surname	алимов
surname	алимпиев
surname	алимуллаев
surname	алимхаджиев
surname	алинский
surname	алипов
surname	алипченков
surname	алироев
surname	алисейчик
surname	алискин
surname	алисов
surname	алиулин
surname	алиуллов
surname	алиханов
surname	аллабердин
surname	алленов
surname	аллилуев
surname	аллояров
surname	алмаев
surname	алмазов
surname	алмоян
surname	алныкин
surname	алонсо
surname	алпатов
surname	алпацкий
surname	алтунин
surname	алтухов
surname	алтынбаев
surname	алтынников
surname	алугишвили
surname	алушкин
surname	алфеев
surname	алференко
surname	алферьев
surname	алфимов
surname	алфёров
surname	алхимов
surname	алчебаев
surname	алымов
surname	алышев
surname	аль-башир
surname	альбетков
surname	альбиков
surname	альбрехтс
surname	альвезин
surname	альенде
surname	алькаев
surname	алькин
surname	альмеев
surname	альмуханов
surname	альмяшкин
surname	альтепберг
surname	альтерман
surname	альтман
surname	альшин
surname	алюшенко
surname	алябышев
surname	алябьевский
surname	алядинов
surname	аляев
surname	аляпкин
surname	алясов
surname	аляутдинов
surname	алёнушкин
surname	алёшин
surname	алёшкин
surname	аман
surname	амарцев
surname	амати
surname	амбарцумов
surname	амбарцумян
surname	амвросов
surname	амвросьев
surname	амелин
surname	амеличкин
surname	амелькин
surname	амельченко
surname	амельчугов
surname	амельчук
surname	амельянчик
surname	аменицкий
surname	аметистов
surname	амзаев
surname	аминов
surname	амирбекян
surname	амиржуев
surname	амирзян
surname	амиров
surname	амирханов
surname	аммерман
surname	аммосов
surname	аморозо
surname	амосов
surname	ампелонский
surname	ампилов
surname	амплеев
surname	амшикашвили
surname	анакин
surname	ананенков
surname	ананиашвили
surname	ананьев
surname	ананьин
surname	анастасьев
surname	анахатунян
surname	анашкин
surname	анбрейт
surname	анваров
surname	ангиров
surname	андерсен
surname	андерсон
surname	анджапаридзе
surname	андрамонов
surname	андрачников
surname	андреев
surname	андреевский
surname	андрейко
surname	андрейков
surname	андрейченко
surname	андрейчиков
surname	андрейчук
surname	андреюк
surname	андреюшко
surname	андреянов
surname	андрианов
surname	андриенко
surname	андрийчук
surname	андрияненко
surname	андриянов
surname	андриященко
surname	андронов
surname	андрончик
surname	андроньев
surname	андронюк
surname	андропов
surname	андросов
surname	андросюк
surname	андрощук
surname	андрусенко
surname	андрусик
surname	андрухаев
surname	андрушко
surname	андрущенко
surname	андрюков
surname	андрюхин
surname	андрюшенков
surname	андрюшин
surname	андрющенко
surname	андряков
surname	аненков
surname	аниканов
surname	аникеев
surname	аникиев
surname	аникин
surname	аниконов
surname	аникушин
surname	анинский
surname	анипченко
surname	анисенко
surname	анисенков
surname	анисимов
surname	анисичкин
surname	анискин
surname	анисковцев
surname	аничкин
surname	аничков
surname	анишин
surname	анишкин
surname	анищенко
surname	анкудинов
surname	анненков
surname	анненский
surname	анопреев
surname	аносов
surname	анохин
surname	аношин
surname	аношкин
surname	анощенков
surname	анпетков
surname	анпилов
surname	антаков
surname	антамонов
surname	антимонов
surname	антипенко
surname	антипин
surname	антипов
surname	антишин
surname	антонеев
surname	антоненко
surname	антоненок
surname	антониони
surname	антонов
surname	антонушкин
surname	антонцев
surname	антонюк
surname	антонян
surname	антохин
surname	антошин
surname	антошкин
surname	антощенков
surname	антропов
surname	антусев
surname	антуфьев
surname	антюфеев
surname	ануфриев
surname	ануфриенко
surname	анученков
surname	анучин
surname	анфалов
surname	анфилатов
surname	анфилофьев
surname	анфимов
surname	анфиногенов
surname	анфиногентов
surname	анфёров
surname	анциферов
surname	анцупов
surname	анчугов
surname	анюзин
surname	анюточкин
surname	апальков
surname	апанасенко
surname	апарин
surname	апархов
surname	апатьев
surname	апенкин
surname	апенушкин
surname	аписаров
surname	апкин
surname	аполлонов
surname	аполлонский
surname	апончук
surname	апостолов
surname	апраксин
surname	апраскин
surname	апрыщенко
surname	апухтин
surname	апушкин
surname	апханов
surname	арабиев
surname	арабов
surname	арабьян
surname	аравин
surname	араканцев
surname	аракелян
surname	аракчаа
surname	аракчеев
surname	аралиев
surname	арановский
surname	арансон
surname	арапов
surname	араратян
surname	арасланов
surname	арафат
surname	арбатов
surname	арбеков
surname	арбенин
surname	арбузов
surname	аргасов
surname	аргунов
surname	аргуткин
surname	ардасенов
surname	ардатовский
surname	ардашов
surname	ардентов
surname	ардонский
surname	ардышев
surname	аревджанян
surname	аредов
surname	аренахин
surname	арестов
surname	арефин
surname	арефьев
surname	аржаников
surname	аржанников
surname	аржанов
surname	арзамасцев
surname	арзиманов
surname	арзубов
surname	арзуманов
surname	арзуманян
surname	аринахин
surname	аринин
surname	ариничев
surname	аринкин
surname	ариночкин
surname	аринушкин
surname	аринчин
surname	арипов
surname	аристакесян
surname	аристархов
surname	аристенко
surname	аристов
surname	аришин
surname	арк
surname	аркади
surname	аркадьевский
surname	аркатов
surname	армани
surname	армениац
surname	арменский
surname	армстронг
surname	арнаутов
surname	арно
surname	арнопольский
surname	арнштрем
surname	аронин
surname	аронов
surname	аросев
surname	ароян
surname	аррениус
surname	арсагов
surname	арсаланов
surname	арсамаков
surname	арсанов
surname	арсемерзаев
surname	арсени
surname	арсенов
surname	арсентьев
surname	арсеньев
surname	арсланбеков
surname	арсланов
surname	артамонов
surname	артамошкин
surname	артелев
surname	артеменко
surname	артемкин
surname	артемьев
surname	артизов
surname	артимонов
surname	артищев
surname	артман
surname	артомасов
surname	артуганов
surname	артынов
surname	артюгин
surname	артюхин
surname	артюхов
surname	артюшкин
surname	артюшков
surname	артёмов
surname	аруев
surname	арумов
surname	арустамов
surname	арустамян
surname	арутюнов
surname	арутюнян
surname	арутюнянц
surname	арушанов
surname	арушанян
surname	архапчев
surname	архаров
surname	архипенко
surname	архипенков
surname	архипов
surname	арцев
surname	арцибасов
surname	арцибашев
surname	арчегов
surname	арчилаев
surname	аршавский
surname	аршакьян
surname	аршанко
surname	аршанский
surname	аршинов
surname	арыков
surname	арышев
surname	арыштаев
surname	арямин
surname	асабин
surname	асадуллин
surname	асаев
surname	асалиев
surname	асалханов
surname	асанин
surname	асанов
surname	асатиани
surname	асатулин
surname	асатуров
surname	асеев
surname	асейкин
surname	асексевский
surname	аскаров
surname	аскеров
surname	аскерханов
surname	асламов
surname	асланиди
surname	асланов
surname	аслануков
surname	асланьян
surname	аслапов
surname	аслаханов
surname	аслугужиев
surname	асмаев
surname	асмолов
surname	аснин
surname	асочаков
surname	астанин
surname	астанков
surname	астапкин
surname	астапов
surname	астапченко
surname	астапчук
surname	астаулов
surname	астауров
surname	астафуров
surname	астафьев
surname	астахин
surname	астахов
surname	асташенков
surname	асташин
surname	асташкин
surname	асташков
surname	асташов
surname	аствацатуров
surname	астраханкин
surname	астраханцев
surname	астрахашкин
surname	астрелин
surname	астрецов
surname	астрицкий
surname	аструг
surname	астурин
surname	асуханов
surname	асфандияров
surname	асцатуров
surname	асылгареев
surname	асякин
surname	атаев
surname	атаманенко
surname	атаманкин
surname	атаманов
surname	атаманчук
surname	атамашко
surname	атанесян
surname	атапин
surname	атауллин
surname	атетков
surname	аткинсон
surname	атласов
surname	атмажитов
surname	атрохин
surname	атрохов
surname	атрошенко
surname	атрощенко
surname	атрощенков
surname	атясов
surname	аулов
surname	аушев
surname	ауэрбах
surname	афанасенко
surname	афанаси
surname	афанасов
surname	афанасьев
surname	афанасьевский
surname	афандеров
surname	афаунов
surname	афиногентов
surname	афлятунов
surname	афонасьев
surname	афонин
surname	афоничкин
surname	афонников
surname	афонькин
surname	афтенюк
surname	ахапкин
surname	ахатов
surname	ахкямов
surname	ахлюстин
surname	ахмадеев
surname	ахмадинежад
surname	ахмадулин
surname	ахмалетдинов
surname	ахманаев
surname	ахманов
surname	ахмаров
surname	ахматдинов
surname	ахматов
surname	ахмедин
surname	ахмедов
surname	ахмедханов
surname	ахмеров
surname	ахметгалиев
surname	ахметдинов
surname	ахметзакиров
surname	ахметзянов
surname	ахметов
surname	ахметханов
surname	ахметшин
surname	ахметьянов
surname	ахнаев
surname	ахременко
surname	ахремчик
surname	ахрименко
surname	ахтамаян
surname	ахтариев
surname	ахтырец
surname	ахтямов
surname	ахундов
surname	ахунов
surname	ацепаев
surname	ачилов
surname	ашанин
surname	ашарин
surname	ашастин
surname	ашенбреннер
surname	ашетков
surname	ашмарин
surname	ашрафзянов
surname	ашурков
surname	ашуров
surname	аюкасов
surname	аюпов
surname	аюшиев
surname	аязян
surname	аяцков
surname	бабаджанянц
surname	бабаев
surname	бабаевский
surname	бабаец
surname	бабайлов
surname	бабайцев
surname	бабаков
surname	бабанин
surname	бабанов
surname	бабанский
surname	бабарсков
surname	бабарыкин
surname	бабасов
surname	бабашов
surname	бабаян
surname	бабейчук
surname	бабенко
surname	бабенков
surname	бабенышев
surname	бабешко
surname	бабийчук
surname	бабиков
surname	бабин
surname	бабинов
surname	бабинцев
surname	бабицкий
surname	бабич
surname	бабичев
surname	бабиюк
surname	бабиян
surname	бабкин
surname	бабков
surname	бабовников
surname	бабочкин
surname	бабошин
surname	бабрашев
surname	бабук
surname	бабун
surname	бабурин
surname	бабуркин
surname	бабух
surname	бабухин
surname	бабченко
surname	бабыкин
surname	бабылин
surname	бабынин
surname	бабышев
surname	баварин
surname	бавлинский
surname	баврин
surname	бавтрукевич
surname	бавуев
surname	бавыкин
surname	багаев
surname	багаевский
surname	багатюк
surname	багаутдинов
surname	багдаев
surname	багдарин
surname	багдасаров
surname	багдасарьян
surname	багдасарян
surname	багдонас
surname	багиев
surname	багин
surname	багироков
surname	баглаев
surname	баглай
surname	баглюк
surname	баглюков
surname	баграев
surname	баграмян
surname	багратион
surname	багреев
surname	багренцов
surname	багрецов
surname	багрянов
surname	бадаев
surname	бадалов
surname	бадалян
surname	бадамшин
surname	баданин
surname	бадгутдинов
surname	бадин
surname	бадлуев
surname	бадмаев
surname	бадмахалгаев
surname	бадокин
surname	бадретдинов
surname	бадридинов
surname	бадукин
surname	бадулин
surname	бадыков
surname	бадьин
surname	баев
surname	баевкин
surname	бажакин
surname	бажалкин
surname	бажанов
surname	баженов
surname	бажин
surname	бажинов
surname	базаев
surname	базанов
surname	базаргур
surname	базарев
surname	базаров
surname	баздарев
surname	баздырев
surname	базилев
surname	базилевский
surname	базильчук
surname	базильян
surname	базин
surname	базуев
surname	базулин
surname	базунов
surname	базурин
surname	базыкин
surname	базыков
surname	базылин
surname	базыченко
surname	базюк
surname	баимов
surname	баишев
surname	бай
surname	байбаков
surname	байбиков
surname	байбородин
surname	байбурдов
surname	байгабулов
surname	байгашев
surname	байгулов
surname	байдаевский
surname	байдалин
surname	байдалов
surname	байдарацкий
surname	байдин
surname	байдуков
surname	байдулин
surname	байзигитов
surname	байкалов
surname	байкеев
surname	байков
surname	баймиев
surname	баймухамбетов
surname	байназаров
surname	байнов
surname	байрамгулов
surname	байрамов
surname	байрон
surname	байсултанов
surname	байтеряков
surname	байчоров
surname	бакаев
surname	бакалдин
surname	бакалейник
surname	бакалов
surname	бакалюк
surname	баканов
surname	бакатанов
surname	бакатин
surname	баквалин
surname	бакеринков
surname	бакиев
surname	бакиров
surname	баклагин
surname	баклаков
surname	бакланов
surname	баклашкин
surname	баклушин
surname	баклыков
surname	баков
surname	бакрымов
surname	бакулев
surname	бакулин
surname	бакуменко
surname	бакунин
surname	бакунов
surname	бакунцев
surname	бакуров
surname	бакутов
surname	бакушин
surname	бакшев
surname	бакшеев
surname	бакшин
surname	бакштеев
surname	балабаев
surname	балабанов
surname	балабин
surname	балаболин
surname	балабуха
surname	балабушкин
surname	балаев
surname	балакин
surname	балакирев
surname	балакшин
surname	балалаев
surname	балалов
surname	балалыкин
surname	баландин
surname	баланин
surname	баланов
surname	балахашвили
surname	балахничёв
surname	балахонов
surname	балахонский
surname	балахонцев
surname	балацкий
surname	балачихин
surname	балашенко
surname	балашенков
surname	балашкин
surname	балашников
surname	балашов
surname	балдаков
surname	балданов
surname	балденков
surname	балдин
surname	балдихин
surname	балдунников
surname	балдыкин
surname	балев
surname	баленко
surname	баликоев
surname	балин
surname	балицкий
surname	баличев
surname	балкизов
surname	балков
surname	балладюр
surname	баллок
surname	балобанов
surname	балтахинов
surname	балтачевский
surname	балудин
surname	балуев
surname	балуков
surname	балхудук
surname	балченко
surname	балченков
surname	балыбердин
surname	балыбин
surname	балыкин
surname	балыков
surname	балынов
surname	балычев
surname	бальбеков
surname	бальбуров
surname	бальжинимаев
surname	бальзак
surname	бальмонт
surname	бальский
surname	балякин
surname	балясников
surname	балясов
surname	банашко
surname	бандурин
surname	бандуркин
surname	банецкий
surname	банзаров
surname	банифатов
surname	банкин
surname	банников
surname	баннов
surname	бантеев
surname	банцеров
surname	банщиков
surname	барабанов
surname	барабанчиков
surname	барабанщиков
surname	барабашев
surname	барабин
surname	барабошин
surname	барабошкин
surname	барагунов
surname	бараев
surname	баракин
surname	бараков
surname	бараксанов
surname	баралгин
surname	барамидзе
surname	бараненко
surname	баранкин
surname	баранников
surname	баранов
surname	барановский
surname	баранский
surname	баранцев
surname	баранчиков
surname	баратынский
surname	барахтенко
surname	барашевский
surname	барашкин
surname	барбаев
surname	барбарич
surname	барбашов
surname	баргачев
surname	бардаков
surname	барданов
surname	бардацкий
surname	бардеев
surname	барджиев
surname	бардиан
surname	бардин
surname	бардо
surname	бардонов
surname	бардуков
surname	бардунаев
surname	бардыгин
surname	барекян
surname	баренбойм
surname	баренков
surname	барилла
surname	баринков
surname	баринов
surname	баркалов
surname	баркин
surname	барков
surname	бармаков
surname	бармин
surname	барминцев
surname	барновалов
surname	баров
surname	бароненков
surname	барсанов
surname	барсегян
surname	барсов
surname	барсуков
surname	барсуковский
surname	барт
surname	барташев
surname	барташов
surname	бартенев
surname	бартновский
surname	бартов
surname	бартышев
surname	баруздин
surname	барулин
surname	бархатов
surname	бархин
surname	бархударов
surname	барыбин
surname	барыкин
surname	барышев
surname	барышников
surname	басаев
surname	басалаев
surname	басалов
surname	басалыгин
surname	басангов
surname	басанов
surname	басаргин
surname	басарукин
surname	басби
surname	басенко
surname	басилашвили
surname	басин
surname	баскаков
surname	баскарев
surname	баскин
surname	басков
surname	басман
surname	басниев
surname	баснин
surname	басов
surname	басрин
surname	бассейнов
surname	бастраков
surname	бастрыкин
surname	басханов
surname	басыгысов
surname	басыров
surname	батагаев
surname	батагов
surname	батаев
surname	баталин
surname	баталов
surname	батамиров
surname	батанов
surname	баташов
surname	батеенков
surname	батенин
surname	батенок
surname	батеньков
surname	батецкий
surname	батин
surname	батищев
surname	баткаев
surname	батлер
surname	батманов
surname	батов
surname	батоин
surname	баторов
surname	баторский
surname	баторшин
surname	батрадзе
surname	батраев
surname	батраков
surname	батраченко
surname	батрашкин
surname	батров
surname	батталов
surname	баттон
surname	батуев
surname	батуков
surname	батулев
surname	батулин
surname	батурин
surname	батуров
surname	батутин
surname	батушкин
surname	батчаев
surname	батчиков
surname	батыгин
surname	батыев
surname	батырбеков
surname	батыревский
surname	батыров
surname	батышев
surname	батьков
surname	батюк
surname	батюшев
surname	батюшкин
surname	батяев
surname	батяйкин
surname	баудер
surname	баула
surname	баулиев
surname	баулин
surname	бауман
surname	бауржанин
surname	баурновский
surname	баусов
surname	баутдинов
surname	бауэр
surname	бах
surname	бахаев
surname	бахарев
surname	бахарчиев
surname	бахвалов
surname	бахирев
surname	бахмат
surname	бахматов
surname	бахметов
surname	бахметьев
surname	бахмин
surname	бахмудкадиев
surname	бахнов
surname	бахолдин
surname	бахофнер
surname	бахрушин
surname	бахтадзе
surname	бахтиаров
surname	бахтин
surname	бахтинов
surname	бахтияров
surname	бахуцев
surname	бацанов
surname	бацин
surname	бацын
surname	бачевский
surname	бачило
surname	бачин
surname	бачинов
surname	бачинский
surname	бачурин
surname	башашин
surname	башенин
surname	башилов
surname	башин
surname	баширов
surname	башкатов
surname	башкеев
surname	башкин
surname	башкирев
surname	башкиров
surname	башкирцев
surname	башков
surname	башлак
surname	башлачёв
surname	башлыков
surname	башмаков
surname	башмачников
surname	башмет
surname	баштрыков
surname	баштыков
surname	башук
surname	башуров
surname	башуцкий
surname	баюнов
surname	баягантаев
surname	баяндин
surname	баянкин
surname	баянов
surname	бганцев
surname	бебенин
surname	бебихов
surname	бебко
surname	бебнев
surname	бевз
surname	бевзенко
surname	бевзюк
surname	бегеулов
surname	бегиашвили
surname	бегиджанов
surname	бегичев
surname	бегишев
surname	бегов
surname	бегоидзе
surname	бегун
surname	бегунец
surname	бегунов
surname	бедаков
surname	беданоков
surname	бедарев
surname	беджанов
surname	бедзиевский
surname	бедзюк
surname	бедин
surname	беднов
surname	беднюк
surname	беднягин
surname	бедняков
surname	бедоидзе
surname	бедрийчук
surname	бедрик
surname	бедрин
surname	бедрицкий
surname	бедякин
surname	бежаницкий
surname	бежанов
surname	бежецкий
surname	бежина
surname	бежицкий
surname	безбогин
surname	безбородкий
surname	безбородкин
surname	безбородов
surname	безверхий
surname	безводин
surname	бездетков
surname	бездидько
surname	бездоленко
surname	бездомный
surname	бездыханюк
surname	беззаботнов
surname	беззубов
surname	безирганов
surname	безлепкин
surname	безмельницын
surname	безмельцев
surname	безносов
surname	безроднов
surname	безрукавников
surname	безруков
surname	безруковский
surname	безрученко
surname	безуглов
surname	безукладников
surname	безусов
surname	безухов
surname	безымянский
surname	бейбутов
surname	бейдин
surname	бейербах
surname	бейлинзон
surname	бейскбаев
surname	бек
surname	бекасов
surname	бекашев
surname	бекбанов
surname	бекеров
surname	бекетов
surname	бекешевский
surname	бекин
surname	бекичеков
surname	бекишев
surname	беккалиев
surname	беккер
surname	беклемишев
surname	беклемищев
surname	бекман
surname	бекмурзиев
surname	бекмурзов
surname	беков
surname	бекренев
surname	бекташев
surname	бектусов
surname	бекузаров
surname	бекхэм
surname	бекшаев
surname	бекяшев
surname	белавенцев
surname	белавский
surname	белашов
surname	белебенцев
surname	белевитин
surname	белевцев
surname	белелюбский
surname	беленко
surname	беленков
surname	беленов
surname	беленчук
surname	беленький
surname	белецкий
surname	белик
surname	беликов
surname	белинкин
surname	белинский
surname	белитов
surname	белиц-гейман
surname	белицкий
surname	беличев
surname	беличенко
surname	белкин
surname	белков
surname	беллендир
surname	беллер
surname	беллини
surname	беллинсгаузен
surname	белобородов
surname	белобрагин
surname	белобратов
surname	белов
surname	беловицкий
surname	беловолов
surname	белоглазов
surname	белоглядов
surname	белоголовкин
surname	белогуров
surname	белодворцев
surname	белодеденко
surname	белоедов
surname	белозеров
surname	белозерцев
surname	белоконев
surname	белокопытов
surname	белокуров
surname	беломестнов
surname	беломытцев
surname	белоненко
surname	белоницкий
surname	белоновский
surname	белоногов
surname	белоножкин
surname	белоносов
surname	белопольский
surname	белорецкий
surname	белорусцев
surname	белосельский-белозерский
surname	белосков
surname	белослудцев
surname	белостоцкий
surname	белотуркин
surname	белоусенко
surname	белоусов
surname	белохин
surname	белоцерковцев
surname	белошапкин
surname	белошевский
surname	белошеев
surname	белошицкий
surname	белугин
surname	белынский
surname	белынцев
surname	белых
surname	белышев
surname	бельбей
surname	бельдюгин
surname	бельжицкий
surname	бельков
surname	бельтюков
surname	бельфер
surname	бельцев
surname	бельцин
surname	бельчегешев
surname	бельченко
surname	бельчук
surname	белюсенко
surname	белявский
surname	беляев
surname	беляйков
surname	беляков
surname	белялетдинов
surname	белялов
surname	беляников
surname	белянин
surname	белянкин
surname	белянковский
surname	беляров
surname	беляцкий
surname	белёвский
surname	бембеев
surname	бембетов
surname	бен-гурион
surname	бендер
surname	бендиткис
surname	бендриков
surname	бендюк
surname	бенкевич
surname	бенкендорф
surname	бенклевский
surname	беннеке
surname	беннетт
surname	бенов
surname	бентонитов
surname	бенцианов
surname	бенцинг
surname	бенциян
surname	беньяминов
surname	бенюмов
surname	бербенец
surname	берг
surname	берггольц
surname	бергер
surname	бергман
surname	берданосов
surname	берденников
surname	берденов
surname	бердиков
surname	бердников
surname	бердов
surname	бердышев
surname	бердышевский
surname	бердюгин
surname	бердяев
surname	бережков
surname	бережнов
surname	березенцев
surname	березенчук
surname	березиков
surname	березин
surname	березинцев
surname	березлев
surname	березнев
surname	березников
surname	березнюк
surname	березовиков
surname	березовский
surname	березовцев
surname	березуцкий
surname	березюк
surname	берендаков
surname	берендс
surname	береснев
surname	берестнев
surname	берестов
surname	берестовой
surname	беречин
surname	берещин
surname	берзин
surname	берзини
surname	беридзе
surname	бериев
surname	беринг
surname	берия
surname	беркаусов
surname	беркли
surname	берладин
surname	берлев
surname	берлизев
surname	берлизов
surname	берлиоз
surname	берлускони
surname	берман
surname	бернага
surname	бернадский
surname	бернал
surname	бернанке
surname	бернацкий
surname	бернгардт
surname	бернер
surname	бернов
surname	бернстайн
surname	бернулли
surname	бернштейн
surname	беров
surname	берсенев
surname	берснев
surname	берстенев
surname	бертеньев
surname	бертон
surname	бертяков
surname	берчик
surname	берштейн
surname	берюлев
surname	берёзкин
surname	беседин
surname	беседнов
surname	бескин
surname	бесков
surname	бесогонов
surname	беспалкин
surname	беспалов
surname	беспаловский
surname	беспалько
surname	беспальченко
surname	беспальчиков
surname	беспутин
surname	беспяткин
surname	бессараб
surname	бессарабенко
surname	бессарабов
surname	бессолицын
surname	бессонов
surname	бессоновский
surname	бессуднов
surname	бессчетнов
surname	бест
surname	бестужев
surname	бесхмельницын
surname	бесчастных
surname	бесчетков
surname	бетлицкий
surname	бетховен
surname	беховский
surname	бехтерев
surname	бехтиев
surname	бец
surname	бешанов
surname	бешенцев
surname	бешкарев
surname	бешнов
surname	бжезинский
surname	бзыков
surname	бибарсов
surname	биберган
surname	бибик
surname	бибиков
surname	бибилашвили
surname	бибин
surname	бибичев
surname	бибишев
surname	бигвава
surname	бигеев
surname	бигин
surname	бигнов
surname	биджаков
surname	биджиев
surname	бидюк
surname	бижамов
surname	бизиков
surname	бизин
surname	бизюкин
surname	бизяев
surname	бизянов
surname	бикалов
surname	бикбаев
surname	бикбулатов
surname	бикетов
surname	бикин
surname	бикитеев
surname	биккенин
surname	биккин
surname	бикмаев
surname	бикмуллин
surname	бикмухаметов
surname	биксянтеев
surname	биктаев
surname	бикташев
surname	биктимиров
surname	бикулов
surname	бикчурин
surname	билалов
surname	билаонов
surname	биленкин
surname	бильдин
surname	бильфингер
surname	бимбалов
surname	биндюков
surname	биненбойм
surname	бинецкий
surname	бинкин
surname	биншток
surname	биргулиев
surname	биричев
surname	бирман
surname	бирон
surname	бирут
surname	бирюков
surname	бирюлев
surname	бирюлин
surname	бирюлькин
surname	бирючков
surname	бисмарк
surname	битаров
surname	битнер
surname	битов
surname	битюков
surname	битюцкий
surname	бихерт
surname	бихман
surname	бицаев
surname	бицуев
surname	бицуков
surname	бичан
surname	бичурин
surname	биякаев
surname	благоволин
surname	благонравов
surname	благушин
surname	блаженков
surname	блаттер
surname	блер
surname	блесткин
surname	блехман
surname	блиндерман
surname	блиничев
surname	блинков
surname	блинников
surname	блинов
surname	блок
surname	блохин
surname	блуднин
surname	блум
surname	блэр
surname	блюмкин
surname	блюхер
surname	блянский
surname	бобалев
surname	бобиренко
surname	бобкин
surname	бобков
surname	бобнев
surname	бобовский
surname	бобоев
surname	боборыкин
surname	боботов
surname	бобоходжаев
surname	бобошин
surname	бобравский
surname	бобрецов
surname	бобрешов
surname	бобринский
surname	бобров
surname	бобровников
surname	бобровский
surname	бобрышев
surname	бобрышевский
surname	бобряшов
surname	бобуров
surname	бобылев
surname	бобылкин
surname	бобынин
surname	бова
surname	бованенковский
surname	бовгатов
surname	бовин
surname	бовт
surname	бовчуров
surname	бовырин
surname	боганцев
surname	богаткин
surname	богатов
surname	богатыренко
surname	богатырёв
surname	богатюк
surname	богацкий
surname	богачук
surname	богачёв
surname	богащенко
surname	богдалов
surname	богдан
surname	богданов
surname	богданчик
surname	богданчиков
surname	богидаев
surname	боговаров
surname	богодухов
surname	боголеев
surname	боголепов
surname	боголюбов
surname	богомазов
surname	богомолов
surname	богомягков
surname	богорад
surname	богорадов
surname	богораз
surname	богородицкий
surname	богославский
surname	богословский
surname	богренцев
surname	богуславский
surname	богуцкий
surname	богучанский
surname	богучаров
surname	богучарцев
surname	бодагов
surname	бодаков
surname	боде
surname	бодлер
surname	бодренко
surname	бодрин
surname	бодров
surname	бодрызлов
surname	бодрягин
surname	бодягин
surname	боев
surname	божедаров
surname	боженков
surname	божетков
surname	божимов
surname	божков
surname	бозырев
surname	бойко
surname	бойков
surname	бойцев
surname	бойчевский
surname	бойченков
surname	бойчук
surname	бокарев
surname	бокатов
surname	боклевский
surname	боков
surname	боковенко
surname	боковиков
surname	бокоев
surname	боксерман
surname	бокшицкий
surname	болдаков
surname	болдасенко
surname	болдер
surname	болдецов
surname	болдин
surname	болдовский
surname	болдырев
surname	боликов
surname	болкин
surname	болобан
surname	болоболкин
surname	боловинцев
surname	болоков
surname	болотников
surname	болотнов
surname	болотов
surname	болохонов
surname	болталин
surname	болтенков
surname	болтнев
surname	болтовский
surname	болтунов
surname	болтухов
surname	болтян
surname	болтянский
surname	болучевский
surname	болховитин
surname	болштейн
surname	болысов
surname	болычев
surname	большаев
surname	большаков
surname	большов
surname	большунов
surname	бомарше
surname	бомбардов
surname	бонаков
surname	бонапарт
surname	бонд
surname	бондалетов
surname	бондарев
surname	бондаренко
surname	бондарко
surname	бондарук
surname	бондарчук
surname	бондарь
surname	бондырев
surname	боннэр
surname	бонч-бруевич
surname	бор
surname	бордачев
surname	бордовский
surname	бордуков
surname	боресков
surname	борецкий
surname	борзенко
surname	борзенков
surname	борзилов
surname	борзин
surname	борзинский
surname	борзов
surname	борзыкин
surname	борзюк
surname	борин
surname	борисевский
surname	борисенко
surname	борисенков
surname	борисихин
surname	борискин
surname	борисков
surname	борисов
surname	борисоглебский
surname	борисочкин
surname	борисюк
surname	борков
surname	борковский
surname	борлаков
surname	борлов
surname	борман
surname	бормусов
surname	борнштедт
surname	боровик
surname	боровиков
surname	боровинский
surname	боровичев
surname	боровков
surname	боровой
surname	боровский
surname	боровцев
surname	бородавкин
surname	бородаев
surname	бороданов
surname	бородачев
surname	бороденкин
surname	бороденко
surname	бородин
surname	бородинов
surname	бородинский
surname	бородкин
surname	бородков
surname	бородов
surname	бородулин
surname	бородыкин
surname	бородько
surname	бородянский
surname	бороздин
surname	борозенцев
surname	борохов
surname	борошенко
surname	бортников
surname	борхес
surname	борхунов
surname	борщаговский
surname	борщак
surname	борщаненко
surname	борщевский
surname	борщенко
surname	борщин
surname	борщун
surname	борщёв
surname	боряшов
surname	босенко
surname	босняцкий
surname	босторин
surname	босхолов
surname	боткин
surname	боттичелли
surname	боценюк
surname	боциев
surname	боцкалев
surname	бочагов
surname	бочаев
surname	бочановский
surname	бочарников
surname	бочаров
surname	бочвар
surname	бочин
surname	бочкарёв
surname	бочкин
surname	бошняков
surname	бояринов
surname	бояринцев
surname	бояркин
surname	боярников
surname	боярский
surname	боярчук
surname	бояршинов
surname	брагаренко
surname	брагин
surname	брагинский
surname	бражкин
surname	бражников
surname	брак
surname	бранд
surname	брандо
surname	брандт
surname	браславский
surname	браславцев
surname	братанов
surname	братеев
surname	братенцев
surname	братищев
surname	братков
surname	братов
surname	братухин
surname	братчук
surname	браун
surname	браунштейн
surname	брацлавский
surname	бревнов
surname	брегвадзе
surname	брегер
surname	бредбери
surname	брединин
surname	бредихин
surname	бреднев
surname	бреженко
surname	брежнев
surname	брезгин
surname	брезгунов
surname	брейхман
surname	брекер
surname	бремер
surname	бреннер
surname	бреслер
surname	бреусов
surname	брехов
surname	брехт
surname	брехунцов
surname	бречалов
surname	бригаденко
surname	брижак
surname	брик
surname	брилев
surname	бринберг
surname	бринстер
surname	бритарев
surname	бритвин
surname	бритенков
surname	бритиков
surname	брицын
surname	бричкин
surname	бриш
surname	бровин
surname	бровкин
surname	бровцев
surname	брод
surname	бродников
surname	бродский
surname	бродягин
surname	бройль
surname	брокгауз
surname	бромберг
surname	брон
surname	бронев
surname	броневой
surname	броневский
surname	броницкий
surname	бронников
surname	бронштейн
surname	бросалин
surname	брук
surname	бруни
surname	брунов
surname	брусанов
surname	брусенцев
surname	брусенцов
surname	брусков
surname	брусникин
surname	брусницын
surname	брут
surname	брухис
surname	брушкевич
surname	бруштейн
surname	брыжак
surname	брыжахин
surname	брызгалов
surname	брызгунов
surname	брызжеев
surname	брыкин
surname	брыков
surname	брылев
surname	брындин
surname	брынов
surname	брынцалов
surname	брысаев
surname	брысенков
surname	брычев
surname	брэнсон
surname	брюгеман
surname	брюзгин
surname	брюзин
surname	брюллов
surname	брюсов
surname	брюханов
surname	брюхов
surname	брюховецкий
surname	брязгин
surname	брянкин
surname	брянцев
surname	брячихин
surname	буассьер
surname	буачидзе
surname	бубаев
surname	бубашвили
surname	бубенин
surname	бубликов
surname	бубнов
surname	бубякин
surname	бувакин
surname	бувалкин
surname	бугаев
surname	бугаенко
surname	бугайчук
surname	буганов
surname	бугорков
surname	бугреев
surname	бугров
surname	бугровский
surname	будагов
surname	будагян
surname	будаев
surname	будажапов
surname	будалин
surname	буданов
surname	буданцев
surname	бударин
surname	бударков
surname	будахин
surname	будашов
surname	будекин
surname	будеркин
surname	будзуляк
surname	будин
surname	будицкий
surname	будкевич
surname	будкеев
surname	будкер
surname	будкин
surname	будник
surname	будников
surname	будницкий
surname	будняк
surname	будук
surname	будурацкий
surname	будылин
surname	будьков
surname	будяев
surname	будённый
surname	буев
surname	бузаев
surname	буздогаров
surname	буздяковский
surname	бузенков
surname	бузняков
surname	бузов
surname	бузовкин
surname	бузунов
surname	бузыкин
surname	бузыненко
surname	бузыцков
surname	бузько
surname	буинский
surname	буистов
surname	буйко
surname	буймистрюк
surname	буйнакский
surname	буйнов
surname	буйновский
surname	букалов
surname	букарев
surname	букаров
surname	букер
surname	букин
surname	буковкин
surname	буковский
surname	буковцев
surname	букреев
surname	булавенцев
surname	булавин
surname	булавинов
surname	булавинцев
surname	булавский
surname	булавчик
surname	буланин
surname	буланкин
surname	буланков
surname	булатов
surname	булахов
surname	булацев
surname	булгак
surname	булгаков
surname	булдаков
surname	булдин
surname	булдыгин
surname	булеков
surname	булин
surname	булкин
surname	булков
surname	булочников
surname	булыгин
surname	булыменко
surname	булынин
surname	булычев
surname	бульба
surname	буляккулов
surname	буляков
surname	бунаков
surname	бундин
surname	бунев
surname	бунеев
surname	бунимович
surname	бунин
surname	буничев
surname	бункин
surname	бунтов
surname	бунцев
surname	буньков
surname	бунюэль
surname	буняев
surname	буравлев
surname	буравченко
surname	бураевский
surname	бураканов
surname	буракевич
surname	бураков
surname	буранов
surname	бурас
surname	бураченко
surname	бурбах
surname	бурбенцев
surname	бурбулис
surname	бурвиков
surname	бургонов
surname	бурдавицын
surname	бурдакин
surname	бурдаков
surname	бурдачев
surname	бурденко
surname	бурджанадзе
surname	бурдин
surname	бурдов
surname	бурдонский
surname	бурдуков
surname	бурдуковский
surname	бурдыгин
surname	бурдыкин
surname	бурдюгов
surname	буре
surname	буреев
surname	бурейский
surname	буренко
surname	буренков
surname	буренчев
surname	бурец
surname	бурилин
surname	буркаленко
surname	бурканин
surname	буркацкий
surname	буркеев
surname	буркин
surname	бурков
surname	бурковский
surname	бурлаев
surname	бурлаков
surname	бурликов
surname	бурлинов
surname	бурлинский
surname	бурлуцкий
surname	бурмакин
surname	бурмантов
surname	бурмин
surname	бурмистров
surname	буробин
surname	буров
surname	бурсиков
surname	бурсов
surname	бурташов
surname	буртов
surname	бурульский
surname	бурухин
surname	бурханов
surname	бурхин
surname	бурцев
surname	бурцевский
surname	бурчак
surname	бурчаков
surname	бурштейн
surname	бурыгин
surname	бурыкин
surname	бурылев
surname	бурылов
surname	буряков
surname	бусаевский
surname	бусанкин
surname	бусарев
surname	бусев
surname	бусенко
surname	бусинов
surname	буслаев
surname	бусыгин
surname	бут
surname	бутаев
surname	бутаков
surname	бутарев
surname	бутаров
surname	бутацин
surname	бутев
surname	бутенин
surname	бутенко
surname	бутин
surname	буткеев
surname	бутковский
surname	бутников
surname	бутов
surname	буторин
surname	буторлин
surname	буторов
surname	бутрин
surname	бутузов
surname	бутурлакин
surname	бутурлин
surname	бутусов
surname	бутуханов
surname	бутырев
surname	бутырин
surname	бутыркин
surname	бутюков
surname	бутягин
surname	бутяков
surname	бухаев
surname	бухалин
surname	буханцев
surname	бухарин
surname	бухаров
surname	бухарцев
surname	бухвалов
surname	бухвальтер
surname	бухлин
surname	бухман
surname	бухнер
surname	бухнин
surname	буховцев
surname	бухонов
surname	бухоснин
surname	бухтеев
surname	бухтилов
surname	бухтиничев
surname	бухтияров
surname	бухтояров
surname	бухтуев
surname	буцкий
surname	бучаченко
surname	бученков
surname	бучин
surname	бучнев
surname	буш
surname	бушков
surname	бушмакин
surname	бушман
surname	бушмелев
surname	бушмин
surname	бушнин
surname	бушнов
surname	бушуев
surname	бушунов
surname	буякевич
surname	буянов
surname	буянтуев
surname	буяченков
surname	бхутто
surname	бывайлов
surname	быкадоров
surname	быканов
surname	быков
surname	быковский
surname	былинкин
surname	бырдин
surname	быркин
surname	быстрецов
surname	быстрицкий
surname	быстров
surname	быстровзоров
surname	быховский
surname	быхтенко
surname	бычевский
surname	бычков
surname	бычковский
surname	бязыров
surname	бялкин
surname	бяндаевский
surname	вавакин
surname	ваванов
surname	вавилин
surname	вавилов
surname	вавицын
surname	ваганов
surname	вагжанов
surname	вагин
surname	ваграменко
surname	вагунин
surname	вадецкий
surname	вадюхин
surname	важдаев
surname	важенин
surname	важенков
surname	важесов
surname	важин
surname	важнов
surname	вазиев
surname	вазюков
surname	ваинмаер
surname	вайгачев
surname	вайда
surname	вайдман
surname	вайман
surname	вайнбаум
surname	вайнбендер
surname	вайнберг
surname	вайнгерт
surname	вайнер
surname	вайнцигер
surname	вайнштейн
surname	вайншток
surname	вайсфельд
surname	вайцзеккер
surname	вакарин
surname	вакин
surname	ваккер
surname	вакорев
surname	вакорин
surname	вакуленко
surname	вакуленчик
surname	вакулин
surname	вакуров
surname	вакутин
surname	вакушенко
surname	вала
surname	валевский
surname	валегин
surname	валеев
surname	валемеев
surname	валентинов
surname	валерианов
surname	валетов
surname	валецкий
surname	валиахметов
surname	валиев
surname	вализян
surname	валиков
surname	валиулин
surname	валиуллин
surname	валишин
surname	валленберг
surname	валов
surname	валуев
surname	валуевский
surname	валышев
surname	вальвачев
surname	валюшкин
surname	валяев
surname	ван-гог
surname	вандышев
surname	ванеев
surname	ваниев
surname	ваникевич
surname	ванин
surname	ванинский
surname	ванифатьев
surname	ваницкий
surname	ваничкин
surname	ванников
surname	вантурин
surname	ванурин
surname	ванцовский
surname	ваншенкин
surname	ванюков
surname	ванюхин
surname	ванюхов
surname	ванюшкин
surname	ванякин
surname	вар-равван
surname	варавин
surname	варакин
surname	вараксин
surname	варванин
surname	варга
surname	варганов
surname	варгунин
surname	вардосанидзе
surname	варельджян
surname	варенин
surname	варенков
surname	варенников
surname	варенов
surname	варенуха
surname	варенцов
surname	варламов
surname	варлашов
surname	варнавин
surname	варнавский
surname	варнаков
surname	варначев
surname	варнек
surname	варов
surname	варос
surname	вартанов
surname	вартанян
surname	вартеванян
surname	варухин
surname	варфоломеев
surname	варчев
surname	варшавер
surname	варыгин
surname	варыпаев
surname	варюшенков
surname	васадзе
surname	васельчук
surname	васенев
surname	васенин
surname	васенков
surname	васецкий
surname	васечкин
surname	васиков
surname	василев
surname	василевский
surname	василенко
surname	василин
surname	василишин
surname	васильев
surname	васильцев
surname	васильченко
surname	васильчиков
surname	васильчук
surname	васин
surname	васинский
surname	васицкий
surname	васненков
surname	васнецов
surname	вассанов
surname	васькин
surname	васьков
surname	васькянин
surname	васюков
surname	васюнькин
surname	васютин
surname	васюткин
surname	васягин
surname	васяев
surname	васякин
surname	васянин
surname	васятин
surname	ватагин
surname	ватаев
surname	ватолин
surname	ватсон
surname	ватулин
surname	ватутин
surname	ваулин
surname	ваулинский
surname	вахидов
surname	вахитов
surname	вахмин
surname	вахнин
surname	вахоренко
surname	вахраков
surname	вахрамеев
surname	вахранев
surname	вахромеев
surname	вахромов
surname	вахрушев
surname	вахрушевский
surname	вахрушин
surname	вахтангов
surname	вахтанский
surname	ваченков
surname	вашакидзе
surname	вашкеев
surname	вашков
surname	вашнев
surname	вашурин
surname	вашуркин
surname	ващекин
surname	ващенко
surname	введенский
surname	вдовенко
surname	вдовенков
surname	вдовин
surname	вдовиченко
surname	вдовкин
surname	вдовухин
surname	вдовушкин
surname	вдовытченко
surname	веденеев
surname	веденин
surname	веденкин
surname	веденский
surname	веденяпин
surname	ведерников
surname	ведринцев
surname	ведьмин
surname	везиров
surname	везнер
surname	вейгандт
surname	вейнблат
surname	вейнгардт
surname	вейнгольд
surname	вейнер
surname	вейскербер
surname	вейсман
surname	вейснер
surname	вейсфильд
surname	веккер
surname	вексельберг
surname	векслер
surname	векшин
surname	веласкес
surname	веледеев
surname	велембицкий
surname	великанов
surname	великсон
surname	велитченко
surname	велихов
surname	величкин
surname	величко
surname	величков
surname	величковский
surname	веллер
surname	вельдюхов
surname	вельский
surname	вельсман
surname	вельтищев
surname	вельшаков
surname	венгеров
surname	венгеровский
surname	венгров
surname	вендер
surname	вендровский
surname	веневский
surname	веневцев
surname	венедиктов
surname	венцек
surname	вепрев
surname	вепринцев
surname	веприцкий
surname	вербан
surname	вербенко
surname	вербин
surname	вербицкий
surname	верблюдов
surname	вербовский
surname	вервейко
surname	вергасов
surname	вергун
surname	вергунов
surname	верди
surname	веревочкин
surname	верейский
surname	веремеенко
surname	веремейчик
surname	веременко
surname	веремьев
surname	веренев
surname	вереникин
surname	вересов
surname	веретельников
surname	веретенников
surname	веретехин
surname	веретюк
surname	веретягин
surname	верешкин
surname	верещагин
surname	верещак
surname	верещетин
surname	вержевикин
surname	верзаков
surname	верзилин
surname	верзилов
surname	верзин
surname	верзунов
surname	веригин
surname	вернадский
surname	вернигоров
surname	верник
surname	верников
surname	верницкий
surname	вертинский
surname	вертов
surname	вертянов
surname	вертяшкин
surname	верховодов
surname	верховский
surname	верховцев
surname	верхоглядов
surname	верхоланцев
surname	верхомудров
surname	верхотуров
surname	вершилов
surname	вершинин
surname	вершков
surname	верьясов
surname	верютин
surname	верязов
surname	веряскин
surname	верёвкин
surname	веселков
surname	веселов
surname	веселовский
surname	веселухин
surname	весенеев
surname	весин
surname	веслополов
surname	весник
surname	веснин
surname	весницкий
surname	весовщиков
surname	весёлкин
surname	ветерков
surname	веткин
surname	ветлов
surname	ветлугин
surname	ветошкин
surname	ветров
surname	ветрогонский
surname	ветчинин
surname	ветюгов
surname	вехорев
surname	вечкасов
surname	вешняков
surname	видехин
surname	виднов
surname	видовский
surname	видякин
surname	визигин
surname	викентьев
surname	виккерс
surname	викторенко
surname	викторов
surname	викулин
surname	викулов
surname	виленский
surname	виленчик
surname	вилинбах
surname	вилинбахов
surname	вильгаук
surname	вильдерман
surname	вилькицкий
surname	вильсон
surname	вильчинский
surname	вильштейн
surname	виляев
surname	винберг
surname	винецкий
surname	виницкий
surname	виниченко
surname	виничук
surname	винников
surname	винницкий
surname	винниченко
surname	виноградов
surname	виноградовский
surname	винокуров
surname	винцкевич
surname	винчестер
surname	винчи
surname	виппер
surname	вирганский
surname	вирясов
surname	вислогузов
surname	висящев
surname	виташов
surname	витгенштейн
surname	витковский
surname	витошкин
surname	витрук
surname	витрянский
surname	витряченко
surname	витухин
surname	витяев
surname	витязев
surname	вихарев
surname	вихленцев
surname	вихлянцев
surname	вихорев
surname	вихров
surname	вицин
surname	вишес
surname	вишневецкий
surname	вишневский
surname	вишницкий
surname	вишняков
surname	влади
surname	владимиров
surname	владиславлев
surname	владыкин
surname	владычинский
surname	власенко
surname	власенков
surname	власов
surname	власьев
surname	власьевский
surname	власюк
surname	влащенко
surname	влащенков
surname	внуков
surname	вовчанюк
surname	вовченко
surname	водопьянов
surname	водяницкий
surname	водянников
surname	водянов
surname	воеводенко
surname	воеводин
surname	воейков
surname	вожагов
surname	вожаков
surname	вожжов
surname	вознесенский
surname	возняк
surname	возняков
surname	воищев
surname	войков
surname	войлоков
surname	войлуков
surname	войнов
surname	войнович
surname	войтенко
surname	войтов
surname	войцеховский
surname	воланд
surname	волгарев
surname	волгин
surname	волгутов
surname	волдорин
surname	волегов
surname	волженкин
surname	волжин
surname	волик
surname	волкер
surname	волков
surname	волковицкий
surname	волкогонов
surname	волконский
surname	волнухин
surname	волобуев
surname	воловатов
surname	воловенко
surname	воловичев
surname	вологдин
surname	володарский
surname	володенков
surname	володин
surname	володихин
surname	володкин
surname	володьков
surname	володяев
surname	волож
surname	волокитин
surname	волосачев
surname	волосков
surname	волосников
surname	волосянко
surname	волохонцев
surname	волоцков
surname	волошенко
surname	волошин
surname	волошков
surname	волощенко
surname	волощук
surname	волутаев
surname	волхонский
surname	волчанский
surname	волчатов
surname	волчек
surname	волченко
surname	волчков
surname	волшанинов
surname	волынец
surname	волынкин
surname	волынский
surname	волынцев
surname	вольваков
surname	вольнов
surname	вольский
surname	вольтер
surname	вольтман
surname	вольфензон
surname	вольфсон
surname	вольхин
surname	вольховский
surname	воляк
surname	воргачев
surname	вормсбехер
surname	воробьянинов
surname	воробьёв
surname	ворогушин
surname	вородимов
surname	ворожейкин
surname	ворожищев
surname	воронец
surname	воронецкий
surname	воронин
surname	воронкин
surname	воронко
surname	воронков
surname	воронов
surname	вороновский
surname	воронский
surname	воронуха
surname	воронцев
surname	воронцов
surname	ворончихин
surname	ворончук
surname	вороньжев
surname	воронянский
surname	воропаев
surname	воросцов
surname	воротнев
surname	воротников
surname	воротниковский
surname	воротынский
surname	воротынцев
surname	ворошилов
surname	ворчилов
surname	восканян
surname	воскиваров
surname	воскобойников
surname	воскресенский
surname	вострецов
surname	вострецовский
surname	востриков
surname	востров
surname	востротин
surname	востряков
surname	вотяков
surname	вохлаков
surname	вохмин
surname	вохрушенков
surname	вощин
surname	врангель
surname	врезовский
surname	вронский
surname	врублевский
surname	врунгель
surname	всеволожский
surname	вторыгин
surname	втулкин
surname	вуколов
surname	вуктыльский
surname	вулф
surname	вучетич
surname	вчерашнев
surname	вчерашнюк
surname	выборнов
surname	выволокин
surname	выговский
surname	выготский
surname	выдрин
surname	выломов
surname	вылузгин
surname	выпряжкин
surname	выскребенцев
surname	высотский
surname	высоцкий
surname	выучейский
surname	вышинский
surname	вышковский
surname	вьюгин
surname	вьюнов
surname	вьюхин
surname	вьюшин
surname	вэник
surname	вязаницын
surname	вязанкин
surname	вяземский
surname	вязенкин
surname	вязиков
surname	вязников
surname	вязниковский
surname	вязов
surname	вязовиков
surname	вязовкин
surname	вялкин
surname	вялов
surname	вяльцев
surname	вяткин
surname	вятчин
surname	вяхирев
surname	вячеславов
surname	гааз
surname	габашвили
surname	габдрахимов
surname	габдрахман
surname	габибов
surname	габидуллин
surname	габитов
surname	габичвадзе
surname	габоев
surname	габричевский
surname	габриэлов
surname	габриэлян
surname	габсбург
surname	габуда
surname	гавриков
surname	гавриленко
surname	гавриленков
surname	гаврилин
surname	гаврилков
surname	гаврилов
surname	гавриловский
surname	гаврильман
surname	гаврильченко
surname	гаврилюк
surname	гаврилёнок
surname	гавриченко
surname	гавричкин
surname	гавришин
surname	гавришов
surname	гавровский
surname	гавронов
surname	гаврюнькин
surname	гаврюшев
surname	гаврюшенко
surname	гаврюшин
surname	гаврюшов
surname	гавчук
surname	гавшин
surname	гагалов
surname	гаганов
surname	гагарин
surname	гаген
surname	гагин
surname	гагулин
surname	гагут
surname	гадалин
surname	гаджа
surname	гаджиев
surname	гаджиибрагимов
surname	гаджимагомедов
surname	гаджимахмудов
surname	гадиев
surname	гадулханов
surname	гадючкин
surname	гадючко
surname	гаев
surname	гаенко
surname	гаер
surname	гаеткулов
surname	газарьян
surname	газарянц
surname	газданов
surname	газеев
surname	газенко
surname	газеткин
surname	газзаев
surname	газизулин
surname	газизуллин
surname	газизьян
surname	газимагомедов
surname	газманов
surname	гайдадымов
surname	гайдай
surname	гайдайчук
surname	гайдамах
surname	гайданов
surname	гайдар
surname	гайдаренко
surname	гайдаш
surname	гайденко
surname	гайнский
surname	гайнуллин
surname	гайнутдинов
surname	гайсин
surname	гайсумов
surname	гайфуллин
surname	гайчук
surname	гайяр
surname	гаккен
surname	галаган
surname	галаев
surname	галазов
surname	галактионов
surname	галамиев
surname	галан
surname	галанец
surname	галанов
surname	галанцев
surname	галахов
surname	галачьян
surname	галдин
surname	галеев
surname	галиакбаров
surname	галигузов
surname	галиев
surname	галикаев
surname	галилей
surname	галимов
surname	галимуллин
surname	галимшин
surname	галиуллин
surname	галицкий
surname	галицков
surname	галкин
surname	галлингер
surname	галоганов
surname	галочкин
surname	галтаев
surname	галтер
surname	галуа
surname	галузин
surname	галумов
surname	галуненко
surname	галунов
surname	галустьян
surname	галутин
surname	галуцкий
surname	галушин
surname	галушкин
surname	галушко
surname	галущак
surname	галыбин
surname	гальблауф
surname	галькевич
surname	гальперин
surname	гальцов
surname	гальчанский
surname	гальченко
surname	гальчинский
surname	гальяно
surname	галямин
surname	галямов
surname	галямшин
surname	галяутдинов
surname	гамалея
surname	гамарник
surname	гамарра
surname	гамаюнов
surname	гамбарян
surname	гамбашидзе
surname	гамза
surname	гамзаев
surname	гамзатов
surname	гамзиков
surname	гамзин
surname	гамидов
surname	гамильтон
surname	гамов
surname	гамонин
surname	гамсун
surname	ганапольский
surname	гандалипов
surname	гандаян
surname	ганди
surname	ганеев
surname	ганжуров
surname	ганзенко
surname	ганиев
surname	ганижев
surname	ганин
surname	ганицев
surname	ганичев
surname	ганка
surname	ганкевич
surname	ганкин
surname	ганопольский
surname	гансовский
surname	гантамиров
surname	гантимуров
surname	гантман
surname	ганушкин
surname	ганчин
surname	ганчук
surname	ганчуков
surname	ганьжов
surname	ганюшин
surname	ганюшкин
surname	гапанцев
surname	гапеев
surname	гапеенко
surname	гапон
surname	гапоненко
surname	гапонов
surname	гапонюк
surname	гапотченко
surname	гапуненко
surname	гапченко
surname	гапчук
surname	гараев
surname	гарамов
surname	гаранькин
surname	гаранян
surname	гарас
surname	гарасько
surname	гарбарин
surname	гарбузов
surname	гарди
surname	гарднер
surname	гардюшин
surname	гарев
surname	гареев
surname	гарекин
surname	гариев
surname	гарин
surname	гарипов
surname	гарифуллин
surname	гаркавенко
surname	гаркунов
surname	гаркушенко
surname	гармаев
surname	гармашев
surname	гармашов
surname	гарницкий
surname	гарнов
surname	гаронкин
surname	гартвиг
surname	гартовский
surname	гартунг
surname	гарушев
surname	гарцилов
surname	гаршин
surname	гарькин
surname	гарькушов
surname	гарюгин
surname	гаряев
surname	гасаев
surname	гасан-джалалов
surname	гасанов
surname	гасаранов
surname	гасневский
surname	гаспаров
surname	гаспарян
surname	гастев
surname	гастелло
surname	гаськов
surname	гасюченко
surname	гатаулин
surname	гаусс
surname	гауф
surname	гафаров
surname	гафиатулин
surname	гафитулин
surname	гафт
surname	гафуров
surname	гаценко
surname	гачурин
surname	гашек
surname	гашимов
surname	гашков
surname	гашпаренко
surname	гашунин
surname	гаюльский
surname	гаязов
surname	гаян
surname	гвардионов
surname	гвоздарев
surname	гвоздев
surname	гвоздевский
surname	гвоздецкий
surname	гвоздиков
surname	гвоздин
surname	гдлян
surname	гдовский
surname	геббельс
surname	геворкян
surname	гегель
surname	гегельман
surname	гегнер
surname	гейберг
surname	гейдур
surname	гейзенберг
surname	гейман
surname	гейне
surname	гейнц
surname	гейслер
surname	гейтс
surname	гейхман
surname	гейченко
surname	геккерен
surname	гелин
surname	гельман
surname	гельмгольц
surname	гельфанд
surname	гельцер
surname	генгурьян
surname	генеманов
surname	генераленко
surname	генералов
surname	гениатулин
surname	генин
surname	георгиев
surname	герасенок
surname	герасименко
surname	герасимов
surname	герасимчук
surname	гераскин
surname	гераськин
surname	герасюк
surname	геращенко
surname	геращенков
surname	гербер
surname	герберг
surname	гергиев
surname	гердт
surname	геринг
surname	геркен
surname	герлянц
surname	герман
surname	германенко
surname	германов
surname	герсеванов
surname	герстенмайер
surname	гертнер
surname	герцен
surname	герцовский
surname	герчиков
surname	гершанов
surname	гершберг
surname	гершензон
surname	гершман
surname	герштейн
surname	гершуни
surname	гершунский
surname	гетманов
surname	гетманцев
surname	гефтер
surname	гехт
surname	гецман
surname	гжатский
surname	гибадулин
surname	гибадуллин
surname	гиберт
surname	гиглавый
surname	гидаспов
surname	гидзенко
surname	гизатулин
surname	гизатуллин
surname	гиззатуллин
surname	гилазов
surname	гилев
surname	гиленко
surname	гилик
surname	гиликашвили
surname	гилле
surname	гиллер
surname	гилмор
surname	гильбух
surname	гильдебрандт
surname	гильман
surname	гильмуллин
surname	гильмутдинов
surname	гилядов
surname	гилязев
surname	гилязиев
surname	гиляровский
surname	гималетдинов
surname	гиматдинов
surname	гимбатов
surname	гиммельфарб
surname	гиммлер
surname	гингер
surname	гиндилеев
surname	гиндин
surname	гиненфельд
surname	гинесин
surname	гинзбург
surname	гиниятов
surname	гинцингер
surname	гинько
surname	гиппиус
surname	гиренко
surname	гирин
surname	гиркин
surname	гирник
surname	гитин
surname	гитлер
surname	гичев
surname	гичкин
surname	гишер
surname	глаговский
surname	глаголев
surname	глаголин
surname	гладеев
surname	гладилин
surname	гладилов
surname	гладин
surname	гладков
surname	гладнев
surname	гладун
surname	гладунко
surname	гладченко
surname	гладырченко
surname	гладышев
surname	гладышевский
surname	глазков
surname	глазковский
surname	глазнев
surname	глазов
surname	глазун
surname	глазунов
surname	глазырин
surname	глазычев
surname	глазьев
surname	глебов
surname	гледенский
surname	гливко
surname	глиер
surname	гликсман
surname	глинер
surname	глинищевский
surname	глинка
surname	глинкин
surname	глинский
surname	глинчак
surname	глинчевский
surname	глитчан
surname	глотов
surname	глубоковский
surname	глузман
surname	глумилин
surname	глумов
surname	глухарёв
surname	глухенький
surname	глухман
surname	глухов
surname	глуховцев
surname	глухоедов
surname	глушаков
surname	глушанков
surname	глушенко
surname	глушенков
surname	глушко
surname	глушков
surname	глушковский
surname	глушнев
surname	глушук
surname	глущак
surname	глущенко
surname	глыбин
surname	глыбочка
surname	гляделов
surname	глянцев
surname	гмыря
surname	гнатюк
surname	гневышев
surname	гнедков
surname	гнедовский
surname	гнездилов
surname	гнесин
surname	гнеушев
surname	гнитецкий
surname	гнусарев
surname	гнусин
surname	гнутов
surname	говорин
surname	говорков
surname	говоров
surname	говорухин
surname	говорушенко
surname	гог
surname	гоген
surname	гогитидзе
surname	гоглидзе
surname	гоголев
surname	гоголин
surname	гоголицын
surname	гоголь
surname	гогольков
surname	гоготин
surname	гоготов
surname	годар
surname	годенко
surname	годжиев
surname	годиленко
surname	годков
surname	годлевский
surname	годман
surname	годовиков
surname	годунов
surname	гойя
surname	голанджан
surname	голашвили
surname	голдин
surname	голдман
surname	голдобин
surname	голембиовский
surname	голенищев
surname	голенко
surname	голенчук
surname	голиков
surname	голицын
surname	голиченко
surname	голобоков
surname	голобородько
surname	голов
surname	голованов
surname	головатов
surname	головатый
surname	головачёв
surname	головащенко
surname	головизнин
surname	головин
surname	головихин
surname	головкин
surname	головков
surname	головлёв
surname	головнин
surname	головня
surname	головунин
surname	головушкин
surname	головчанский
surname	головченко
surname	головчинер
surname	головяшкин
surname	голодухин
surname	голозубов
surname	гололобов
surname	голопузов
surname	голубев
surname	голубенко
surname	голубенцев
surname	голубинский
surname	голубинцев
surname	голубицкий
surname	голубкин
surname	голубков
surname	голубов
surname	голубоцкий
surname	голубцов
surname	голубчиков
surname	голубятников
surname	голумбовский
surname	голунов
surname	голутвин
surname	голушко
surname	голушков
surname	голынко
surname	голынычев
surname	голышев
surname	голышин
surname	голышкин
surname	гольберг
surname	гольбрайх
surname	гольданский
surname	гольдберг
surname	гольдин
surname	гольдман
surname	гольдони
surname	гольман
surname	гольцер
surname	гольцман
surname	гольцов
surname	голюк
surname	голяков
surname	голяшов
surname	гоман
surname	гоманченко
surname	гоманюк
surname	гоменюк
surname	гомес
surname	гомзин
surname	гомзяков
surname	гонгадзе
surname	гондаренко
surname	гонжаров
surname	гонтмахер
surname	гончар
surname	гончаренко
surname	гончаров
surname	гончарук
surname	гопчик
surname	горбатенко
surname	горбатко
surname	горбатов
surname	горбатовский
surname	горбатюк
surname	горбачевский
surname	горбаченко
surname	горбаченков
surname	горбачёв
surname	горбенко
surname	горбешко
surname	горбов
surname	горбовский
surname	горбулев
surname	горбулин
surname	горбунов
surname	горбунцов
surname	горбушин
surname	горгадзе
surname	гордеев
surname	гордеевский
surname	гордеенко
surname	гордейцев
surname	гордейчук
surname	гордиенко
surname	гордон
surname	горев
surname	горелик
surname	гореликов
surname	горелкин
surname	горелков
surname	горелов
surname	гореловский
surname	горемыкин
surname	горенский
surname	гореткин
surname	горецкий
surname	гориков
surname	горин
surname	горицкий
surname	горицков
surname	горкин
surname	горковенко
surname	горкун
surname	горланов
surname	горлачев
surname	горленко
surname	горлин
surname	горнедков
surname	горницкий
surname	горновский
surname	горностаев
surname	горобцов
surname	городецкий
surname	городилин
surname	городилов
surname	городков
surname	городницкий
surname	городов
surname	городовцев
surname	горохов
surname	гороховецкий
surname	горошников
surname	горощук
surname	горпинченко
surname	горсков
surname	горстин
surname	горхонский
surname	горчаков
surname	горчанинов
surname	горчуков
surname	горшенев
surname	горшенин
surname	горшечников
surname	горшихин
surname	горшков
surname	горшунов
surname	горынин
surname	горынцев
surname	горышин
surname	горький
surname	горьков
surname	горюнков
surname	горюнов
surname	горюхин
surname	горюшин
surname	горюшкин
surname	горяев
surname	горяинов
surname	горякин
surname	горячев
surname	горячкин
surname	горяшин
surname	гостев
surname	гостенин
surname	гостиев
surname	гостищев
surname	гостомыслов
surname	гостунский
surname	гостьев
surname	гостюхин
surname	готовцев
surname	готовчиков
surname	гофман
surname	гохман
surname	гошадзе
surname	гошовский
surname	грабаренко
surname	грабарчук
surname	грабницкий
surname	грабовников
surname	грабовский
surname	грабцев
surname	грабчук
surname	градобоев
surname	гражданкин
surname	грайнберг
surname	грамберг
surname	грамин
surname	грамматиков
surname	грамоздин
surname	грамолин
surname	грамотин
surname	гранаткин
surname	гранберг
surname	грандберг
surname	гранин
surname	гранкин
surname	гранков
surname	гранов
surname	грановский
surname	грапонов
surname	граханцев
surname	грахов
surname	грацианов
surname	грачевский
surname	грачёв
surname	гращенко
surname	гребеников
surname	гребенников
surname	гребенщиков
surname	гребеньков
surname	гребенюк
surname	гребешев
surname	гребешков
surname	гребнев
surname	гребёнкин
surname	грегорян
surname	грей
surname	грек
surname	грекалов
surname	греков
surname	греф
surname	грехов
surname	гречанинов
surname	греченко
surname	гречишников
surname	гречищев
surname	гречкин
surname	гречко
surname	гречнев
surname	гречушкин
surname	грешневиков
surname	грешников
surname	грешнов
surname	грибакин
surname	грибанов
surname	грибачев
surname	грибениченко
surname	грибенков
surname	грибков
surname	грибоедов
surname	григ
surname	григоренко
surname	григориади
surname	григоришин
surname	григоров
surname	григорук
surname	григорьев
surname	григорьян
surname	григорюк
surname	григорян
surname	гридасов
surname	гридин
surname	гриднев
surname	гридчин
surname	гризодубов
surname	грикинер
surname	гримитлихт
surname	гримм
surname	грин
surname	гринберг
surname	гринблат
surname	гриневский
surname	гриненко
surname	гринин
surname	гринкевич
surname	гринкин
surname	гринман
surname	гринченко
surname	гринчук
surname	гринштейн
surname	гринькевич
surname	гринько
surname	гриньков
surname	гринюк
surname	гринякин
surname	гринёв
surname	грисенко
surname	гриффин
surname	грицаев
surname	грицаенко
surname	грицененко
surname	гриценко
surname	грицик
surname	грицинин
surname	грицкевич
surname	грицко
surname	грицов
surname	грицюк
surname	гричук
surname	гришаев
surname	гришак
surname	гришанец
surname	гришанов
surname	гришанцев
surname	гришатов
surname	гришин
surname	гришкевич
surname	гришков
surname	гришковец
surname	гришковцев
surname	гришов
surname	гришокин
surname	гришуков
surname	гришутин
surname	грищенко
surname	грищенков
surname	гробовников
surname	гродецкий
surname	гродзицкий
surname	гродников
surname	грожан
surname	грозный
surname	громадский
surname	громаков
surname	громик
surname	громков
surname	громов
surname	громовенко
surname	громушкин
surname	громыко
surname	гроссман
surname	гросфельд
surname	гротовский
surname	гроут
surname	грошев
surname	грошенко
surname	грубер
surname	грубин
surname	грубштейн
surname	грудинин
surname	грудкин
surname	груднов
surname	груздев
surname	груздов
surname	грузенберг
surname	грузенкин
surname	грузинов
surname	грузинцев
surname	грулев
surname	грумков
surname	грунин
surname	груничев
surname	грушевенко
surname	грушецкий
surname	грушин
surname	грушихин
surname	грушко
surname	грушницкий
surname	грущак
surname	грызанов
surname	грызлов
surname	грызулин
surname	грызунов
surname	грядкин
surname	грядунов
surname	грязев
surname	грязин
surname	грязнов
surname	грязовецкий
surname	грященко
surname	губайдулин
surname	губайдуллин
surname	губакин
surname	губанов
surname	губарев
surname	губачев
surname	губенко
surname	губерман
surname	губернаторов
surname	губец
surname	губин
surname	губкин
surname	гугкаев
surname	гудев
surname	гуденко
surname	гудзий
surname	гудзовский
surname	гудилин
surname	гудименко
surname	гудин
surname	гудини
surname	гудков
surname	гудковский
surname	гудман
surname	гудошин
surname	гудошников
surname	гужавин
surname	гужвин
surname	гузанов
surname	гузеев
surname	гузенко
surname	гузиенко
surname	гузиков
surname	гукежев
surname	гуков
surname	гуковский
surname	гулаев
surname	гулевский
surname	гулейчик
surname	гуленков
surname	гулиа
surname	гулидов
surname	гулиев
surname	гуликов
surname	гулимов
surname	гулин
surname	гулыга
surname	гулынин
surname	гульбинский
surname	гулько
surname	гультяев
surname	гульчак
surname	гульченко
surname	гульшин
surname	гулюк
surname	гулявник
surname	гуляев
surname	гуляков
surname	гуляшко
surname	гулящев
surname	гумаров
surname	гумашвили
surname	гумбольдт
surname	гумелев
surname	гуменников
surname	гуменюк
surname	гумилевский
surname	гумилёв
surname	гумиров
surname	гумницкий
surname	гумрак
surname	гуназов
surname	гунбин
surname	гунгаев
surname	гундарев
surname	гундырев
surname	гундяев
surname	гунибский
surname	гуральник
surname	гургенов
surname	гуревич
surname	гуревский
surname	гуреев
surname	гурецкий
surname	гуридов
surname	гуриев
surname	гурилов
surname	гурин
surname	гуринов
surname	гуринчук
surname	гуркалов
surname	гуркин
surname	гурко
surname	гурков
surname	гурнов
surname	гуров
surname	гуртман
surname	гуртов
surname	гуртуев
surname	гуртьев
surname	гурулев
surname	гурусин
surname	гурченко
surname	гурчин
surname	гурылев
surname	гурьев
surname	гурьянов
surname	гусаев
surname	гусаков
surname	гусаковский
surname	гусариков
surname	гусаров
surname	гусарук
surname	гусев
surname	гусевский
surname	гусейнов
surname	гусельников
surname	гусенко
surname	гусенков
surname	гусинский
surname	гусихин
surname	гуслинский
surname	гусляков
surname	гусман
surname	гусов
surname	густов
surname	густоев
surname	гусынин
surname	гуськов
surname	гутенберг
surname	гутионтов
surname	гутман
surname	гутник
surname	гутников
surname	гуторов
surname	гуттерман
surname	гуцало
surname	гуцалов
surname	гуценко
surname	гуцериев
surname	гуцолюк
surname	гуцулюк
surname	гуцуляк
surname	гучев
surname	гученко
surname	гущев
surname	гущин
surname	гюго
surname	гюльбасаров
surname	гёрлиц
surname	гёте
surname	давиденко
surname	давидков
surname	давидсон
surname	давидюк
surname	давиташвили
surname	давитулиани
surname	давлеканов
surname	давлетбаев
surname	давлетзянов
surname	давлетмирзаев
surname	давлетов
surname	давлетшин
surname	давлетьяров
surname	давыденко
surname	давыденков
surname	давыдкин
surname	давыдков
surname	давыдов
surname	давыдычев
surname	давыдьянец
surname	давыдюк
surname	дагаев
surname	дагужиев
surname	дадаев
surname	дадашев
surname	дадонов
surname	даев
surname	дайбов
surname	дайментов
surname	дайнес
surname	дакалин
surname	далбаев
surname	дали
surname	далин
surname	даманов
surname	дамаскин
surname	дамбаринчинов
surname	дамбровский
surname	данаилов
surname	дандышев
surname	данелия
surname	данелюк
surname	даниев
surname	даниельссон
surname	данилевский
surname	даниленко
surname	даниленков
surname	данилин
surname	данилкин
surname	данилков
surname	данилов
surname	даниловский
surname	данильцев
surname	данильченко
surname	данильчук
surname	данильян
surname	данилюк
surname	данин
surname	даниш
surname	данков
surname	дантес
surname	дантон
surname	данченко
surname	данчковский
surname	даншин
surname	даньшин
surname	данюков
surname	дарвин
surname	дардыкин
surname	даренский
surname	дарымов
surname	дарьин
surname	дарькин
surname	даурбеков
surname	дауркин
surname	дауров
surname	даутов
surname	даценко
surname	дацковский
surname	дачевский
surname	дашевский
surname	дашиев
surname	дашичев
surname	дашкевич
surname	дашков
surname	дашковский
surname	даштемиров
surname	дашутин
surname	дащенко
surname	двалишвили
surname	двинятин
surname	двоеглазов
surname	дворецкий
surname	дворкин
surname	дворников
surname	дворниченко
surname	дворядкин
surname	дгебуадзе
surname	дебердеев
surname	дебоширин
surname	девтерев
surname	девтеров
surname	девятаев
surname	девяткин
surname	девятков
surname	девятов
surname	дега
surname	дегаев
surname	дегтерёв
surname	дегтяренко
surname	дегтярёв
surname	дедаев
surname	деденев
surname	дедиков
surname	дединов
surname	дединский
surname	дедков
surname	дедуров
surname	дедух
surname	дедюгин
surname	дедюрин
surname	дедюхин
surname	деев
surname	деженков
surname	дежкин
surname	дежнёв
surname	дейгин
surname	дейкин
surname	дейнека
surname	дейнекин
surname	дейниченко
surname	дейч
surname	декабрев
surname	декарт
surname	дектерев
surname	дектерюк
surname	дектярев
surname	делакруа
surname	делидов
surname	делистинг
surname	делокьян
surname	делор
surname	дельбрюк
surname	делькредер
surname	делюкин
surname	делягин
surname	демедюк
surname	деменков
surname	дементьев
surname	деменцев
surname	демерчев
surname	демиденко
surname	демидов
surname	демидовцев
surname	демидчик
surname	демидюк
surname	деминский
surname	демичев
surname	демков
surname	демниченко
surname	демочкин
surname	демченко
surname	демчин
surname	демчук
surname	демьяненко
surname	демьянов
surname	демьянчук
surname	демьянюк
surname	денежкин
surname	деникин
surname	денисевич
surname	денисенко
surname	денискин
surname	денисов
surname	денисьев
surname	денисюк
surname	денисёнок
surname	денишенко
surname	денщиков
surname	депардье
surname	дербеденев
surname	дербенцев
surname	дербенёв
surname	дервиз
surname	дергаленко
surname	дергаусов
surname	дергачевский
surname	дергачёв
surname	дергилев
surname	дергунов
surname	дердесов
surname	деревенцев
surname	деревицкий
surname	деревнин
surname	деревцов
surname	деревягин
surname	деревянкин
surname	деревянко
surname	деревянченко
surname	державин
surname	державиндт
surname	держиев
surname	деркач
surname	дерковский
surname	дермичев
surname	дертевский
surname	дерунов
surname	дерюгин
surname	дерябин
surname	дерябкин
surname	дерягин
surname	деряженцев
surname	деснянский
surname	десятников
surname	десятов
surname	десятчиков
surname	детинкин
surname	дефо
surname	дехканов
surname	дещекин
surname	джабраилов
surname	джавашвили
surname	джалалов
surname	джалалян
surname	джалыков
surname	джамалудинов
surname	джамбулатов
surname	джамгаев
surname	джангиров
surname	джангишерашвили
surname	джанджагава
surname	джанелидзе
surname	джанибеков
surname	джанико
surname	джанкезов
surname	джанкулов
surname	джапарашвили
surname	джапаридзе
surname	джаримов
surname	джафаров
surname	джаферов
surname	джексон
surname	джелепов
surname	джемилев
surname	джердисов
surname	джибладзе
surname	джигарханян
surname	джидинский
surname	джилаканов
surname	джимбеев
surname	джимидонский
surname	джинцанов
surname	джинчарадзе
surname	джиоев
surname	джобс
surname	джойс
surname	джонстон
surname	джордан
surname	джугашвили
surname	джумаев
surname	джутов
surname	дзадзиев
surname	дзасохов
surname	дзвинко
surname	дзгоев
surname	дзевановский
surname	дзержинский
surname	дзешкевич
surname	дзигасов
surname	дзнеладзе
surname	дзусов
surname	дзюбенко
surname	дзядзин
surname	дзямулич
surname	дибиров
surname	дибнер
surname	дибров
surname	дивенский
surname	дивов
surname	дигоев
surname	диденко
surname	диденков
surname	дидиченко
surname	дидро
surname	дизендорф
surname	дикарев
surname	диккенс
surname	диков
surname	дикоев
surname	диколенко
surname	дикополов
surname	дилаев
surname	дилей
surname	дилин
surname	дильдин
surname	димаков
surname	димитров
surname	димитрук
surname	диониси
surname	дипкунский
surname	дирак
surname	дирягин
surname	дисней
surname	дитятев
surname	дитятьев
surname	дифтеренко
surname	диярханов
surname	дмитревский
surname	дмитренко
surname	дмитриев
surname	дмитриенко
surname	дмитришин
surname	дмитротарановский
surname	дмитроченко
surname	дмитрук
surname	дмитрусенко
surname	днепров
surname	дновский
surname	добейко
surname	добренко
surname	добреньков
surname	добрецов
surname	добречко
surname	добржанский
surname	добрик
surname	добриков
surname	добринский
surname	добрицкий
surname	добриян
surname	добробаб
surname	добров
surname	добровольский
surname	добровский
surname	добродеев
surname	добродеенко
surname	добродомов
surname	добролюбов
surname	добронравов
surname	добророднов
surname	добросердов
surname	доброскокин
surname	добросмыслов
surname	добротин
surname	доброхотов
surname	добрушкин
surname	добрыгин
surname	добрынин
surname	добряков
surname	добрянский
surname	добрятин
surname	добужинский
surname	добшинский
surname	добычин
surname	добычкин
surname	доватор
surname	довгалев
surname	довгалюк
surname	довгополов
surname	довгополюк
surname	довгопятый
surname	довгялло
surname	довженко
surname	довжук
surname	довлатов
surname	догадайло
surname	догадайлов
surname	догадин
surname	догаев
surname	додзин
surname	додин
surname	додов
surname	додонов
surname	дождев
surname	дозоров
surname	дозорцев
surname	доильницын
surname	дойников
surname	докашенко
surname	докмейстер
surname	докукин
surname	докучаев
surname	долбенков
surname	долбилов
surname	долбишев
surname	долганов
surname	долгашов
surname	долгенький
surname	долгин
surname	долгобородов
surname	долгов
surname	долговидов
surname	долголаптев
surname	долгополов
surname	долгопятов
surname	долгоруков
surname	долгунов
surname	долгушин
surname	долгушкин
surname	доленко
surname	долецкий
surname	долженко
surname	долженков
surname	должиков
surname	долидзе
surname	долинин
surname	долинский
surname	долматов
surname	долотин
surname	долотов
surname	долошицкий
surname	долуханов
surname	дольников
surname	дольский
surname	доманьков
surname	домарацкий
surname	домашенко
surname	домащенко
surname	домбасюк
surname	домби
surname	домбровский
surname	домнин
surname	домолазов
surname	домославский
surname	домрачев
surname	дондоков
surname	дондук
surname	дондуков
surname	дондуковский
surname	дондурей
surname	донин
surname	донкерман
surname	донской
surname	донцов
surname	донченко
surname	допплер
surname	доргунский
surname	дорджиев
surname	доренко
surname	доржиев
surname	доркин
surname	дормидонтов
surname	доровских
surname	дородников
surname	дороднов
surname	дорожкин
surname	доронин
surname	дороничев
surname	доронкин
surname	дорофеев
surname	дорофеенко
surname	дорохин
surname	дорохов
surname	дорош
surname	дорошев
surname	дорошенко
surname	дорошин
surname	дорошук
surname	дорощук
surname	дорушенков
surname	дорфман
surname	дорш
surname	досаев
surname	доскин
surname	достовалов
surname	достоевский
surname	дохненко
surname	дохнов
surname	доценко
surname	дочилов
surname	дошин
surname	дощицын
surname	драгавцев
surname	драганов
surname	драгин
surname	драголюбский
surname	драгузин
surname	драгункин
surname	драгунов
surname	драгунский
surname	дражнюк
surname	драйзер
surname	дракин
surname	драницын
surname	дратвин
surname	драчевский
surname	драченко
surname	драчук
surname	драчёв
surname	дрейер
surname	дрейк
surname	дрейман
surname	дрелинг
surname	дренкалюк
surname	држевецкий
surname	дригилов
surname	дриженко
surname	дробинин
surname	дробицкий
surname	дробот
surname	дроботенко
surname	дроботов
surname	дроботухин
surname	дроботько
surname	дробышев
surname	дробышевский
surname	дрогачёв
surname	дрогин
surname	дроговейко
surname	дрождев
surname	дрождин
surname	дрожжев
surname	дрожжин
surname	дрожняк
surname	дрозденко
surname	дроздецкий
surname	дроздинцев
surname	дроздков
surname	дроздов
surname	дроков
surname	дронов
surname	дроняев
surname	дроняк
surname	дротянко
surname	дрочнев
surname	дружилов
surname	дружинин
surname	дружков
surname	дружнов
surname	друзенко
surname	друзин
surname	друзяев
surname	друян
surname	дрыганов
surname	дрыгин
surname	дрыженко
surname	дрюков
surname	дрюнин
surname	дрюон
surname	дрючков
surname	дряхлов
surname	дрёмин
surname	дрёмов
surname	дубаев
surname	дубатов
surname	дубачев
surname	дубельт
surname	дубенецкий
surname	дубенко
surname	дубенков
surname	дубенский
surname	дубенцев
surname	дубенчук
surname	дубинин
surname	дубиничев
surname	дубинкин
surname	дубинов
surname	дубинский
surname	дубинчук
surname	дубков
surname	дублик
surname	дубнов
surname	дубов
surname	дубовиков
surname	дубовицкий
surname	дубовкин
surname	дубовский
surname	дубовцев
surname	дубоносов
surname	дуботолов
surname	дубошин
surname	дубравин
surname	дубров
surname	дубровин
surname	дубровский
surname	дубцов
surname	дубынин
surname	дубяга
surname	дувидов
surname	дугаев
surname	дуганов
surname	дугаров
surname	дугин
surname	дуглас
surname	дугушкин
surname	дудаев
surname	дудаков
surname	дударев
surname	дударов
surname	дуденко
surname	дуденков
surname	дудин
surname	дудкин
surname	дудко
surname	дудковский
surname	дудников
surname	дудуев
surname	дудушкин
surname	дудченко
surname	дудырев
surname	дуев
surname	дужников
surname	дукин
surname	дуксин
surname	дулебин
surname	дулимов
surname	дулов
surname	дульнев
surname	дульцев
surname	дуляпин
surname	дуляпинцев
surname	думанов
surname	думбров
surname	думнов
surname	думчев
surname	дунаев
surname	дунаевский
surname	дунаенко
surname	дунайкин
surname	дунайцев
surname	дунакаев
surname	дундуков
surname	дунюшкин
surname	дуплин
surname	дурдыев
surname	дурманов
surname	дурнев
surname	дурникин
surname	дурнов
surname	дурново
surname	дурновцев
surname	дуров
surname	дурыгин
surname	дурягин
surname	дусенко
surname	дусин
surname	дусканов
surname	дутчак
surname	духанов
surname	духин
surname	духов
surname	духовницкий
surname	духовщинский
surname	душарин
surname	душутин
surname	дыбенко
surname	дыбовский
surname	дыков
surname	дыкун
surname	дымченко
surname	дымчиков
surname	дырдин
surname	дыркин
surname	дьюрак
surname	дьяков
surname	дьяконов
surname	дьякун
surname	дьяченко
surname	дьяченков
surname	дьячкин
surname	дьячков
surname	дьячук
surname	дэвидсон
surname	дэвис
surname	дюбанов
surname	дюбин
surname	дюдяев
surname	дюжаев
surname	дюжев
surname	дюжиков
surname	дюканов
surname	дюкарев
surname	дюккиев
surname	дюков
surname	дюма
surname	дюмаев
surname	дюмин
surname	дюмулен
surname	дюрер
surname	дюрик
surname	дюрягин
surname	дюссар
surname	дябринский
surname	дягилев
surname	дядченко
surname	дядьковский
surname	дядюченко
surname	дятлов
surname	дёмин
surname	дёмкин
surname	дёмушкин
surname	евграфов
surname	евграфьев
surname	евдаков
surname	евдокименко
surname	евдокимов
surname	евдокимычев
surname	евлампиев
surname	евланов
surname	евлахов
surname	евлашкин
surname	евлюхин
surname	евмененко
surname	евнин
surname	евреинов
surname	евсеев
surname	евсеенко
surname	евсеенков
surname	евсейкин
surname	евсиков
surname	евсинский
surname	евстафьев
surname	евстигнеев
surname	евстифеев
surname	евстратов
surname	евстрахин
surname	евсюгин
surname	евсюков
surname	евсюнин
surname	евсюхин
surname	евтухов
surname	евтушенко
surname	евтушенков
surname	егиазарян
surname	егоренков
surname	егорин
surname	егоркин
surname	егоров
surname	егорушкин
surname	егоршин
surname	егошин
surname	ежов
surname	езерский
surname	езунов
surname	ейсков
surname	екименков
surname	екимов
surname	екимцев
surname	елагин
surname	еланский
surname	еленцев
surname	елесин
surname	елесичев
surname	елецков
surname	елизаров
surname	елизаровский
surname	елизарьев
surname	елисеев
surname	елисеенко
surname	елисеенков
surname	елисейкин
surname	елисов
surname	елистратов
surname	еловиков
surname	елохин
surname	елсуков
surname	елунинский
surname	елфимов
surname	елшанский
surname	ельников
surname	ельнинский
surname	ельницкий
surname	ельтищев
surname	ельцин
surname	ельцов
surname	ельчанинов
surname	ельшанов
surname	еляков
surname	емангулов
surname	ембаевский
surname	емелин
surname	емельяненко
surname	емельянов
surname	емин
surname	емышев
surname	енгибаров
surname	еникеев
surname	енукидзе
surname	еньков
surname	епимахов
surname	епифанов
surname	епифанцев
surname	епиходов
surname	ерамишанцев
surname	ерастов
surname	ергин
surname	ергунов
surname	ерегин
surname	еремеев
surname	еременков
surname	еремизин
surname	еремичев
surname	еремченко
surname	ерин
surname	еркибаев
surname	ермаков
surname	ермаченко
surname	ермаченков
surname	ермилов
surname	ермишин
surname	ермолаев
surname	ермоленко
surname	ермолин
surname	ермолицкий
surname	ермолов
surname	ермошин
surname	ермошкин
surname	ерослаев
surname	ерофеев
surname	ерохин
surname	ерохов
surname	ерошенко
surname	ерошенков
surname	ерошин
surname	ерошкевич
surname	ерошкин
surname	ерусланов
surname	ершов
surname	ершовский
surname	ерёменко
surname	ерёмин
surname	ерёмкин
surname	есаулков
surname	есаулов
surname	есенин
surname	есенков
surname	есенов
surname	есенский
surname	есиков
surname	есин
surname	есипенко
surname	есипов
surname	есичев
surname	еськин
surname	еськов
surname	ефалов
surname	ефанов
surname	ефименко
surname	ефименков
surname	ефимиков
surname	ефимичев
surname	ефимкин
surname	ефимов
surname	ефимцев
surname	ефимченко
surname	ефимычев
surname	ефлюков
surname	ефременко
surname	ефременков
surname	ефремкин
surname	ефремов
surname	ефремычев
surname	жабенко
surname	жабин
surname	жабоев
surname	жабунин
surname	жаворонков
surname	жадаев
surname	жаданов
surname	жадеев
surname	жадкевич
surname	жаднов
surname	жадов
surname	жадченко
surname	жажлевский
surname	жайворенко
surname	жакенов
surname	жалилов
surname	жалинский
surname	жалковский
surname	жалнин
surname	жалыбин
surname	жаманов
surname	жамбалов
surname	жамсаранов
surname	жамсуев
surname	жанатаев
surname	жандарев
surname	жандарук
surname	жандобаев
surname	жанжеров
surname	жариков
surname	жаринов
surname	жарихин
surname	жаркин
surname	жарков
surname	жаров
surname	жаровцев
surname	жарылгапов
surname	жасыбаев
surname	жбанов
surname	жванецкий
surname	жванко
surname	жгилев
surname	жгун
surname	ждакаев
surname	жданкин
surname	жданов
surname	жебровский
surname	жевакин
surname	жевлаков
surname	жевтяк
surname	жегалин
surname	жегалов
surname	жеглов
surname	жегляков
surname	железкин
surname	железников
surname	железнов
surname	железняков
surname	железов
surname	желиостов
surname	желнин
surname	желнов
surname	желобанов
surname	желонкин
surname	желтиков
surname	желтобородов
surname	желтоухов
surname	желтухин
surname	желтышев
surname	желудков
surname	желябин
surname	желябов
surname	жемерикин
surname	жемчугов
surname	жемчужников
surname	женевьев
surname	жердев
surname	жеребенков
surname	жеребцов
surname	жеребятьев
surname	жерихин
surname	жерихов
surname	жерлов
surname	жермен
surname	жернаков
surname	жерновков
surname	жжёнов
surname	жибоедов
surname	живаго
surname	живаев
surname	живов
surname	животягин
surname	жигаев
surname	жигалкин
surname	жигалов
surname	жигальцев
surname	жиганов
surname	жиганский
surname	жигарев
surname	жигачев
surname	жигжитжапов
surname	жигжитов
surname	жигляев
surname	жигмитдоржиев
surname	жигулев
surname	жигулин
surname	жигунов
surname	жиделев
surname	жиденко
surname	жидилев
surname	жидков
surname	жидов
surname	жидченко
surname	жидяев
surname	жижек
surname	жижин
surname	жижков
surname	жизняков
surname	жилин
surname	жилинский
surname	жилкин
surname	жильцов
surname	жильяр
surname	жилюк
surname	жиляев
surname	жиляков
surname	жинкин
surname	жирардо
surname	жириновский
surname	жирков
surname	жирмунский
surname	жирников
surname	жирнов
surname	жиров
surname	жирухин
surname	жиряков
surname	житенев
surname	житков
surname	житковский
surname	житников
surname	житомирский
surname	жихарев
surname	жмаков
surname	жмурин
surname	жмырко
surname	жовниренко
surname	жогин
surname	жоговский
surname	жоголев
surname	жокин
surname	жолковский
surname	жолткевич
surname	жолтовский
surname	жолудев
surname	жослен
surname	жохов
surname	жудин
surname	жудинов
surname	жужгин
surname	жужнев
surname	жужун
surname	жуинский
surname	жуйков
surname	жук
surname	жукевич
surname	жуков
surname	жуковкин
surname	жуковский
surname	жукунов
surname	жулебин
surname	жулев
surname	жулидов
surname	жулин
surname	жумаев
surname	жуманов
surname	жумашев
surname	жундуев
surname	жуперин
surname	журавлёв
surname	журавов
surname	журавский
surname	жураковский
surname	журбенко
surname	журбин
surname	журин
surname	журкин
surname	журко
surname	журков
surname	журлов
surname	журмилов
surname	журомский
surname	жутиков
surname	жученко
surname	жучков
surname	заалишвили
surname	забабурин
surname	забавников
surname	забазнов
surname	забарский
surname	забегаев
surname	забейворота
surname	забелин
surname	забирко
surname	заблоцкий
surname	заблоцкис
surname	заблудин
surname	заболотин
surname	заболотников
surname	заболотнов
surname	заболотный
surname	заболоцкий
surname	заборин
surname	заборовский
surname	заборщиков
surname	заботин
surname	забродин
surname	завадовский
surname	завадский
surname	завалихин
surname	завалишин
surname	завалюк
surname	заварзин
surname	заварин
surname	заварнов
surname	заварский
surname	заварыкин
surname	завацкий
surname	завгаев
surname	завгороднев
surname	заведеев
surname	завенягин
surname	заверткин
surname	заверюха
surname	заверюхин
surname	завидов
surname	заводчиков
surname	завозин
surname	завойский
surname	заволокин
surname	заворотнев
surname	заворотный
surname	заворотнюк
surname	завражин
surname	завыленков
surname	завьялов
surname	загайнов
surname	загарин
surname	загидуллин
surname	загиров
surname	загитов
surname	заглазеев
surname	загоренко
surname	загородников
surname	загорский
surname	загоруйко
surname	загорулько
surname	загоскин
surname	загребаев
surname	загребельный
surname	загребнев
surname	загудаев
surname	загудайлов
surname	загузин
surname	загуляев
surname	загуменнов
surname	загурский
surname	задонский
surname	задорнов
surname	задорощенко
surname	зайкин
surname	зайнуллин
surname	зайцев
surname	зайченко
surname	закаблука
surname	закаев
surname	залесский
surname	зализняк
surname	залогин
surname	залыгин
surname	зальцгиттер
surname	замковский
surname	замотин
surname	замятин
surname	занилов
surname	западалов
surname	запольский
surname	запрягаев
surname	зарипов
surname	заричанский
surname	зарудняк
surname	заседателев
surname	заславский
surname	застрожний
surname	засурский
surname	засухин
surname	затеев
surname	затулин
surname	захаренко
surname	захаров
surname	захарченко
surname	заходер
surname	зацепин
surname	зверев
surname	зволинский
surname	звягин
surname	звягинцев
surname	здориков
surname	здунов
surname	зейналов
surname	зеленин
surname	зеленкин
surname	зеленко
surname	зеленов
surname	зелинский
surname	земан
surname	землянушин
surname	земцов
surname	зенкевич
surname	зенкин
surname	зенков
surname	зеренков
surname	зиганшин
surname	зимовейкин
surname	зимосадов
surname	зингер
surname	зингерман
surname	зиндер
surname	зинковский
surname	зиновьев
surname	зинченко
surname	злобин
surname	злотников
surname	змеюкин
surname	знаменский
surname	зозуля
surname	золотарёв
surname	золотов
surname	золотухин
surname	золя
surname	зорин
surname	зоричев
surname	зоркальцев
surname	зорькин
surname	зосимов
surname	зотиков
surname	зотин
surname	зотов
surname	зощенко
surname	зражевский
surname	зубакин
surname	зубаков
surname	зубарев
surname	зубенко
surname	зубков
surname	зубов
surname	зуев
surname	зурабов
surname	зыбин
surname	зыкин
surname	зырянов
surname	зысманов
surname	зюганов
surname	зюзин
surname	зяблицев
surname	ибрагимбеков
surname	ибрагимов
surname	ибсен
surname	ивакин
surname	иваненко
surname	иванихин
surname	иваницкий
surname	иванков
surname	иванов
surname	иванов-петров
surname	ивантаев
surname	иванушкин
surname	иванцов
surname	иванченко
surname	иванчук
surname	иванько
surname	ивашевский
surname	ивашов
surname	иващенко
surname	ивинский
surname	ивлев
surname	игнатенко
surname	игнатков
surname	игнатов
surname	игнатьев
surname	игнатюк
surname	игнашин
surname	игонин
surname	игрунов
surname	игумнов
surname	иевлев
surname	изгаршев
surname	измайлов
surname	изотов
surname	иконников
surname	икрянинский
surname	илишевский
surname	илларионов
surname	ильев
surname	ильин
surname	ильф
surname	ильчин
surname	ильюшенко
surname	ильюшин
surname	ильющенко
surname	ильяшов
surname	илюмжинов
surname	илюхин
surname	илюшенко
surname	илюшин
surname	имедоев
surname	индинок
surname	иноземцев
surname	ионеско
surname	ионов
surname	иорданский
surname	ипатов
surname	ипатьев
surname	иркенеев
surname	исаев
surname	исайченков
surname	исаков
surname	исаковский
surname	исаченко
surname	исмагилов
surname	истомин
surname	истратов
surname	исупов
surname	исхаков
surname	иудин
surname	ишаев
surname	ишмуратов
surname	ищенко
surname	йордан
surname	кабаев
surname	кабаков
surname	кабалье
surname	кабанков
surname	кабанов
surname	кабанский
surname	кабелев
surname	кабиров
surname	кабо
surname	кавазашвили
surname	каверин
surname	кагаловский
surname	каганович
surname	кадакин
surname	каданников
surname	кадачигов
surname	кадашевский
surname	каддафи
surname	кадников
surname	кадниковский
surname	кадыров
surname	кажлаев
surname	казаков
surname	казаковцев
surname	казанник
surname	казанский
surname	казанцев
surname	казарин
surname	казаров
surname	казенин
surname	казимиров
surname	казин
surname	казьмин
surname	каифа
surname	кайманов
surname	каландарашвили
surname	калашкин
surname	калашников
surname	калганский
surname	калгашкин
surname	каледин
surname	калинин
surname	калиниченко
surname	калиостро
surname	калистратов
surname	калита
surname	каллас
surname	калманский
surname	калмыков
surname	калоев
surname	калугин
surname	кальтенбруннер
surname	кальтлуфт
surname	кальцатый
surname	калягин
surname	камадеев
surname	камелин
surname	каменев
surname	каменский
surname	каменщиков
surname	каминский
surname	каммерер
surname	камышинский
surname	камю
surname	кан
surname	канавкин
surname	канаев
surname	канделаки
surname	кандинский
surname	каневский
surname	канелис
surname	кант
surname	кантор
surname	капица
surname	каплан
surname	каплунов
surname	капралов
surname	каприати
surname	капустин
surname	капырин
surname	кара-сал
surname	карабанов
surname	караваев
surname	караганов
surname	караджич
surname	караев
surname	каракозов
surname	карамазов
surname	карамзин
surname	карамурза
surname	карамышев
surname	карапетян
surname	карасев
surname	карастин
surname	карасук
surname	караулов
surname	караченцов
surname	карачинский
surname	карачурин
surname	караян
surname	карбышев
surname	каргалин
surname	каргин
surname	карданов
surname	кардинале
surname	карев
surname	карелин
surname	карелов
surname	каренин
surname	каретников
surname	каримов
surname	каринский
surname	карлин
surname	карлов
surname	карлос
surname	кармоков
surname	карнаух
surname	карнаухов
surname	карнеги
surname	карнилин
surname	карпеев
surname	карпенко
surname	карпеченко
surname	карпинский
surname	карпов
surname	карпунин
surname	карпухин
surname	карташов
surname	картер
surname	карулин
surname	карцев
surname	карякин
surname	касаев
surname	касаткин
surname	касатонов
surname	каспаров
surname	касперский
surname	кастаки
surname	кастанье
surname	кастро
surname	касымов
surname	касьянов
surname	касюк
surname	катаев
surname	катальников
surname	катанов
surname	катарин
surname	катренко
surname	катуков
surname	катулл
surname	катырин
surname	катышкин
surname	кауров
surname	кауфман
surname	кафельников
surname	кафка
surname	кац
surname	каценеленбоген
surname	кацнельсон
surname	качалов
surname	качанов
surname	кашенок
surname	кашепов
surname	кашинцев
surname	кашкин
surname	кашперов
surname	кашпировский
surname	каштак
surname	кашутин
surname	кван
surname	квартин
surname	квасов
surname	кваша
surname	квашнин
surname	кветков
surname	кеглер
surname	кейзе
surname	кекин
surname	келдыш
surname	келлер
surname	келли
surname	кемпбелл
surname	кениг
surname	кеннеди
surname	кент
surname	кеплер
surname	керенский
surname	керестеджиянц
surname	кержаков
surname	керзон
surname	керри
surname	кеттлер
surname	кецарис
surname	кечкин
surname	кибальчич
surname	кибирев
surname	киквидзе
surname	ким
surname	кинг
surname	кинелев
surname	кио
surname	кипенев
surname	киплинг
surname	киракосов
surname	киреев
surname	киреевский
surname	киренский
surname	кириенко
surname	кириленко
surname	кириченко
surname	киркегор
surname	киркоров
surname	киров
surname	кирпичников
surname	киселёв
surname	кисин
surname	кислицын
surname	кислов
surname	кислюк
surname	кисляк
surname	кисляков
surname	китаев
surname	китайгородский
surname	китоусов
surname	китс
surname	кихот
surname	киц
surname	кишкинев
surname	клебанов
surname	клевцов
surname	клейман
surname	клейменов
surname	клейн
surname	клекотов
surname	клетнянский
surname	кли
surname	клийстерс
surname	климантов
surname	клименко
surname	климентьев
surname	климов
surname	клиневич
surname	клини
surname	клинтон
surname	клодт
surname	клочков
surname	клюев
surname	ключарев
surname	ключевский
surname	книппер-чехов
surname	кнут
surname	кныш
surname	княжевич
surname	князев
surname	кобелев
surname	кобец
surname	кобзев
surname	кобзон
surname	кобрин
surname	кобылкин
surname	ковалевский
surname	коваленко
surname	ковальский
surname	ковальченко
surname	ковальчук
surname	ковалёв
surname	коведяев
surname	ковин
surname	ковлягин
surname	ковригин
surname	ковченко
surname	ковшев
surname	ковязин
surname	коган
surname	когатько
surname	коданев
surname	кодзоев
surname	кожанов
surname	кожевников
surname	кожедуб
surname	кожемякин
surname	кожин
surname	кожокин
surname	кожухов
surname	кожуховский
surname	кожушко
surname	козадаев
surname	козаев
surname	козак
surname	козаков
surname	козарев
surname	козерадский
surname	козин
surname	козлов
surname	козловский
surname	козырев
surname	козьмин
surname	койгородский
surname	кок
surname	кокин
surname	коков
surname	коковихин
surname	коконин
surname	кокорев
surname	кокорин
surname	кокошин
surname	колбасов
surname	колдышкин
surname	колеватов
surname	колезнев
surname	колеров
surname	колесников
surname	колесниченко
surname	колесов
surname	колин
surname	колмаков
surname	колмогоров
surname	колобаев
surname	колобов
surname	колов
surname	колодкин
surname	колодяжный
surname	колоколов
surname	коломаев
surname	коломейцев
surname	колосов
surname	колосовский
surname	колотилов
surname	колотушкин
surname	колпаков
surname	колпашевский
surname	колтунов
surname	колумб
surname	колцун
surname	колчак
surname	колчин
surname	кольцов
surname	кольчугин
surname	кольчугинский
surname	кольчурин
surname	колюшин
surname	комаров
surname	комаровский
surname	комиссаржевский
surname	комиссаров
surname	комов
surname	комчатов
surname	конашевич
surname	кондаков
surname	кондратенко
surname	кондратов
surname	кондратьев
surname	кондратюк
surname	кондрахин
surname	кондрашев
surname	кондрашов
surname	кондрашёв-иванов
surname	конев
surname	коновалов
surname	кононов
surname	конончук
surname	коноплянников
surname	коноплёв
surname	коноров
surname	константинов
surname	концев
surname	конышевский
surname	копаев
surname	копейкин
surname	копелев
surname	копнев
surname	копперфильд
surname	копсов
surname	коптев
surname	копылов
surname	корабельщиков
surname	корастелев
surname	корбюзье
surname	корвалан
surname	корвин-круковский
surname	кордон
surname	кордонец
surname	корелов
surname	корельский
surname	коренев
surname	корепанов
surname	коржаков
surname	корин
surname	корнев
surname	корнеев
surname	корниенко
surname	корнилов
surname	корнуков
surname	коробкин
surname	коробов
surname	коробченко
surname	коровин
surname	коровников
surname	коровьев
surname	короленко
surname	короленков
surname	корольков
surname	королёв
surname	коромыслов
surname	коростин
surname	коротаев
surname	коротков
surname	корриган
surname	корсаков
surname	корсиков
surname	кортасар
surname	кортес
surname	корчагин
surname	корченко
surname	коршунов
surname	корытин
surname	корякин
surname	косарев
surname	косвен
surname	косенко
surname	косиков
surname	косилов
surname	косицын
surname	косолапов
surname	костандик
surname	костенко
surname	костенков
surname	костенюк
surname	костерин
surname	костиков
surname	костин
surname	костицын
surname	костов
surname	костоев
surname	костомаров
surname	костромыдин
surname	костылев
surname	костырко
surname	костычев
surname	костюк
surname	костюков
surname	костюнин
surname	костюткин
surname	косыгин
surname	косых
surname	котелкин
surname	котелов
surname	котельников
surname	котенков
surname	котков
surname	котлов
surname	котляков
surname	котляр
surname	котляров
surname	котов
surname	коулмэн
surname	кох
surname	кочегаров
surname	кочеров
surname	кочетков
surname	кочкуров
surname	кочновский
surname	кочубей
surname	кошев
surname	кошелев
surname	кошкин
surname	коштуница
surname	коэн
surname	крав
surname	кравец
surname	кравцов
surname	кравченко
surname	кравчук
surname	краевский
surname	кралов
surname	крамаров
surname	крамер
surname	крамник
surname	кранц
surname	красавин
surname	красавкин
surname	красавченко
surname	красиков
surname	красильников
surname	красильщиков
surname	красин
surname	красицкий
surname	красников
surname	красницкий
surname	краснов
surname	краснопивцев
surname	краснопёров
surname	красноруцкий
surname	красносельских
surname	краснояров
surname	красных
surname	краснянский
surname	красовский
surname	красюк
surname	кратенко
surname	крашенинников
surname	краюшкин
surname	кремлев
surname	креснин
surname	крестецкий
surname	крестьянинов
surname	кржижановский
surname	кривельский
surname	кривенков
surname	кривов
surname	криворотов
surname	криворучко
surname	кривошеинский
surname	кривулин
surname	кривцов
surname	кривченко
surname	кригер
surname	кримнус
surname	кристенс
surname	кристи
surname	криулин
surname	крицын
surname	кричев
surname	кропоткин
surname	кротов
surname	кроули
surname	крохин
surname	кругликов
surname	круглов
surname	круз
surname	крузенштерн
surname	крупнов
surname	крупский
surname	крус
surname	крутиков
surname	крутицкий
surname	крутой
surname	кручёных
surname	крушильницкий
surname	крыжевич
surname	крылов
surname	крымов
surname	крымшамхалов
surname	крюгер
surname	крюков
surname	крючков
surname	кряжков
surname	ксенофонтов
surname	кубарев
surname	кубенко
surname	куваев
surname	кувшинов
surname	кугультинов
surname	кудеяров
surname	кудимов
surname	кудинов
surname	кудрин
surname	кудринский
surname	кудрявцев
surname	кудряшов
surname	кудюкин
surname	кузенков
surname	кузнецов
surname	кузык
surname	кузькин
surname	кузьменко
surname	кузьмин
surname	кузьминский
surname	кузьмицкий
surname	кузьмичёв
surname	кузьмоловский
surname	кузякин
surname	кук
surname	кукин
surname	кукоцкий
surname	кукура
surname	кукушкин
surname	кулагин
surname	кулаженков
surname	кулаковский
surname	кулешов
surname	кулигин
surname	кулик
surname	куликов
surname	куликовский
surname	кулистиков
surname	куличков
surname	кулматов
surname	кулов
surname	кульбака
surname	кульчицкий
surname	кунгаев
surname	куник
surname	кунин
surname	купала
surname	купер
surname	куприн
surname	куприянов
surname	куприяновский
surname	купцов
surname	кураев
surname	кураков
surname	курбатов
surname	куренинов
surname	куренцов
surname	куркин
surname	курков
surname	куркулия
surname	курлин
surname	курляндский
surname	курников
surname	курносов
surname	куропатов
surname	куросава
surname	курочкин
surname	курцер
surname	курчатов
surname	курышев
surname	курятников
surname	курёхин
surname	куталов
surname	кутафин
surname	кутейкин
surname	куторга
surname	кутузов
surname	куценко
surname	кучерена
surname	кучеренко
surname	кучма
surname	кушнер
surname	кушнерук
surname	куэртен
surname	куюмский
surname	кэмерон
surname	кэрролл
surname	кюри
surname	кюхельбекер
surname	кянукук
surname	лав
surname	лаверов
surname	лавин
surname	лавочкин
surname	лавренов
surname	лаврентьев
surname	лавров
surname	лавровский
surname	лагарпов
surname	лагунов
surname	лагутин
surname	ладыгин
surname	лазарев
surname	лазаренко
surname	лазо
surname	лазутин
surname	лазуткин
surname	лазутов
surname	лайкам
surname	лакшин
surname	ламайер
surname	ламе
surname	ламов
surname	ландау
surname	ландесман
surname	ланкин
surname	ланэ
surname	лаперуз
surname	лапидус
surname	лаплас
surname	лаптев
surname	лапченков
surname	лапшин
surname	ларин
surname	ларионов
surname	ларионцев
surname	ларицкий
surname	ларсен
surname	ларцев
surname	латкин
surname	латунский
surname	латышев
surname	лафатер
surname	лахов
surname	лебедев
surname	лебединский
surname	лебедков
surname	лебезятников
surname	левиев
surname	левин
surname	левинтон
surname	левитан
surname	левитанский
surname	левитин
surname	левитский
surname	левицкий
surname	левичев
surname	левкин
surname	левченко
surname	левшин
surname	ледков
surname	леднев
surname	ледовский
surname	леже
surname	лежиков
surname	лежневский
surname	лейбниц
surname	лейзаренко
surname	лекомцев
surname	леконцев
surname	лемешев
surname	лемешов
surname	ленард
surname	ленин
surname	леннон
surname	ленский
surname	ленц
surname	леонидов
surname	леонов
surname	леонтьев
surname	леонтьевский
surname	леончев
surname	лепаков
surname	лепешинский
surname	лепёхин
surname	лермонтов
surname	лесин
surname	лесков
surname	лесневский
surname	лессинг
surname	лествичник
surname	летков
surname	летов
surname	леушкин
surname	лещенко
surname	ли
surname	либерман
surname	либкнехт
surname	ливинцов
surname	лившиц
surname	лигачёв
surname	ликоспастов
surname	лилович
surname	лимонов
surname	линдгрен
surname	линев
surname	линенко
surname	линкольн
surname	линник
surname	линч
surname	липатов
surname	липицкий
surname	липман
surname	липняков
surname	лисецкий
surname	лисицкий
surname	лисицын
surname	лисичкин
surname	лисневский
surname	лисон
surname	лисс
surname	лист
surname	листвинский
surname	листьев
surname	лисуренко
surname	литвак
surname	литвин
surname	литвиненко
surname	литвинов
surname	литвиновский
surname	литовцев
surname	литовченковский
surname	лифанов
surname	лифшиц
surname	лихачёв
surname	лиходеев
surname	лобанов
surname	лобановский
surname	лобачевский
surname	лобов
surname	лоборев
surname	логинов
surname	лодкин
surname	лодыгин
surname	лозинский
surname	лозовой
surname	лозовский
surname	лойко
surname	локтенко
surname	локтионов
surname	ломакин
surname	ломброзо
surname	ломинадзе
surname	ломов
surname	ломоносов
surname	лонской
surname	лончаков
surname	лопатин
surname	лопахин
surname	лопухин
surname	лоренц
surname	лори
surname	лорка
surname	лосев
surname	лосик
surname	лоскутов
surname	лоськов
surname	лосюков
surname	лотков
surname	лотман
surname	лоторев
surname	лотошинский
surname	лоуренс
surname	лошаков
surname	лощенков
surname	лощинин
surname	луазо
surname	луганович
surname	луговской
surname	лужков
surname	лукашев
surname	лукашенко
surname	лукашов
surname	лукашук
surname	лукианов
surname	лукин
surname	лукманов
surname	луконин
surname	лукьяненко
surname	лукьянов
surname	лукьянченко
surname	луначарский
surname	лунгин
surname	лунев
surname	лунтовский
surname	лупинский
surname	луховицкий
surname	луценко
surname	луцкий
surname	лучко
surname	лыжин
surname	лыкин
surname	лысенко
surname	лысов
surname	львов
surname	лэйкерс
surname	любарский
surname	любимов
surname	любищев
surname	люблинский
surname	людиновский
surname	люка
surname	люпер
surname	лявенко
surname	лягин
surname	лялинский
surname	ляпин
surname	ляпунов
surname	ляшко
surname	мавроди
surname	магар
surname	магеллан
surname	магнитский
surname	магницкий
surname	магомаев
surname	магомедов
surname	мадьяров
surname	маевский
surname	мажаров
surname	мажино
surname	мазур
surname	мазуров
surname	мазюкин
surname	майборода
surname	майер
surname	майкельсон
surname	майоров
surname	макаревич
surname	макаренко
surname	макаренцев
surname	макарик
surname	макаркин
surname	макаров
surname	макарьев
surname	макашов
surname	маквей
surname	маке
surname	македонский
surname	макеев
surname	маккейн
surname	макларен
surname	маклюков
surname	максаков
surname	максвелл
surname	максимов
surname	максимцев
surname	максудов
surname	макушин
surname	малакавичюс
surname	малафеев
surname	малахаткин
surname	малахов
surname	малашенко
surname	малевич
surname	маленков
surname	маленченко
surname	малер
surname	маликов
surname	малинин
surname	малиновский
surname	малкин
surname	малков
surname	малмыжский
surname	малов
surname	малыгин
surname	малыхин
surname	малышев
surname	малышенко
surname	малышков
surname	мальков
surname	мальцев
surname	малютин
surname	мамедов
surname	мамонов
surname	мамонтов
surname	мамочкин
surname	мамурин
surname	мамут
surname	манаев
surname	мананников
surname	мандельштам
surname	мандрыгин
surname	манежев
surname	манжосов
surname	манилов
surname	манин
surname	манишов
surname	мансуров
surname	манчини
surname	манштейн
surname	манякин
surname	марадудин
surname	маракушев
surname	марамышкин
surname	марвич
surname	маргиев
surname	марголин
surname	маргулис
surname	маре
surname	маринин
surname	маркелов
surname	маркидонов
surname	маркин
surname	марков
surname	маркс
surname	маркушев
surname	мартановский
surname	мартемьянов
surname	мартинсон
surname	мартиросян
surname	мартовицкий
surname	мартыненко
surname	мартынов
surname	мартынюк
surname	мартюшев
surname	марутян
surname	марущак
surname	мархлевский
surname	марченко
surname	марчук
surname	маршак
surname	маршалл
surname	маршев
surname	марычев
surname	марьин
surname	марьяновский
surname	марьясин
surname	масарский
surname	маслагин
surname	маслаченко
surname	маслов
surname	маслюков
surname	мастройяни
surname	масхадов
surname	масюк
surname	матвеев
surname	матвиенко
surname	матеров
surname	матисс
surname	маточкин
surname	матросов
surname	матюнин
surname	матюхин
surname	матюшевский
surname	матюшенко
surname	матюшов
surname	матяшов
surname	маутхаузен
surname	махарадзе
surname	махиянов
surname	махмудов
surname	махмутов
surname	махоткин
surname	машеров
surname	машин
surname	машинский
surname	машков
surname	машковцев
surname	мащиц
surname	мащук
surname	маяковский
surname	медведев
surname	медведко
surname	меденцов
surname	медиков
surname	мединский
surname	медичи
surname	медков
surname	меднев
surname	мезенцев
surname	мезонье
surname	мейджор
surname	мейерхольд
surname	меклер
surname	мелащенко
surname	мелентьев
surname	мелешин
surname	мелик-шахназаров
surname	меликьян
surname	меллер
surname	мелько
surname	мельков
surname	мельников
surname	мелюхин
surname	мемозов
surname	мемячкин
surname	менглет
surname	менделевич
surname	менделеев
surname	менжинский
surname	мензбир
surname	менинг
surname	менковский
surname	менухин
surname	меньшиков
surname	меньшов
surname	мережковский
surname	меремянин
surname	мерзляков
surname	меркель
surname	меркулов
surname	меркурьев
surname	меркушкин
surname	меркьюри
surname	метальников
surname	метлицкий
surname	мечников
surname	мешалкин
surname	мещанов
surname	мигранян
surname	мигунов
surname	мижурицкий
surname	мизинчиков
surname	мизулин
surname	микитаев
surname	миклашевский
surname	микоян
surname	микулин
surname	микучяускас
surname	миллер
surname	миловидов
surname	миловский
surname	милон
surname	милосердов
surname	милославский
surname	милошевич
surname	мильруд
surname	мильтон
surname	мильштейн
surname	милюков
surname	милютин
surname	милявский
surname	минаев
surname	минаков
surname	мингалев
surname	миндадзе
surname	минеев
surname	минжуренко
surname	минин
surname	минкин
surname	минниханов
surname	минский
surname	мирзоев
surname	мирзоян
surname	мироненко
surname	миронов
surname	миронцев
surname	мирончук
surname	мирошников
surname	мирошниченко
surname	мирсагатов
surname	мирсаев
surname	мисник
surname	митин
surname	митичкин
surname	митков
surname	митник
surname	митрофанов
surname	митрохин
surname	митрошин
surname	митта
surname	миттеран
surname	митьков
surname	митюков
surname	митяев
surname	мифтахов
surname	мифтахутдинов
surname	михайличенко
surname	михайлов
surname	михайлюк
surname	михалков
surname	михальков
surname	михальченко
surname	михалёв
surname	михеев
surname	михоэлс
surname	мицкевич
surname	мичурин
surname	мишенков
surname	мишин
surname	мишнев
surname	мишустин
surname	мищенко
surname	мищенков
surname	мищук
surname	мкртчян
surname	младич
surname	мнишек
surname	мовшович
surname	могилевский
surname	моденов
surname	модильяни
surname	модин
surname	можейко
surname	можин
surname	моисеев
surname	моисеенко
surname	мокроусов
surname	мокшанов
surname	мологонцев
surname	молоков
surname	молоствов
surname	молотков
surname	молотов
surname	молчанов
surname	мольер
surname	момджян
surname	монастырский
surname	моне
surname	монидзе
surname	монро
surname	монталенти
surname	монтгомери
surname	монте-кристо
surname	монцев
surname	мопассан
surname	моравиа
surname	морган
surname	мордасов
surname	мордовалов
surname	мордюков
surname	мориарти
surname	мориц
surname	мороз
surname	морозов
surname	моррисон
surname	моруа
surname	морщаков
surname	москаленко
surname	москалёв
surname	москвин
surname	москвитин
surname	москвичев
surname	московский
surname	московчук
surname	мостовской
surname	мота
surname	мохов
surname	моцарт
surname	мочалов
surname	мошенко
surname	мошенский
surname	муатесье
surname	мугабе
surname	мудряк
surname	музруков
surname	музыкантский
surname	муксинов
surname	мулланур
surname	мур
surname	муравлёв
surname	муравьёв
surname	мурадов
surname	мураками
surname	муралов
surname	муранов
surname	мураткин
surname	муратов
surname	мурашев
surname	муринов
surname	муромский
surname	муромцев
surname	мусатов
surname	мусин
surname	мусоргский
surname	муссолини
surname	мустафаев
surname	мустыгин
surname	мухамедьяров
surname	мухаметшин
surname	мухарский
surname	мухин
surname	муштаков
surname	мыльников
surname	мыров
surname	мыскин
surname	мысляев
surname	мышкин
surname	мэтлок
surname	мюллер
surname	мюррей
surname	мягков
surname	мясин
surname	мясищев
surname	мясоедов
surname	мячин
surname	мёбиус
surname	мёрдок
surname	набиев
surname	набоков
surname	навальный
surname	навоша
surname	наговицын
surname	надвоицкий
surname	наделашин
surname	надсон
surname	нажаев
surname	назарбаев
surname	назаренко
surname	назаркин
surname	назаров
surname	назарчук
surname	наздратенко
surname	найденов
surname	найман
surname	найчуков
surname	накаряков
surname	наливкин
surname	наматжира
surname	нансен
surname	напалков
surname	наполитано
surname	наролин
surname	нарсков
surname	нарусов
surname	нарышкин
surname	насонов
surname	натальчук
surname	наумов
surname	нахимов
surname	небельсен
surname	неверов
surname	невзоров
surname	невский
surname	недвецкий
surname	неделин
surname	неелов
surname	нежданов
surname	незнамов
surname	нейман
surname	неклюдов
surname	некрасов
surname	нелюбин
surname	немирович
surname	немцов
surname	немчинов
surname	нержин
surname	нерознак
surname	несветаев
surname	несмеянов
surname	нессельрод
surname	нестеренко
surname	нестеров
surname	нестеровский
surname	нетаньяху
surname	неудобнов
surname	неумолимов
surname	неумывакин
surname	нефёдов
surname	нехлюдов
surname	нечаев
surname	нечипоренко
surname	нешумов
surname	нигкоев
surname	никандров
surname	никитин
surname	никитинский
surname	никитичев
surname	никитников
surname	никитовский
surname	никитчук
surname	никифоренко
surname	никифоров
surname	никишин
surname	николаев
surname	николаенко
surname	никологорский
surname	никольский
surname	никонов
surname	никулин
surname	никуличев
surname	нимаев
surname	ницше
surname	нобель
surname	новакович
surname	новиков
surname	новицкий
surname	новожилов
surname	новосельцев
surname	новосёлов
surname	ногин
surname	ножиков
surname	ножников
surname	ножов
surname	ноздрин
surname	нонака
surname	норденшёльд
surname	норкин
surname	норман
surname	носинов
surname	носков
surname	носов
surname	носырев
surname	ноткин
surname	ночкин
surname	нуйкин
surname	нуланд
surname	нуриахметов
surname	нуриев
surname	нурмухаметов
surname	нуруллин
surname	ньютон
surname	нюнин
surname	обама
surname	обертышев
surname	обиняков
surname	обломов
surname	оболенский
surname	образцов
surname	обухов
surname	ованесов
surname	оверхаузер
surname	оверченко
surname	овечкин
surname	овинников
surname	овсиенко
surname	овсянкин
surname	овсянников
surname	овчаренко
surname	овчаров
surname	овчарук
surname	овченков
surname	овчинников
surname	оганезов
surname	оганесян
surname	огарков
surname	огибалов
surname	огинский
surname	оглоблин
surname	огнев
surname	огольцов
surname	огрызков
surname	огурцов
surname	одинцов
surname	однодворцев
surname	одоев
surname	одоевский
surname	одоевцев
surname	ожогин
surname	озерецковский
surname	озеров
surname	ойкин
surname	оккам
surname	окороков
surname	окуджава
surname	окулов
surname	окунев
surname	окуневский
surname	окуньков
surname	олеандров
surname	олейник
surname	олейников
surname	олефиренко
surname	олеша
surname	олешкевич
surname	оливье
surname	олимпиев
surname	олланд
surname	олонцев
surname	ольгин
surname	ольховиков
surname	ольховский
surname	ольшанский
surname	олюнин
surname	омелько
surname	омельченко
surname	омельчук
surname	онегин
surname	онипченко
surname	онищенко
surname	оноприенко
surname	онопченко
surname	онуфриев
surname	онуфриенко
surname	ооржак
surname	опанасенко
surname	опенышев
surname	оразов
surname	орджоникидзе
surname	ордынцев
surname	орешкин
surname	орликов
surname	орлов
surname	оруэлл
surname	осадчук
surname	осборн
surname	осин
surname	осипенко
surname	осипкин
surname	осипов
surname	осипчук
surname	осипьян
surname	осколупов
surname	осмаев
surname	осмоловский
surname	осовцов
surname	осокин
surname	осолихин
surname	осоргин
surname	оссор
surname	останин
surname	остапенко
surname	остапов
surname	остапченко
surname	остапчук
surname	остер
surname	остин
surname	островенко
surname	островитянов
surname	островой
surname	островский
surname	остромецкий
surname	остроумов
surname	оськин
surname	осьмин
surname	осьминин
surname	осьмиченко
surname	осянин
surname	отрудько
surname	оуэн
surname	офштейн
surname	охапкин
surname	охлопков
surname	охотников
surname	охримчук
surname	очередько
surname	очин
surname	очиров
surname	очкин
surname	ошанин
surname	ошаров
surname	ошмарин
surname	павельев
surname	павич
surname	павленко
surname	павликов
surname	павлинов
surname	павлов
surname	павловский
surname	павлухин
surname	павлюк
surname	павлюков
surname	павлюхин
surname	павлюченко
surname	павля
surname	паин
surname	пакин
surname	паламарчук
surname	палкин
surname	пальгов
surname	пальцев
surname	пальчин
surname	палютин
surname	памфилов
surname	панарин
surname	панасенко
surname	панасюк
surname	панин
surname	панкеев
surname	панкин
surname	панкратов
surname	панкратьев
surname	панов
surname	пансков
surname	пантелеев
surname	пантелеймонов
surname	пантюхин
surname	панфилкин
surname	панфилов
surname	панфёров
surname	панцырев
surname	панченко
surname	панчук
surname	паншин
surname	панькин
surname	паньшин
surname	панюшкин
surname	папаев
surname	папандреу
surname	папанин
surname	папанов
surname	паперный
surname	папернюк
surname	папп
surname	папсуев
surname	папырин
surname	параджанов
surname	парадиз
surname	парамонов
surname	парамонцев
surname	парамошкин
surname	параскевов
surname	парасюк
surname	парахин
surname	парето
surname	паринов
surname	паркер
surname	паркин
surname	паркинсон
surname	пармененков
surname	партыньский
surname	парунин
surname	парфененко
surname	парфентьев
surname	парфиров
surname	парфёнов
surname	пархоменко
surname	пархомчук
surname	паршаков
surname	паршенцев
surname	паршин
surname	паскевич
surname	паскин
surname	пастер
surname	пастернак
surname	пастухов
surname	пастуховский
surname	пастушенко
surname	пасько
surname	патракеев
surname	патрикеев
surname	патрушев
surname	пауков
surname	паулюс
surname	паустовский
surname	пахмутов
surname	пахомкин
surname	пахомов
surname	пахтусов
surname	пачин
surname	пачоли
surname	пашаев
surname	пашенных
surname	пашенцев
surname	пашин
surname	пашинин
surname	пашинкин
surname	пашинцев
surname	пашкевич
surname	пашкин
surname	пашков
surname	пашутинский
surname	пашуто
surname	пащенко
surname	певзнер
surname	певкин
surname	певнев
surname	певцов
surname	пеклецов
surname	пекшин
surname	пелевин
surname	пеленкин
surname	пелипейко
surname	пелипенко
surname	пелишенко
surname	пельменев
surname	пен
surname	пенкин
surname	пеньков
surname	первозванный
surname	первухин
surname	первушин
surname	перевалов
surname	перевезенцев
surname	перевозченко
surname	перегонцев
surname	передонов
surname	передреев
surname	пережогин
surname	перелейвода
surname	перельман
surname	перепелицын
surname	перепёлкин
surname	перес
surname	пересыпкин
surname	перминов
surname	пермяков
surname	перов
surname	перовский
surname	перунов
surname	перфильев
surname	перчаткин
surname	перчян
surname	песков
surname	петелин
surname	петин
surname	петипа
surname	петков
surname	петлюченко
surname	петошин
surname	петраков
surname	петрарка
surname	петрасов
surname	петренко
surname	петричевич
surname	петриченко
surname	петрищев
surname	петров
surname	петровский
surname	петронавичус
surname	петросян
surname	петроченко
surname	петрунин
surname	петрухин
surname	петрушевский
surname	петрушин
surname	петрушкин
surname	петрущенко
surname	петунин
surname	петухов
surname	петяшин
surname	пехтин
surname	печалин
surname	печенев
surname	печенегин
surname	печерин
surname	печеркин
surname	печкин
surname	печорин
surname	печуркин
surname	печёнкин
surname	пешков
surname	пештмалджян
surname	пещерский
surname	пиварчук
surname	пивкин
surname	пивненко
surname	пивнюк
surname	пивоваров
surname	пивоварчук
surname	пидкасистый
surname	пикассо
surname	пикин
surname	пиксон
surname	пилат
surname	пилипенко
surname	пилипченко
surname	пилипчук
surname	пильняк
surname	пилюгин
surname	пилявский
surname	пилягин
surname	пиманов
surname	пименов
surname	пимошенко
surname	пинаев
surname	пинегин
surname	пинкертон
surname	пиночет
surname	пинскер
surname	пинчук
surname	пиотровский
surname	пирогов
surname	пироговский
surname	пирсов
surname	пирумов
surname	писарев
surname	писаренко
surname	писарчук
surname	писемский
surname	пискарёв
surname	пискун
surname	пискунов
surname	писцов
surname	питерсон
surname	питиримов
surname	питкевич
surname	пихоя
surname	пичугин
surname	пищаев
surname	пищугин
surname	пияшев
surname	плавский
surname	плаксин
surname	планк
surname	платов
surname	платонов
surname	платонцев
surname	плахин
surname	плахов
surname	плевако
surname	пленкин
surname	плетнёв
surname	плеханов
surname	плечко
surname	плешаков
surname	плешивцев
surname	плещеев
surname	плигин
surname	плиев
surname	плисецкий
surname	плоткин
surname	плотников
surname	плугатырев
surname	плюснин
surname	плющев
surname	плющенко
surname	плясунов
surname	по
surname	побегайло
surname	побединский
surname	победоносцев
surname	поваляев
surname	поваренко
surname	поваров
surname	погодин
surname	погорелкин
surname	погорелов
surname	погоржельский
surname	погосов
surname	погребщиков
surname	погудалин
surname	погудин
surname	подберёзкин
surname	подвойский
surname	подворотов
surname	подгорнов
surname	поддавашкин
surname	поддубный
surname	поделякин
surname	поденко
surname	подковырин
surname	подковыров
surname	подколзин
surname	подкопаев
surname	подмаско
surname	подражанец
surname	подрезов
surname	подуфалов
surname	подушкин
surname	подхалюзин
surname	подхватилин
surname	подцепилов
surname	подчуфаров
surname	подшивалкин
surname	подшивалов
surname	подъячев
surname	пожарский
surname	пожидаев
surname	позгалёв
surname	поздеев
surname	поздняков
surname	познер
surname	позняк
surname	пойковский
surname	покатилов
surname	поклевкин
surname	поклонцев
surname	покровский
surname	покрышкин
surname	полански
surname	полбин
surname	полдников
surname	полеванов
surname	полежаев
surname	поленов
surname	полетаев
surname	поливанов
surname	поликарпов
surname	полистовский
surname	политковский
surname	полищук
surname	поллыев
surname	половинкин
surname	половинко
surname	половников
surname	половцев
surname	полозов
surname	поломошнов
surname	полонников
surname	полонский
surname	полтавченко
surname	полторанин
surname	полторацкий
surname	полубенин
surname	полубенцев
surname	полубехин
surname	полубояров
surname	полувытнов
surname	полудин
surname	полукаров
surname	полунин
surname	полуничев
surname	полупанов
surname	полухин
surname	полушкин
surname	полуэктов
surname	полуянов
surname	полыгалов
surname	полынин
surname	полынкин
surname	полынов
surname	полысаев
surname	полявин
surname	поляев
surname	поляков
surname	поляничко
surname	полянский
surname	полянцев
surname	полянчук
surname	помазков
surname	помарский
surname	помельников
surname	померанцев
surname	поморжанский
surname	поморов
surname	помпей
surname	помятихин
surname	понасов
surname	пондяков
surname	понкратов
surname	понкратьев
surname	пономаревский
surname	пономаренко
surname	пономарёв
surname	понтрягин
surname	попков
surname	поплавский
surname	поплыгин
surname	попов
surname	поповичев
surname	поповкин
surname	попонин
surname	поприщин
surname	попцов
surname	порбажин
surname	порецков
surname	пороховщиков
surname	порошенко
surname	порошин
surname	портников
surname	портнов
surname	портнягин
surname	порунов
surname	порховский
surname	порше
surname	порядин
surname	порядочнов
surname	посейдон
surname	поскрёбышев
surname	посохин
surname	поспелов
surname	поставнев
surname	постников
surname	постнов
surname	постовалов
surname	постоев
surname	постышев
surname	посувалюк
surname	посылин
surname	потанин
surname	потанькин
surname	потапенко
surname	потапкин
surname	потапов
surname	потапушкин
surname	потаров
surname	потатуев
surname	потахов
surname	поташников
surname	поташов
surname	потелин
surname	потемин
surname	потетенькин
surname	потехин
surname	потокин
surname	потоков
surname	потоскаев
surname	потоцкий
surname	потрихаев
surname	потрохов
surname	потрошилин
surname	потрясов
surname	поттер
surname	потулов
surname	потушанский
surname	потылицын
surname	потяин
surname	потякин
surname	потёмкин
surname	похвистневский
surname	похмелкин
surname	походин
surname	похожаев
surname	похолков
surname	поцелуев
surname	почаев
surname	почекуев
surname	поченикин
surname	почернин
surname	почетов
surname	почивалов
surname	почикаев
surname	почикеев
surname	починок
surname	починяев
surname	почкин
surname	пошелюжный
surname	правдин
surname	правдюк
surname	правушин
surname	празозин
surname	прапорщиков
surname	праудин
surname	преженников
surname	преженов
surname	премьяк
surname	пресли
surname	преснов
surname	преснухин
surname	пресняков
surname	пржевальский
surname	пржездомский
surname	прибегин
surname	прибылов
surname	прибыльнов
surname	прибыткин
surname	привалов
surname	привезенцев
surname	привольненский
surname	приезжев
surname	призван-соколов
surname	призенцов
surname	приказчиков
surname	прилепин
surname	прилепский
surname	прилипко
surname	примаков
surname	припышминский
surname	приставкин
surname	присухин
surname	присяжнюк
surname	приходько
surname	причард
surname	пришвин
surname	провоторов
surname	проди
surname	прозоркевич
surname	прозоров
surname	прозоровский
surname	прозуменщиков
surname	проконов
surname	проконцев
surname	прокопенко
surname	прокопец
surname	прокопов
surname	прокопчук
surname	прокопьев
surname	прокофьев
surname	прокубовский
surname	прокудин
surname	промзенцев
surname	промптов
surname	пронин
surname	пронников
surname	пронцев
surname	пронякин
surname	проскурин
surname	проскуряков
surname	просолупов
surname	простаков
surname	протасов
surname	протозонов
surname	протопопов
surname	проут
surname	проханов
surname	прохарчин
surname	прохоров
surname	прохоровский
surname	прохорчук
surname	прохорычев
surname	процюк
surname	прошечкин
surname	прошин
surname	прошкин
surname	прощаев
surname	прудаев
surname	прудкин
surname	прудков
surname	прудковский
surname	прудников
surname	прусак
surname	прусов
surname	пруст
surname	прядкин
surname	прямицин
surname	прямухин
surname	пряничников
surname	прянишников
surname	прянчиков
surname	пряхин
surname	псарев
surname	пташкин
surname	птицын
surname	птичкин
surname	пуаре
surname	пугачёв
surname	пугин
surname	пуговкин
surname	пудовкин
surname	пузановский
surname	пузынин
surname	пулатов
surname	пульнов
surname	пуляев
surname	пумпянский
surname	пупонин
surname	пупырев
surname	пургалин
surname	пуришкевич
surname	пуркаев
surname	пустовалов
surname	пустовойт
surname	путилин
surname	путилов
surname	путин
surname	путов
surname	пухалев
surname	пухтеев
surname	пуччини
surname	пушкарёв
surname	пушкин
surname	пушмуцов
surname	пушной
surname	пчелинцев
surname	пчеляков
surname	пчёлкин
surname	пшеницын
surname	пшеничников
surname	пыжов
surname	пылаев
surname	пылев
surname	пылинин
surname	пылов
surname	пыльнев
surname	пыльцин
surname	пыльченков
surname	пырьев
surname	пытин
surname	пышнов
surname	пьецух
surname	пьявко
surname	пьянков
surname	пэйлин
surname	пятаев
surname	пятаков
surname	пятанин
surname	пятилышнов
surname	пяткин
surname	пятницкий
surname	пятунин
surname	пятчиц
surname	рабданов
surname	рабле
surname	работяжев
surname	равенский
surname	рагозин
surname	рагулин
surname	раджабов
surname	радзевич
surname	радзинский
surname	радзишевский
surname	радионов
surname	радищев
surname	радищевский
surname	радкевич
surname	радовский
surname	радонежский
surname	радонцев
surname	радугин
surname	радчевский
surname	радченко
surname	радько
surname	раевский
surname	ражетдинов
surname	развалов
surname	развин
surname	разводовский
surname	разгильдяев
surname	разгонин
surname	раздин
surname	раздобреев
surname	раздухов
surname	разживин
surname	разин
surname	разлогов
surname	размахнин
surname	разов
surname	разуваев
surname	разуванов
surname	разуменский
surname	разумкин
surname	разумов
surname	разумцев
surname	разутдинов
surname	разыграев
surname	раимов
surname	райкин
surname	райков
surname	райнгольд
surname	райт
surname	ракитин
surname	ракитов
surname	ракитянский
surname	раков
surname	ракушин
surname	рамазанов
surname	рамсков
surname	рангулов
surname	ранкович
surname	ранчин
surname	рапирский
surname	рапопорт
surname	рапота
surname	раппопорт
surname	расколупов
surname	раскольников
surname	расплетин
surname	распопин
surname	распопов
surname	распутин
surname	рассохин
surname	рассыпнов
surname	рассыхин
surname	растатурин
surname	растеряев
surname	расторгуев
surname	ратнер
surname	ратников
surname	раушенбах
surname	рахаев
surname	рахимов
surname	рахленко
surname	рахленков
surname	рахманинов
surname	рахманов
surname	рахматуллин
surname	рашидов
surname	рашмаджян
surname	ращупкин
surname	рвацкий
surname	ребров
surname	ревир
surname	ревунов
surname	регин
surname	редкин
surname	редькин
surname	редько
surname	резвецов
surname	резерфорд
surname	резник
surname	резников
surname	рейган
surname	рейнеке
surname	рейнольдс
surname	рейтер
surname	рейхерт
surname	ремарк
surname	ремарчук
surname	рембрандт
surname	ремизов
surname	ремизонцев
surname	ремнёв
surname	ренжин
surname	ренкин
surname	ренуар
surname	репин
surname	репкин
surname	рерих
surname	ресин
surname	реутов
surname	реформатский
surname	рехин
surname	рехлясов
surname	речебакиев
surname	решетилов
surname	решетников
surname	решетняк
surname	решетнёв
surname	решетов
surname	решихин
surname	решульский
surname	ржевский
surname	риббентроп
surname	рибера
surname	рид
surname	ризин
surname	риккати
surname	рикунов
surname	рильке
surname	римский
surname	римский-корсаков
surname	риттер
surname	рихтер
surname	риччи
surname	робертсон
surname	робинсон
surname	ровнин
surname	ровнов
surname	рогалев
surname	рогаткин
surname	рогачёв
surname	рогов
surname	роговский
surname	рогожкин
surname	рогозин
surname	рогушин
surname	родимов
surname	родимцев
surname	родинский
surname	родионов
surname	родман
surname	родригес
surname	родченков
surname	рождественский
surname	рожков
surname	рожнев
surname	рожнов
surname	розанов
surname	розенбаум
surname	розенберг
surname	розенблат
surname	розенгауз
surname	розенкеттер
surname	розенов
surname	розенфельд
surname	розенцвайг
surname	розинский
surname	розовский
surname	ройский
surname	ройтберг
surname	ройтблат
surname	ройтман
surname	рокецкий
surname	рокоссовский
surname	ролдугин
surname	ролин
surname	ролинг
surname	роллинг
surname	ромазин
surname	роман
surname	романенко
surname	романенков
surname	романов
surname	романовский
surname	романус
surname	романцев
surname	романюк
surname	ромахов
surname	ромашев
surname	ромашихин
surname	ромашкин
surname	ромашов
surname	ромм
surname	ромни
surname	ромнич
surname	ромодановский
surname	ромодин
surname	ромпе
surname	ронни
surname	ропня
surname	ростов
surname	ростовцев
surname	ростоцкий
surname	ростропович
surname	росштерн
surname	ротару
surname	ротко
surname	роттен
surname	ротшильд
surname	рохлин
surname	рочегов
surname	рощин
surname	рубанов
surname	рубахин
surname	рубенс
surname	рубин
surname	рубинштейн
surname	рублёв
surname	рубцов
surname	рудаков
surname	руденко
surname	рудигер
surname	рудик
surname	рудинштейн
surname	рузавин
surname	рузвельт
surname	рулье
surname	румянцев
surname	рунге
surname	русанов
surname	руссефф
surname	руссо
surname	руставели
surname	рухин
surname	рушайло
surname	рыбаков
surname	рыбалко
surname	рыбальский
surname	рыбальченко
surname	рыбасов
surname	рыбкин
surname	рыгалов
surname	рыжков
surname	рыжов
surname	рыжонков
surname	рыков
surname	рылеев
surname	рылов
surname	рыльский
surname	рымникский
surname	рыськов
surname	рэй
surname	рюмин
surname	рюриков
surname	рюхин
surname	рябенко
surname	рябинин
surname	рябинкин
surname	рябинский
surname	рябов
surname	рябухин
surname	рябчук
surname	ряжский
surname	рязанов
surname	рязанцев
surname	саакашвили
surname	сабелькин
surname	сабинин
surname	саблин
surname	сабуров
surname	саввин
surname	савели
surname	савельев
surname	савенко
surname	савенков
surname	савин
surname	савинов
surname	савицкий
surname	савонарола
surname	савостьянов
surname	савранский
surname	саврасов
surname	савцов
surname	савченко
surname	савчук
surname	сагалаев
surname	садовничий
surname	садонский
surname	садонцев
surname	садчиков
surname	саенко
surname	саетгалиев
surname	сажинов
surname	сазонов
surname	сайкин
surname	сайфуллин
surname	сайхин
surname	салазкин
surname	салахов
surname	сали
surname	саликов
surname	салимов
surname	салин
surname	салихов
surname	салмин
surname	салов
surname	салтанов
surname	салтыков
surname	салчак
surname	сальери
surname	сальников
surname	сальский
surname	самаранч
surname	самарин
surname	самойленко
surname	самойлов
surname	самородов
surname	самотесов
surname	самотечний
surname	самохвалов
surname	самохин
surname	самсонов
surname	самусев
surname	самуцевич
surname	самылов
surname	санглен
surname	санников
surname	сапегин
surname	сапелкин
surname	сапиро
surname	сапожников
surname	сапрыкин
surname	сапунов
surname	саранский
surname	саркози
surname	саровский
surname	сартр
surname	сарфати
surname	сарычев
surname	сарьян
surname	сатаров
surname	сатириади
surname	сафин
surname	сафонов
surname	сафонцев
surname	сафронов
surname	сафронцев
surname	сахаров
surname	сац
surname	сбитнев
surname	сванидзе
surname	сведенборг
surname	свенсон
surname	свердлов
surname	светкин
surname	светланов
surname	светлов
surname	светов
surname	свечин
surname	свечников
surname	свешников
surname	свидригайлов
surname	свинин
surname	свиридов
surname	свирин
surname	свирский
surname	свободин
surname	себенцов
surname	севанькаев
surname	севастьянов
surname	северцов
surname	северянин
surname	севрюгин
surname	седов
surname	седугин
surname	сезанн
surname	селезнёв
surname	селетков
surname	селиванов
surname	селиверстов
surname	селинов
surname	селюнин
surname	семаго
surname	семаев
surname	семашко
surname	семейкин
surname	семенко
surname	семенченко
surname	семеркин
surname	семигин
surname	семисотов
surname	семичастный
surname	семченков
surname	семёнов
surname	семёновский
surname	семёнычев
surname	сенека
surname	сенин
surname	сеничев
surname	сенкевич
surname	сенотрусов
surname	сент-экзюпери
surname	сенчагов
surname	сенявин
surname	сепелев
surname	сербиченко
surname	сервантес
surname	сергеев
surname	сергеенков
surname	сергиев
surname	сергиенко
surname	сергунин
surname	сердюков
surname	серебренников
surname	серебровский
surname	серебряков
surname	серебрянников
surname	середюк
surname	серков
surname	серов
surname	серошапка
surname	серпуховитин
surname	серяков
surname	серёгин
surname	сеславинский
surname	сеченов
surname	сечин
surname	сибгатуллин
surname	сибелиус
surname	сибирцев
surname	сиверс
surname	сивов
surname	сигарёв
surname	сиданко
surname	сидельников
surname	сиденко
surname	сидоренко
surname	сидоров
surname	сидорский
surname	сидорчук
surname	сикорский
surname	силаев
surname	силантьев
surname	силенко
surname	силин
surname	симадо
surname	симаков
surname	симдянов
surname	симеонов
surname	симонов
surname	симонцев
surname	симонькин
surname	симпсон
surname	синдеева
surname	синельников
surname	синенко
surname	синещеков
surname	синицын
surname	синичкин
surname	синявский
surname	сиренко
surname	сироткин
surname	сисакян
surname	ситнов
surname	сихарулидзе
surname	скадовский
surname	скалинов
surname	скари
surname	скварыш
surname	скворцов
surname	складнев
surname	склифосовский
surname	скляр
surname	скляров
surname	скобцев
surname	сковорода
surname	скоков
surname	скоморохов
surname	скороходов
surname	скорочкин
surname	скотаренко
surname	скотинин
surname	скотников
surname	скотт
surname	скотти
surname	скрипицын
surname	скрозников
surname	скрынников
surname	скрябин
surname	скум
surname	скупов
surname	скуратов
surname	скуратовский
surname	скурихин
surname	славуцкий
surname	сладков
surname	сладковский
surname	сластенков
surname	слепнёв
surname	слесарев
surname	сливко
surname	словиковский
surname	слуцкий
surname	случ
surname	смалиус
surname	смердяков
surname	смертин
surname	сметанкин
surname	смирнов
surname	смирнягин
surname	смит
surname	смоктуновский
surname	смолин
surname	смолосидов
surname	смоляков
surname	смоляр
surname	смотряев
surname	смуров
surname	смышляев
surname	снегур
surname	снежков
surname	сноу
surname	собакин
surname	соболев
surname	соболевский
surname	собочиньский
surname	собчак
surname	собянин
surname	сойфер
surname	сокирко
surname	соколов
surname	сокологорская
surname	сокольников
surname	сокольский
surname	сокуров
surname	солдатенко
surname	солдаткин
surname	солдатов
surname	солженицын
surname	солнцев
surname	солобоев
surname	соловейчик
surname	соловов
surname	соловьёв
surname	сологдин
surname	соломатин
surname	солоухин
surname	солошенко
surname	солтаганов
surname	солунский
surname	солуянов
surname	сонин
surname	сонцев
surname	соровский
surname	сорокин
surname	сорос
surname	сосенский
surname	сосков
surname	сосковец
surname	сохач
surname	сохов
surname	сочилин
surname	сошенко
surname	сошкин
surname	спасо-кукоцкий
surname	спасский
surname	сперанский
surname	спиваков
surname	спилберг
surname	спиноза
surname	спиридонов
surname	спирин
surname	спицын
surname	срутник
surname	ставский
surname	сталин
surname	станиславский
surname	станкевич
surname	станков
surname	стариков
surname	старицкий
surname	старков
surname	староверов
surname	старовойтов
surname	стародубов
surname	стародубский
surname	стародубцев
surname	стародум
surname	старостин
surname	старцев
surname	старыгин
surname	старынин
surname	стасевич
surname	стаханов
surname	сташенок
surname	стебельков
surname	стельмах
surname	стенин
surname	степаненко
surname	степанков
surname	степанов
surname	степанченко
surname	степашин
surname	стерлигов
surname	стерхов
surname	стефано
surname	стецовский
surname	стечкин
surname	стивенсон
surname	стирлинг
surname	стогов
surname	стойников
surname	стокс
surname	столетов
surname	столешников
surname	столыпин
surname	столяров
surname	стравинский
surname	страдивари
surname	стратийчук
surname	стратилат
surname	страхов
surname	страшко
surname	страшков
surname	страшун
surname	стрельников
surname	стрепетов
surname	стреповиков
surname	стржельчик
surname	стригин
surname	строганов
surname	строев
surname	струве
surname	струганов
surname	стругацкий
surname	стручков
surname	студеникин
surname	студенников
surname	ступишин
surname	ступников
surname	стуров
surname	стюарт
surname	стёпин
surname	суарес
surname	суворов
surname	судаков
surname	сударенков
surname	сударин
surname	судейкин
surname	суетенков
surname	сузаков
surname	сукачёв
surname	суконцев
surname	сулакшин
surname	сулейменов
surname	султанов
surname	сумароков
surname	сумин
surname	сумнагин
surname	сундуков
surname	супрун
surname	сурганов
surname	сургеев
surname	суренков
surname	суриков
surname	сурков
surname	суровцев
surname	сусанин
surname	суслаков
surname	суслов
surname	сутягин
surname	суханов
surname	сухарев
surname	сухин
surname	сухов
surname	сухово-кобылин
surname	сухой
surname	сухолапый
surname	сухомлин
surname	сухоруков
surname	сухотин
surname	сыпачев
surname	сырокомля
surname	сысоев
surname	сычёв
surname	сюткин
surname	сёмин
surname	табаков
surname	табеев
surname	табидзе
surname	таболин
surname	тагалеков
surname	такоев
surname	талалакин
surname	таланов
surname	талызин
surname	тамм
surname	танакис
surname	тангейзер
surname	танеев
surname	тараненко
surname	тарантино
surname	таранцов
surname	тарасевич
surname	тарасенко
surname	тарасов
surname	тарасюк
surname	тарачев
surname	таривердиев
surname	тарковский
surname	тарпищев
surname	тархов
surname	таршин
surname	тасеев
surname	татаринцев
surname	татарчук
surname	татишвили
surname	тахтаджян
surname	твардовский
surname	твен
surname	тейлор
surname	тексер
surname	телегин
surname	телин
surname	тельман
surname	телятников
surname	темелин
surname	темиржанов
surname	темирканов
surname	темников
surname	тен
surname	тендитников
surname	тенишев
surname	теплов
surname	тер-петросян
surname	терентьев
surname	терехов
surname	терешков
surname	терещенко
surname	терновский
surname	терпигов
surname	терпигорев
surname	теслинов
surname	тетельмин
surname	тетерин
surname	теткин
surname	тешилов
surname	тизяков
surname	тимербаев
surname	тимирязев
surname	тимофеев
surname	тимохин
surname	тимошенко
surname	тимошкин
surname	тимурзиев
surname	тимченко
surname	титаренко
surname	титенко
surname	титкин
surname	тито
surname	титов
surname	тиходеев
surname	тихомиров
surname	тихонов
surname	тихонцев
surname	тициан
surname	тишков
surname	тишковский
surname	тищенко
surname	ткаченко
surname	ткачук
surname	ткачёв
surname	тоббин
surname	товстоногов
surname	токарев
surname	токмаков
surname	толбоев
surname	толбухин
surname	толкачёв
surname	толкиен
surname	толмачёв
surname	толоконникова
surname	толоконцев
surname	толстенев
surname	толстиков
surname	толстов
surname	толстой
surname	толстошеин
surname	томашевский
surname	томпсон
surname	томс
surname	томсон
surname	томчин
surname	топалов
surname	топорков
surname	топорнин
surname	топоров
surname	торкунов
surname	торлопов
surname	тотиев
surname	тощеев
surname	травкин
surname	травов
surname	траволта
surname	трамп
surname	траспов
surname	трахов
surname	требков
surname	тредьяковский
surname	третьяков
surname	третяк
surname	трефолев
surname	триер
surname	трифонов
surname	троицкий
surname	тропин
surname	трофименко
surname	трофимов
surname	трофимофф
surname	троцкий
surname	трошев
surname	трошин
surname	трошников
surname	труайя
surname	трубецкой
surname	трубников
surname	трубчевский
surname	трунов
surname	трусов
surname	трухин
surname	трушин
surname	трушкин
surname	трушников
surname	трюффо
surname	тряпкин
surname	туганбаев
surname	туголуков
surname	туинов
surname	тукай
surname	тулеев
surname	туманов
surname	тумаш
surname	туполев
surname	тупоногов
surname	турбанов
surname	турбин
surname	турганов
surname	тургенев
surname	туров
surname	турусин
surname	турчин
surname	туск
surname	тутаев
surname	тутолмин
surname	тухачевский
surname	тучков
surname	тыклин
surname	тьюринг
surname	тэтчер
surname	тюкин
surname	тюменцев
surname	тюнеев
surname	тюрденев
surname	тюрин
surname	тюрюканов
surname	тютчев
surname	тягачёв
surname	тягунов
surname	тяжлов
surname	тёркин
surname	уайт
surname	убожко
surname	уваров
surname	удальцов
surname	узбеков
surname	уилсон
surname	уинслет
surname	уинфри
surname	уланов
surname	ульбашев
surname	ульянов
surname	умалатов
surname	умаров
surname	уотерс
surname	уотсон
surname	упадышев
surname	уражцев
surname	уринсон
surname	урнов
surname	урысон
surname	усачёв
surname	усков
surname	усманов
surname	усов
surname	успенский
surname	усс
surname	устинов
surname	устонов
surname	устюгов
surname	уткин
surname	уфимцев
surname	ухолов
surname	ухтомский
surname	ушаков
surname	уэббер
surname	уэллс
surname	уэлш
surname	фаддеев
surname	фадеев
surname	файнберг
surname	файнгарт
surname	фалалеев
surname	фальк
surname	фамиев
surname	фандоринский
surname	фарадей
surname	фаренгейт
surname	фархутдинов
surname	фассбиндер
surname	фатеев
surname	фатов
surname	фатуев
surname	фауст
surname	феденко
surname	федирко
surname	федков
surname	федоренцев
surname	федорков
surname	федоровский
surname	федорченко
surname	федорчук
surname	федосеев
surname	федосов
surname	федотенков
surname	федотов
surname	федулов
surname	федченко
surname	федяев
surname	фейгин
surname	фейербах
surname	фейхтвангер
surname	феклисов
surname	феллини
surname	фельдбарг
surname	фельдштейн
surname	фендриков
surname	феоктистов
surname	феофанов
surname	фергюсон
surname	ферма
surname	фернберг
surname	фет
surname	фетисов
surname	феттель
surname	фетюков
surname	фигнер
surname	фидлер
surname	филаретов
surname	филатов
surname	филимонов
surname	филипенко
surname	филиппов
surname	филипповский
surname	филипченко
surname	фильшин
surname	филёв
surname	финько
surname	фисенко
surname	фицджеральд
surname	фишер
surname	фламбе
surname	флейшман
surname	флобер
surname	флёров
surname	фокин
surname	фолкнер
surname	фоменко
surname	фомин
surname	фоминский
surname	фомичёв
surname	фонарев
surname	фонарин
surname	фонвизин
surname	форсберг
surname	форстер
surname	фортов
surname	фосс
surname	фрадкис
surname	фрадков
surname	фрам
surname	франклин
surname	франко
surname	францев
surname	фрейд
surname	фрейдкин
surname	фрейндлих
surname	френель
surname	фрессер
surname	фридман
surname	фридмен
surname	фризоргер
surname	фроленко
surname	фролов
surname	фрунзе
surname	фузеев
surname	фуко
surname	фуркасовский
surname	фурманов
surname	фурсенко
surname	фурцев
surname	фурье
surname	фёдоров
surname	фёст
surname	хаванский
surname	хавкин
surname	хаген
surname	хаджиев
surname	хаджиков
surname	хазанкин
surname	хазанов
surname	хайдаров
surname	хайдеггер
surname	хайруллин
surname	хайям
surname	хакамада
surname	хаксли
surname	халабала
surname	халевинский
surname	халиков
surname	халимов
surname	халтурин
surname	хамаев
surname	хамза
surname	хамитов
surname	хандруев
surname	ханеке
surname	хант
surname	хань
surname	хараев
surname	харитоненков
surname	харитонов
surname	хармс
surname	харрис
surname	харрисон
surname	харчев
surname	харчевский
surname	харченко
surname	харчиков
surname	хасбулатов
surname	хасимото
surname	хаснулин
surname	хахалин
surname	хачатуров
surname	хачатурян
surname	хачукаев
surname	хашимов
surname	хвойнинский
surname	хворостовский
surname	хегеманн
surname	хейердал
surname	хейс
surname	хейфец
surname	хемингуэй
surname	хемский
surname	хепбёрн
surname	хетагуров
surname	хиддинк
surname	хижа
surname	хижняков
surname	хикматов
surname	хикмет
surname	хитнер
surname	хитров
surname	хитроу
surname	хитрук
surname	хичкок
surname	хлебников
surname	хлопин
surname	хлопонин
surname	хлудов
surname	хлызов
surname	хлыстов
surname	хлыстун
surname	хлыстунов
surname	хмельницкий
surname	хованский
surname	ходаковский
surname	ходалин
surname	ходарев
surname	ходасевич
surname	ходорковский
surname	ходырев
surname	хокинг
surname	холдейн
surname	холидей
surname	холмов
surname	холмогоров
surname	холмс
surname	холмский
surname	холодов
surname	хольцман
surname	хоманов
surname	хомарчук
surname	хоменков
surname	хомутовский
surname	хомчик
surname	хомяков
surname	хонженков
surname	хоробров
surname	хорошилов
surname	хоточкин
surname	хотынецкий
surname	хоукинг
surname	хоффман
surname	хохлов
surname	хохряков
surname	хошев
surname	храмов
surname	храпко
surname	храпылин
surname	хренников
surname	хрипушин
surname	христенко
surname	хромушин
surname	хруничев
surname	хрусталёв
surname	хрущёв
surname	хубиев
surname	хугенбанд
surname	худяев
surname	худяков
surname	хулхачиев
surname	хунин
surname	хуснутдинов
surname	хутанов
surname	хуциев
surname	хьюз
surname	хэмилтон
surname	хёрли
surname	цагараев
surname	цаголов
surname	цадаса
surname	цапин
surname	царапкин
surname	царегородцев
surname	царицын
surname	цатуров
surname	цвейг
surname	цветаев
surname	цветков
surname	цвиллинг
surname	цейтлин
surname	цейцлер
surname	целии
surname	целиков
surname	целинский
surname	цеткин
surname	цзэдун
surname	цивилёв
surname	цивинский
surname	цидулько
surname	цику
surname	цимерман
surname	циммер
surname	цин
surname	цингер
surname	циолковский
surname	ципко
surname	цой
surname	цубаренко
surname	цукерберг
surname	цыганенко
surname	цыганков
surname	цыганов
surname	цымалин
surname	цыпин
surname	цыплаков
surname	цыпляев
surname	цыренжапов
surname	цыфиркин
surname	цыценко
surname	цэдашиев
surname	цюблин
surname	цюрупа
surname	чаадаев
surname	чавес
surname	чагин
surname	чайка
surname	чайковский
surname	чалый
surname	чамов
surname	чандаков
surname	чапаев
surname	чапек
surname	чаплин
surname	чаплыгин
surname	чаптынов
surname	чацкий
surname	чашкин
surname	чащин
surname	чеботаревский
surname	чеботарёв
surname	чебурашкин
surname	чебышёв
surname	чекалин
surname	чекановский
surname	чекашкин
surname	чекваснин
surname	чекмазов
surname	чекмезов
surname	челентано
surname	челышев
surname	челюскин
surname	чемберлен
surname	чемодаков
surname	чемоданов
surname	ченцов
surname	чепанов
surname	чепасов
surname	чепик
surname	чепурнов
surname	чепурной
surname	чепурных
surname	чепыжин
surname	червоткин
surname	чередниченко
surname	черезов
surname	черемисин
surname	черемисинов
surname	черепанов
surname	черепненко
surname	черепов
surname	черешкин
surname	черкасов
surname	черкашин
surname	черкесов
surname	черкизов
surname	чернавин
surname	черненко
surname	чернецкий
surname	чернецов
surname	черников
surname	черниченко
surname	черничко
surname	чернобровкин
surname	чернов
surname	черновецкий
surname	черногоров
surname	черноиванов
surname	черномырдин
surname	черноудов
surname	черноусов
surname	черноярский
surname	чернский
surname	черных
surname	чернышевский
surname	чернышов
surname	чернышёв
surname	черняев
surname	черпухин
surname	черский
surname	чертков
surname	черторицкий
surname	черчилль
surname	черышев
surname	черёмушкин
surname	чесноков
surname	честертон
surname	честнов
surname	четвериков
surname	четин
surname	чеханков
surname	чехардин
surname	чехов
surname	чехоев
surname	чешенко
surname	чешинский
surname	чибисов
surname	чибураев
surname	чижевский
surname	чижиков
surname	чижов
surname	чикваидзе
surname	чикин
surname	чикирев
surname	чикконе
surname	чилингаров
surname	чинечетти
surname	чириков
surname	чиркин
surname	чистоклетов
surname	чистоходов
surname	чистяков
surname	чиханов
surname	чичагов
surname	чичелов
surname	чичибабин
surname	чичиватов
surname	чичиков
surname	чичканов
surname	чмыхов
surname	чонкин
surname	чотчаев
surname	чуанг
surname	чуб
surname	чубайс
surname	чубарьян
surname	чубков
surname	чувилов
surname	чугунов
surname	чудаков
surname	чудновский
surname	чудовский
surname	чуйков
surname	чуйский
surname	чуканов
surname	чукашев
surname	чуковский
surname	чукоткин
surname	чулышман
surname	чумаков
surname	чумалов
surname	чундаков
surname	чуньков
surname	чуняк
surname	чуприн
surname	чупров
surname	чураков
surname	чурбанов
surname	чурилин
surname	чурилов
surname	чуркин
surname	чухин
surname	чхеидзе
surname	шабалин
surname	шабанников
surname	шабанов
surname	шабдурасулов
surname	шаблинский
surname	шабунин
surname	шабурников
surname	шагал
surname	шагинян
surname	шагров
surname	шадриков
surname	шаинский
surname	шаймиев
surname	шалаев
surname	шаламов
surname	шалатонов
surname	шалютин
surname	шаляпин
surname	шаманов
surname	шамов
surname	шамраев
surname	шамров
surname	шамузафаров
surname	шамшуров
surname	шангареев
surname	шандыбин
surname	шанцев
surname	шапалин
surname	шапаренко
surname	шапиро
surname	шапкин
surname	шаповаленко
surname	шаповалов
surname	шаповальянц
surname	шапошников
surname	шарапов
surname	шарецкий
surname	шарипов
surname	шаров
surname	шарогородский
surname	шарон
surname	шаронов
surname	шаршаков
surname	шарье
surname	шаталин
surname	шаталов
surname	шатохин
surname	шатунов
surname	шатыренко
surname	шаумян
surname	шафраник
surname	шахарский
surname	шахворостов
surname	шахин
surname	шахновский
surname	шахов
surname	шаховской
surname	шашкин
surname	шашурин
surname	швабе
surname	шварц
surname	шварценеггер
surname	шварцман
surname	швейцер
surname	швец
surname	швецов
surname	шебалинский
surname	шеварднадзе
surname	шевелев
surname	шевелуха
surname	шевлягин
surname	шевченко
surname	шевчук
surname	шевяков
surname	шеин
surname	шейдлин
surname	шейнин
surname	шейнцис
surname	шейфер
surname	шекспир
surname	шелаев
surname	шелехов
surname	шелищ
surname	шелковников
surname	шелов
surname	шемякин
surname	шенгелая
surname	шендерович
surname	шенкарев
surname	шергин
surname	шереметьев
surname	шерипов
surname	шершов
surname	шестаков
surname	шестаковский
surname	шестов
surname	шибаев
surname	шибельбейн
surname	шигонский
surname	шикалов
surname	шикин
surname	шилин
surname	шилкин
surname	шиллер
surname	шилобреев
surname	шилов
surname	шиманский
surname	шимкевич
surname	шимский
surname	шиндеров
surname	шипов
surname	шипоглаз
surname	шипуновский
surname	ширак
surname	ширвиндов
surname	ширвиндт
surname	ширейко
surname	ширнин
surname	широбоков
surname	широкинский
surname	широков
surname	ширшов
surname	ширяев
surname	шифрин
surname	шихин
surname	шихов
surname	шичанин
surname	шишаков
surname	шишкин
surname	шишко
surname	шишлин
surname	шишлов
surname	шишлянников
surname	шкадюк
surname	шканакин
surname	шкаповский
surname	шкирко
surname	шкирятов
surname	шкловский
surname	школьников
surname	шкруднев
surname	шкуро
surname	шкурук
surname	шлегель
surname	шлиппенбах
surname	шлямин
surname	шляпин
surname	шляпников
surname	шляхтин
surname	шмаков
surname	шманевский
surname	шматов
surname	шмелёв
surname	шмидт
surname	шнайдер
surname	шнайдт
surname	шнейдер
surname	шнитке
surname	шойгу
surname	шойхет
surname	шолом-алейхем
surname	шолохов
surname	шопен
surname	шопхоев
surname	шорин
surname	шорников
surname	шостакович
surname	шостаковский
surname	шохин
surname	шпагин
surname	шпаковский
surname	шпенглер
surname	шперлинг
surname	шпилько
surname	шрёдингер
surname	штальбе
surname	штальганг
surname	штеддинг
surname	штейн
surname	штеменко
surname	штерн
surname	штеттер
surname	штирлец
surname	штирлиц
surname	штогрин
surname	штокман
surname	штраус
surname	штрум
surname	штуббе
surname	штыгашев
surname	шуберт
surname	шубин
surname	шувалов
surname	шугуров
surname	шуйков
surname	шуйский
surname	шуклин
surname	шукшин
surname	шулейкин
surname	шулепа
surname	шулепников
surname	шульгин
surname	шульженко
surname	шульман
surname	шульц
surname	шулятьев
surname	шумаев
surname	шумаков
surname	шуман
surname	шумахер
surname	шумейко
surname	шумилин
surname	шумилов
surname	шумковой
surname	шумячский
surname	шурмакин
surname	шурчанов
surname	шурчков
surname	шустерман
surname	шутеев
surname	шухаев
surname	шухов
surname	шушарин
surname	шушкевич
surname	щабдурасулов
surname	щагов
surname	щадов
surname	щапков
surname	щапов
surname	щегорцев
surname	щегорцов
surname	щедрин
surname	щекочихин
surname	щепетков
surname	щерба
surname	щербак
surname	щербаков
surname	щербачёв
surname	щетинин
surname	щорс
surname	щукин
surname	щусев
surname	щёлоков
surname	эбзеев
surname	эдинов
surname	эдисон
surname	эйзенштейн
surname	эйлер
surname	эйнштейн
surname	эйсфельд
surname	эйхман
surname	эккарт
surname	эко
surname	эллингтон
surname	элстин
surname	эль-барадей
surname	эльконин
surname	элькснин
surname	эльфрид
surname	эльчин
surname	энгельс
surname	эндаков
surname	эндюков
surname	эпштейн
surname	эрдоган
surname	эренбург
surname	эрисман
surname	эсамбаев
surname	эстерлейн
surname	этуш
surname	эфроимсон
surname	югин
surname	югов
surname	юденич
surname	юдин
surname	юдушкин
surname	южаков
surname	южский
surname	юкин
surname	юков
surname	юматов
surname	юмашев
surname	юминов
surname	юнг
surname	юрин
surname	юрков
surname	юров
surname	юровой
surname	юрцев
surname	юрченко
surname	юрьев
surname	юсупов
surname	юсуфов
surname	юхновский
surname	юшенков
surname	ющенко
surname	яблоков
surname	яблочкин
surname	явлинский
surname	ягодин
surname	ягодкин
surname	ягудин
surname	ядловский
surname	язев
surname	язов
surname	яиров
surname	якимов
surname	якобсон
surname	яковенко
surname	яковкин
surname	яковлев
surname	яконов
surname	якунин
surname	якунов
surname	якушев
surname	якушкин
surname	яламов
surname	ялуторовский
surname	ямпольский
surname	янаев
surname	январёв
surname	янг
surname	янжвецкий
surname	янковский
surname	янсонс
surname	янукович
surname	ярагин
surname	яременко
surname	ярилен
surname	ярлыченко
surname	ярмагаев
surname	ярмольник
surname	яров
surname	яровой
surname	ярославцев
surname	ярошенко
surname	ярошинский
surname	ярунин
surname	ярцев
surname	ярыгин
surname	ясин
surname	яснев
surname	ясников
surname	ясперсон
surname	ястржембский
surname	ятманов
surname	яцкевич
surname	ячменёв
surname	яшин
surname	яшкин
surname	яшкинский
surname	ященко
surname	ящук
surname	ёлкин
